空天姬预设,5.1274.1274.20250913
说明,感谢 @Sectumsempra @Pa-paya! @Latihas 等对预设补完的贡献\r\n空天姬将在国服7.3更新后移植到Dalamud\r\n请随时关注GitHub仓库README
赞助,- 公告 / Notice -\r\n空天姬将在国服7.3更新后移植到Dalamud\r\n请随时关注GitHub仓库README\r\n- 感谢赞助 / Sponsor -\r\n\✦/爱发电用户_f3513\✦/  ✦HAL9000✦  ✦克缇✦  ✦极夜✦  ✦渐隐鱼✦  ✦konopa✦  ✦Cheers✦  ✦FlurryMouse✦  ✦Mamimi✦  ✦Tosca✦  ✦爱发电用户_45a54✦  ✦卡璞·仙仙✦  ✦王富贵✦  ✦米娅✦  ✦小口袋里の童话✦  ✧AIice9✧  ✧algae?✧  ✧ButterBall✧  ✧KARMA✧  ✧爱发电用户_jMDF✧  ✧高科触の王✧  ✧烤鱼✧  ✧逆光✧  ✧小胖次✧  ✧爱发电用户_7c477✧  ✧爱发电用户_5dca3✧  AKUIII  GT  Tachanka  Xc.  爱发电用户_43cc7  爱发电用户_4feae  爱发电用户_gqcB  嗣灵  爱发电用户_517f0  Karas1014  爱发电用户_bc7ed  Apricots  BAI  GGWP  Inn0cent  modely  Muuuuri  ZiJIN  阿假鸭  爱发电用户_46bb6  爱发电用户_593e8  爱发电用户_6a6a6  爱发电用户_9dSD  爱发电用户_9e416  爱发电用户_bfa3  爱发电用户_btFE  爱发电用户_c76cd  爱发电用户_ded89  爱发电用户_H6Af  爱发电用户_SuXJ  爱发电用户_UX8T  白鬼院  被涂黑的枫叶  九纳森九斯达  良月拾贰丶  慕聿  你知道刀削面吗  水水晶\r\n\r\n- 特别鸣谢 / SPECIAL THANKS -\r\nMnFeN  Nyy  FraGilE\r\n欧尼棒棒\r\n\r\n除爱发电外的赞助可能未被统计\r\n如有疏漏敬请谅解\r\n感谢所有用户对空天姬的支持！\r\n\r\n    - 2025年09月13日 -\r\n  - by BlackCleaverLoli -
杂项,1//预设分级：非预设
全提,平钓（万能拟饵）全部//预设分级：最优化
耐心全提,耐心（万能拟饵）全部》全部》全部》全部//预设分级：最优化
攒鱼计,平钓（万能拟饵）全部=攒鱼计//预设分级：最优化
练级,耐心（万能拟饵）全部=收藏//预设分级：最优化
近东虾,平钓（青花鱼块）拍16~！【占位】22~！双重=专一【近东虾】//预设分级：最优化
星尘虾,平钓（深红沙蚕）！=引诱、不撒饵=专一【星尘虾】//星尘虾//预设分级：最优化
云旗鱼,平钓（仙人刺拟饵）~23！！=不撒饵、多提=专一【云旗鱼】=双提//素材鱼//预设分级：合格的
巧儿海陆行鸟,耐心（沙蚕）！》！！》23~！！！0802-1600=巧儿海陆行鸟//预设分级：有效的
魔法水桶,平钓 （残暴水蛭）拍【妖祸克拉肯】！！！=【魔法水桶】钓组//预设分级：最优化
桶眼鱼,耐心（天钢之球）！》16~25.5！！（打雷）=收藏品//预设分级：有效的
灵岩之剑,耐心 （万能拟饵）（！）6.5+12~10.7+20.6！！》8.5~！！=收藏品、不撒饵=专一【灵岩之剑】//¤{storage:MissFisherGetTranslationByIndex( 预设备注效率4600h , 0${pd:空天姬配置[界面语言]} )}//预设分级：有效的
斑斓菊石螺,耐心（金属亮片）！》！！！1202-1600（碧空）=【斑斓菊石螺】引诱//预设分级：合格的
月面死亡蠕虫,耐心 （奇美拉蠕虫）！【紫鱼】》！！！（晴朗）=收藏品、引诱、不撒饵//预设分级：最优化
克雷拉鲤,大鱼（嘭嘭拟饵）拍【蛇头鳢】！！=收藏、鱼影、不撒饵//预设分级：合格的
佐戈秃鹰,大鱼 （蜻蜓）拍【佐戈蝎、瀑布徨灵】20~！！=收藏品、鱼影、不撒饵//¤{storage:MissFisherGetTranslationByIndex( 预设备注效率4500h , 0${pd:空天姬配置[界面语言]} )}//预设分级：最优化
佐戈秃鹰万能拟饵,大鱼 （万能拟饵）拍【佐戈蝎、瀑布徨灵】22~！！=收藏品、鱼影、不撒饵//¤{storage:MissFisherGetTranslationByIndex( 预设备注效率高于仙人刺 , 0${pd:空天姬配置[界面语言]} )}//预设分级：合格的
佐戈秃鹰仙人刺拟饵,大鱼 （仙人刺拟饵）拍【佐戈蝎、瀑布徨灵】22~！！=收藏品、鱼影、不撒饵//¤{storage:MissFisherGetTranslationByIndex( 预设备注效率不如万能拟饵 , 0${pd:空天姬配置[界面语言]} )}//预设分级：合格的
云蜂,大鱼 （蜻蜓）拍！【佐戈之核】16~！=收藏品、鱼影、不撒饵//预设分级：最优化
铲鼻鲶,大鱼 （嘭嘭拟饵）拍【圆点刺魟】13~！！=收藏品、知识、引诱、不撒饵//预设分级：合格的
角蛙,耐心（黄金幼虫）！》12~！！0002-0200=收藏品、不撒饵//预设分级：合格的
天钢钓竿,6//预设分级：非预设
智慧珊瑚,平钓（天钢之球）~14！=40【智慧珊瑚】；不撒饵、重随=专一【智慧珊瑚】=三重//预设分级：有效的
龙骨贝,平钓（天钢之球）拍【魔角蜗牛】！=60【龙骨贝】；不撒饵=专一【龙骨贝】=三重//预设分级：有效的
梅花贝,平钓（天钢之球）~17.1！三重=60【梅花贝】；不撒饵、引诱=专一【梅花贝】//预设分级：有效的
亚拉戈猎手,平钓（天钢之球）拍！！【黑鞭】8.7~！！=70【亚拉戈猎手】；不撒饵=专一【亚拉戈猎手】=三重//预设分级：有效的
点火鱼,耐心（天钢之球）14~！！=60【点火鱼】；收藏、不撒饵、引诱、知识//¤{storage:MissFisherGetTranslationByIndex( 预设备注不定收藏价值 , 0${pd:空天姬配置[界面语言]} )}//预设分级：有效的
褪色球球,耐心（天钢之球）拍【水剑鱼】9.5~！=60【褪色球球】；收藏、不撒饵、引诱、知识//¤{storage:MissFisherGetTranslationByIndex( 预设备注不定收藏价值 , 0${pd:空天姬配置[界面语言]} )}//预设分级：有效的
莫雯钓竿,12//预设分级：非预设
白金海马,耐心（卓越丸子）~7.5！=30【白金海马】；收藏、不撒饵=专一【白金海马】//预设分级：有效的
击木灯塔守卫,大鱼（卓越丸子）！！=30【击木灯塔守卫】；引诱、收藏、不撒饵//预设分级：有效的
镜中影,耐心（卓越丸子）拍【？镜中影】~7.5！=40【镜中影】；收藏、不撒饵=专一【镜中影】//预设分级：有效的
亮片巨骨舌鱼,大鱼（卓越丸子）！！=40【亮片巨骨舌鱼】；引诱、收藏、不撒饵=专一【亮片巨骨舌鱼】//预设分级：有效的
黄遁鱼,耐心（卓越丸子）~7.5！=39【黄遁鱼】；收藏、不撒饵=专一【黄遁鱼】//¤{storage:MissFisherGetTranslationByIndex( 预设备注原地精选可能暴击否则请多钓一条 , 0${pd:空天姬配置[界面语言]} )}//预设分级：有效的
得到宽恕的忧郁,耐心（卓越丸子）！！=39【得到宽恕的忧郁】；引诱、收藏、不撒饵=专一【得到宽恕的忧郁】//¤{storage:MissFisherGetTranslationByIndex( 预设备注原地精选可能暴击否则请多钓一条 , 0${pd:空天姬配置[界面语言]} )}//预设分级：有效的
油膜鱼,耐心（卓越丸子）~7.5！=39【油膜鱼】；收藏、不撒饵=专一【油膜鱼】//¤{storage:MissFisherGetTranslationByIndex( 预设备注原地精选可能暴击否则请多钓一条 , 0${pd:空天姬配置[界面语言]} )}//预设分级：有效的
贡萨洛蛞蝓,耐心（卓越丸子）8~14！=39【贡萨洛蛞蝓】；重随、收藏、不撒饵=专一【贡萨洛蛞蝓】//¤{storage:MissFisherGetTranslationByIndex( 预设备注原地精选可能暴击否则请多钓一条 , 0${pd:空天姬配置[界面语言]} )}//预设分级：有效的
黑木块,耐心（卓越丸子）拍~5.5！【占位】~8.5！！》！！=25【黑木块】；29【隆卡金块】；重随、收藏、不撒饵=专一【黑木块】//¤{storage:MissFisherGetTranslationByIndex( 预设备注原地精选可能暴击请自行检查材料数量 , 0${pd:空天姬配置[界面语言]} )}//预设分级：有效的
隆卡金块,耐心（卓越丸子）拍~5.5！【占位】~8.5！！》！！=25【黑木块】；29【隆卡金块】；重随、收藏、不撒饵=专一【黑木块】//¤{storage:MissFisherGetTranslationByIndex( 预设备注原地精选可能暴击请自行检查材料数量 , 0${pd:空天姬配置[界面语言]} )}//预设分级：有效的
丰饶虹鳉,耐心（卓越丸子）~7.5！+！！=55【丰饶虹鳉】；14【圣法斯里克的石头脑袋】；收藏、不撒饵=专一【丰饶虹鳉】//¤{storage:MissFisherGetTranslationByIndex( 预设备注原地精选可能暴击请自行检查材料数量 , 0${pd:空天姬配置[界面语言]} )}//预设分级：有效的
圣法斯里克的石头脑袋,耐心（卓越丸子）~7.5！+！！=55【丰饶虹鳉】；14【圣法斯里克的石头脑袋】；收藏、不撒饵=专一【丰饶虹鳉】//¤{storage:MissFisherGetTranslationByIndex( 预设备注原地精选可能暴击请自行检查材料数量 , 0${pd:空天姬配置[界面语言]} )}//预设分级：有效的
空岛预设,1//预设分级：非预设
第四期重建用的特供蓝色风暴,耐心（云冠大蚊）~10.5！》！！！=不撒饵、引诱//预设分级：合格的
第四期重建用的特供巨脉蜻蜓,耐心（云冠大蚊）~10.5！》！！！（灵飞电）=不撒饵、引诱//¤{storage:MissFisherGetTranslationByIndex( 预设备注如果在天气前启动可能会导致开耐心攒鱼计XD , 0${pd:空天姬配置[界面语言]} )}//预设分级：合格的
第四期重建用的特供雕塑家,平钓（云冠大蚊）10.5~！+！！！=不撒饵》鱼识 平钓（云冠气球虫）拍~14.5！！【第四期重建用的不死鱼】（！！！）19~！！三提=不撒饵》拍水后 平钓（云冠气球虫）（！！！）19~！！三提=引诱、不撒饵、回收//¤{storage:MissFisherGetTranslationByIndex( 预设备注三提七条所需获得力3450 , 0${pd:空天姬配置[界面语言]} )}//预设分级：有效的
第四期重建用的特供红波太郎,平钓（云冠大蚊）拍~14！！【第四期重建用的不死鱼】！！！（灵烈火）=不撒饵、引诱》拍水后 平钓！！！（灵烈火）=引诱//¤{storage:MissFisherGetTranslationByIndex( 预设备注如果在天气前启动可能会导致开耐心攒鱼计XD , 0${pd:空天姬配置[界面语言]} )}//预设分级：有效的
鱼眼预设,1//预设分级：非预设
鱼眼斑斓菊石螺,耐心（金属亮片）！《【古代虾】（碧空）=3【古代虾】；不撒饵 》阶段 耐心（金属亮片）！》！！！1202-1600（碧空）=【斑斓菊石螺】引诱、鱼眼《//¤{storage:MissFisherGetTranslationByIndex( 预设备注请在符合天气条件时启动 , 0${pd:空天姬配置[界面语言]} )}//预设分级：合格的
鱼眼雷神光,平钓（花蝇）拍！【硬毛蟹】！！！精准1802-2300=【雷神光】引诱、鱼眼//¤{storage:MissFisherGetTranslationByIndex( 预设备注请在符合天气条件时启动 , 0${pd:空天姬配置[界面语言]} )}//预设分级：合格的
鱼眼金色皮皮拉鱼,平钓（盗蟹丸）拍！【黄色皮皮拉鱼】~8+13.5！！！0602-0700=【金色皮皮拉鱼】引诱、鱼眼//¤{storage:MissFisherGetTranslationByIndex( 预设备注请在符合天气条件时启动 , 0${pd:空天姬配置[界面语言]} )}//预设分级：合格的
鱼眼圣鳟贞德,平钓（乌鸦拟饵）拍！！【暖水鳟】！！！0402-0600=【圣鳟贞德】鱼眼//¤{storage:MissFisherGetTranslationByIndex( 预设备注请在符合天气条件时启动 , 0${pd:空天姬配置[界面语言]} )}//预设分级：合格的
鱼眼浓盐鲀,平钓（蜜虫）拍~9+16.5！【斑点鲀】12+22~！1702-2000=【浓盐鲀】鱼眼、引诱//¤{storage:MissFisherGetTranslationByIndex( 预设备注请在符合天气条件时启动 , 0${pd:空天姬配置[界面语言]} )}//预设分级：合格的
鱼眼鱼大叔,平钓（花蝇）拍！【绿灯球藻】！！！1702-1830=【鱼大叔】鱼眼//¤{storage:MissFisherGetTranslationByIndex( 预设备注请在符合天气条件时启动 , 0${pd:空天姬配置[界面语言]} )}//预设分级：合格的
鱼眼断指龙虾,平钓（极地磷虾）拍！！【海岩龙虾】！！！1732-1800=【断指龙虾】鱼眼、引诱//¤{storage:MissFisherGetTranslationByIndex( 预设备注请在符合天气条件时启动 , 0${pd:空天姬配置[界面语言]} )}//预设分级：最优化
鱼眼滑溜帝王,平钓（蝲蛄丸子）拍！【幽暗虾虎】！！！精准1902-2400=【滑溜帝王】引诱、鱼眼//¤{storage:MissFisherGetTranslationByIndex( 预设备注请在符合天气条件时启动 , 0${pd:空天姬配置[界面语言]} )}//预设分级：合格的
鱼眼公主青鳉,平钓（肥蚯蚓）拍！【黄铜鱼】！！！精准0402-0600=【公主青鳉】引诱、鱼眼//¤{storage:MissFisherGetTranslationByIndex( 预设备注请在符合天气条件时启动 , 0${pd:空天姬配置[界面语言]} )}//预设分级：合格的
鱼眼维德弗尼尔,平钓（残暴水蛭）拍！！【白丽鱼】！！！0802-1000=【维德弗尼尔】引诱、鱼眼//¤{storage:MissFisherGetTranslationByIndex( 预设备注请在符合天气条件时启动 , 0${pd:空天姬配置[界面语言]} )}//预设分级：合格的
鱼眼教皇鱼,平钓（悬浮诱饵鱼）拍！+！！【溶骨蜗牛、涅槃蟹】！！！1202-1600=【教皇鱼】引诱、鱼眼//¤{storage:MissFisherGetTranslationByIndex( 预设备注请在符合天气条件时启动 , 0${pd:空天姬配置[界面语言]} )}//预设分级：合格的
鱼眼蝴蝶夫人,耐心（土蜘蛛）~6.5+11.5！《【蝼蛄】（碧空）=3【蝼蛄】；不撒饵》阶段 耐心（土蜘蛛）~6.5+11.5！【蝼蛄】》！！！2102-0200（碧空）=【蝴蝶夫人】鱼眼《//¤{storage:MissFisherGetTranslationByIndex( 预设备注请在符合天气条件时启动 , 0${pd:空天姬配置[界面语言]} )}//预设分级：合格的
鱼眼无光层巨骨舌鱼,耐心（土蜘蛛）！《【以太之眼】（阴云）=3【以太之眼】；不撒饵 》阶段 耐心（土蜘蛛）！》！！！2102-0200（阴云）=【无光层巨骨舌鱼】鱼眼《//¤{storage:MissFisherGetTranslationByIndex( 预设备注请在符合天气条件时启动 , 0${pd:空天姬配置[界面语言]} )}//预设分级：合格的
鱼眼暮辉鱼,耐心（肥蚯蚓）！《【嘎牙子】（阴云）=3【嘎牙子】；不撒饵》阶段 耐心（肥蚯蚓）！》！！！0802-1600（阴云）=【暮辉鱼】《//¤{storage:MissFisherGetTranslationByIndex( 预设备注请在符合天气条件时启动 , 0${pd:空天姬配置[界面语言]} )}//预设分级：合格的
鱼眼卜传,平钓（嗡嗡石蝇）拍！【武士鱼】！！！精准1202-1400=【卜传】引诱、鱼眼//¤{storage:MissFisherGetTranslationByIndex( 预设备注请在符合天气条件时启动 , 0${pd:空天姬配置[界面语言]} )}//预设分级：合格的
鱼眼大蛇鳗,平钓（黄油虫）拍20~！！【黑鳗】！！！1802-1900=【大蛇鳗】引诱、鱼眼//¤{storage:MissFisherGetTranslationByIndex( 预设备注请在符合天气条件时启动 , 0${pd:空天姬配置[界面语言]} )}//预设分级：合格的
鱼眼胸脊鲨,大鱼（蚕蛹）~22！！《【岩盐咸鱼】=3【岩盐咸鱼】；不撒饵、重随》阶段 大鱼（蚕蛹）~22！！》23~！！！双重（雷雨）=重随、收藏品、鱼眼、不收集、多提《 》鱼识 耐心（蚕蛹）~22！！》！！！1602-1800=【胸脊鲨】不撒饵、重随//¤{storage:MissFisherGetTranslationByIndex( 预设备注鱼眼胸脊鲨 , 0${pd:空天姬配置[界面语言]} )}//预设分级：合格的
鱼眼奸隐鱼,平钓（短嘴诱饵鱼）拍9.5+17.5~！！【卡利班骨头鱼】！！！2202-2400（晴朗）=【奸隐鱼】鱼眼//¤{storage:MissFisherGetTranslationByIndex( 预设备注请在符合天气条件时启动 , 0${pd:空天姬配置[界面语言]} )}//预设分级：合格的
鱼皇流程依赖,1//预设分级：非预设
七彩天主计数,计数 3【蓝彩鱼】；3【橙彩鱼】；5【绿彩鱼】；//预设分级：非预设
七彩天主起手,大鱼（嗡嗡石蝇）！！》！三提0002-0800=鱼眼、多提//¤{storage:MissFisherGetTranslationByIndex( 预设备注七彩天主起手 , 0${pd:空天姬配置[界面语言]} )}//预设分级：有效的
鱼眼蓝彩鱼,大鱼（嗡嗡石蝇）！！【紫彩鱼】》！三提0002-0400=鱼眼、多提//¤{storage:MissFisherGetTranslationByIndex( 预设备注鱼眼蓝橙 , 0${pd:空天姬配置[界面语言]} )}//预设分级：有效的
鱼眼橙彩鱼,大鱼（嗡嗡石蝇）！！【红彩鱼】》！三提0402-0800=鱼眼、多提//¤{storage:MissFisherGetTranslationByIndex( 预设备注鱼眼蓝橙 , 0${pd:空天姬配置[界面语言]} )}//预设分级：有效的
七彩天主最终,平钓（嗡嗡石蝇）拍！！【黄彩鱼、青彩鱼、紫彩鱼】！0002-1600（碧空、晴朗）=鱼眼、不撒饵 》鱼识 平钓拍！！【黄彩鱼、青彩鱼、紫彩鱼】！+！！！=【七彩天主】//¤{storage:MissFisherGetTranslationByIndex( 预设备注七彩天主最终 , 0${pd:空天姬配置[界面语言]} )}//预设分级：最优化
嘎儿鱼起手,耐心（青花鱼块）6.1+10.3~！《》！！！》！！！（晴朗）=10【矛齿鲸】；引诱、套娃、不撒饵//预设分级：有效的
嘎儿鱼三提起手,大鱼 （青花鱼块）6.1+10.3~！《》！！！三提》！！！三提（晴朗）=10【矛齿鲸】；多提、引诱、不撒饵//预设分级：有效的
嘎儿鱼补钓自动最终,该预设已被优化，请使用【嘎儿鱼自动最终】//预设分级：有效的
嘎儿鱼自动最终,耐心（青花鱼块）6.1+10.3~！》！！！》！！！《【占位】（晴朗）=1【矛齿鲸】；引诱、不撒饵 》阶段 大鱼（青花鱼块）6.1+10.3~！《》！！！《》！！！1355-1600（晴朗）=引诱《 》鱼识 平钓（青花鱼块）拍~7.6+14！！【纳茹奈章鱼、萨维奈卡拉墨鱼】！！！1402-1600（晴朗）=【嘎儿鱼】引诱//¤{storage:MissFisherGetTranslationByIndex( 预设备注嘎儿鱼自动最终 , 0${pd:空天姬配置[界面语言]} )}//预设分级：有效的
嘎儿鱼补钓收藏最终,该预设已被优化，请使用【嘎儿鱼收藏最终】//预设分级：有效的
嘎儿鱼收藏最终,耐心（青花鱼块）6.1+10.3~！》！！！双提（晴朗）=不收集、收藏、多提、不撒饵、引诱 》鱼识 平钓（青花鱼块）拍~7.6+14！！【纳茹奈章鱼、萨维奈卡拉墨鱼】！！！1402-1600（晴朗）=【嘎儿鱼】引诱//¤{storage:MissFisherGetTranslationByIndex(  预设备注嘎儿鱼收藏最终, 0${pd:空天姬配置[界面语言]} )}//预设分级：有效的
嘎儿鱼短流程,大鱼 （青花鱼块）6.1+10.3~！《》！！！三提》！！！三提（晴朗）=10【矛齿鲸】；多提、引诱、不撒饵》阶段 耐心 （青花鱼块）6.1+10.3~！》！！！》！！！《【占位】（晴朗）=1【矛齿鲸】；引诱、不撒饵 》阶段 大鱼（青花鱼块）6.1+10.3~！《》！！！《》！！！1358-1600（晴朗）=引诱《 》鱼识 平钓（青花鱼块）拍~7.6+14！！【纳茹奈章鱼、萨维奈卡拉墨鱼】！！！1402-1600（晴朗）=【嘎儿鱼】引诱《//预设分级：有效的
嘎儿鱼连续窗口方案,¤{storage:MissFisherGetTranslationByIndex( 预设备注嘎儿鱼连续窗口方案 , 0${pd:空天姬配置[界面语言]} )}//预设分级：非预设
法拉伊那,大鱼（星尘）拍【三叉神海兽】~7+13！！》！！！0002-0400=【法拉伊那】收藏品、引诱、不撒饵//预设分级：最优化
星鲸长流程未受生魂,大鱼（星尘）拍【三叉神海兽】~13！！》17~！！双重=2【未受生魂】；引诱、不撒饵//¤{storage:MissFisherGetTranslationByIndex( 预设备注星鲸长流程未受生魂 , 0${pd:空天姬配置[界面语言]} )}//预设分级：最优化
星鲸长流程最终,大鱼（星尘）拍【三叉神海兽】！！《【事件穹界的回归者】=1【36519】；引诱、不撒饵 》阶段 大鱼 拍【三叉神海兽】！！《【事件穹界的回归者】2357-0800=2【36519】；引诱、不撒饵《 》鱼识 大鱼（星尘）拍【三叉神海兽】~13！！》17~！！+！！！2357-0800（磁暴）=【星鲸】引诱、不撒饵//¤{storage:MissFisherGetTranslationByIndex( 预设备注星鲸长流程最终 , 0${pd:空天姬配置[界面语言]} )}//预设分级：有效的
星鲸短流程方案,¤{storage:MissFisherGetTranslationByIndex( 预设备注星鲸短流程方案 , 0${pd:空天姬配置[界面语言]} )}//预设分级：非预设
星鲸短流程起手,耐心（星尘）拍【三叉神海兽】！！》17~！！=2【未受生魂】；3【36519】；引诱、不撒饵//¤{storage:MissFisherGetTranslationByIndex( 预设备注星鲸短流程起手 , 0${pd:空天姬配置[界面语言]} )}//预设分级：有效的
星鲸短流程最终,大鱼（星尘）拍【三叉神海兽】~7+13！！》！！！0002-0400=引诱、不撒饵 》鱼识 大鱼（星尘）拍【三叉神海兽】~7+13！！》17~！！+！！！0002-0800（磁暴）=【星鲸】引诱、不撒饵//¤{storage:MissFisherGetTranslationByIndex( 预设备注星鲸短流程最终 , 0${pd:空天姬配置[界面语言]} )}//预设分级：有效的
2.0,113//预设分级：非预设
涅普特龙,平钓（极地磷虾）拍【愿贝】9.5+17-！！（小雨、暴雨）=多提优先=专一【小撒拉奥斯】=双重》鱼识 耐心（沙蚕）！》！！+！！！》！！！》！！！（小雨、暴雨）=【涅普特龙】//预设分级：有效的
内角石,耐心（单环刺螠）！》！！！2002-0400（阴云、薄雾、微风）=【内角石】//预设分级：合格的
波太郎,平钓（火萤）拍~12+22！！【争斗琵琶鱼】！！！（雷雨、打雷）=引诱》鱼识 平钓（漂浮诱饵蛙）拍！！【南方狗鱼】！！！=【波太郎】引诱//预设分级：合格的
旋齿鲨,耐心（沙蛭）~7.5+15！！【飞沙鱼】》！！！0802-2000（热浪）=【旋齿鲨】引诱//预设分级：有效的
秀尼鱼龙,耐心（浮游虫）~7.5+14.5！！《【破云飞鱼】=4【破云飞鱼】；不撒饵、引诱》阶段 耐心（浮游虫）~7.5+14.5！！》！！！》！！！（暴雪）=【秀尼鱼龙】不撒饵、引诱《//预设分级：合格的
杀手库诺,耐心（蜜虫）~8+15.5！》！》！！！0802-1800（妖雾）=重随》鱼识 耐心（蜜虫）~8+15.5！》！+！！》！！+！！！》！！！=【杀手库诺】重随//预设分级：合格的
金鳍蝶,平钓（潮虫）拍！【海云水母】！！！精准0902-1400=【金鳍蝶】引诱//预设分级：合格的
猛犸章鱼,大鱼（潮虫）~8+12！！》！！！0902-1700=【猛犸章鱼】//预设分级：合格的
扎尔艾拉,平钓（沟鼠尾巴）拍！【藤皮海参、海云水母】！！！精准0902-1400=【扎尔艾拉】引诱//预设分级：合格的
无赖王,平钓（蛾蛹）拍！【鲢鱼、蝲蛄】！！！0902-1400=【无赖王】//预设分级：合格的
隐沙鱼,平钓（蝲蛄丸子）拍！【公主鳟】！！！=【隐沙鱼】//预设分级：合格的
巨鲨,耐心（沙蚕）拍【手指虾】！》！！！（碧空、晴朗）=【巨鲨】//预设分级：最优化
高刺鱼,平钓（下沉诱饵鱼）拍！！【拉诺西亚刺鱼】！！！0502-0800=【高刺鱼】引诱//预设分级：合格的
水晶刺鱼,平钓（黄油虫）拍！【铜鱼】！！！精准（阴云、薄雾、微风）=【水晶刺鱼】引诱//预设分级：合格的
高声鲶鱼,平钓（蛾蛹）拍！【蝲蛄】！！！=【高声鲶鱼】//预设分级：合格的
山神印,平钓（虾虎丸子）拍！！【莫拉比鲽鱼】！！！=【山神印】引诱//预设分级：合格的
希尔德拉,平钓（单环刺螠）拍！【叶海龙】！！！精准（小雨）=【希尔德拉】引诱//预设分级：合格的
银君,平钓（弓角）拍！！【莫拉比鲽鱼、虎纹鳕】！！！=【银君】引诱//预设分级：合格的
剑齿鳕,平钓（虾虎丸子）拍！！【莫拉比鲽鱼】！！！1602-2200=【剑齿鳕】引诱//预设分级：合格的
剪刀手雅克,平钓（虾虎丸子）拍！【石软蟹】！！！精准2102-0300=【剪刀手雅克】引诱//预设分级：合格的
仙后鲈,平钓（复合亮片）拍！！【仙女鲈】！！！（阴云、薄雾、微风）=【仙后鲈】引诱//预设分级：合格的
陨石幸存者,平钓（沟鼠尾巴）拍！【钢盔鲎】！！！0302-0500（阴云、薄雾、微风）=【陨石幸存者】引诱//预设分级：合格的
鱼大叔,平钓（花蝇）拍！【绿灯球藻】！！！1702-1830=【鱼大叔】//预设分级：合格的
比阿纳可大帝,平钓（小虾肉笼）拍！！【比阿纳可鲷鱼】！！！2002-2300=【比阿纳可大帝】引诱//预设分级：合格的
金枪鲨,耐心（单环刺螠）！》！！！1902-2100（碧空、晴朗）=【金枪鲨】引诱、不撒饵//预设分级：合格的
轰击泡,平钓（鲱鱼丸子）拍！！【气泡鱼】~7.3+13！！！0902-1500（碧空）=【轰击泡】引诱//预设分级：合格的
海中老人,耐心（潮虫）！！》！！》18~！！！（碧空）=【海中老人】//预设分级：合格的
浓盐鲀,平钓（蜜虫）拍~9+16.5！【斑点鲀】12+22~！1702-2000=【浓盐鲀】引诱//预设分级：合格的
沉溺射手,平钓（毛球拟饵）拍！！【永恒鲤】！！！（碧空、晴朗）=【沉溺射手】引诱//预设分级：合格的
丽舞蟹,平钓（蜜虫）拍！！【巨鲈、盘丽鱼】！！！（薄雾）=【丽舞蟹】引诱//预设分级：合格的
银镜鱼,耐心（摇蚊）！》！！！精准0902-1600（碧空、晴朗）=【银镜鱼】//预设分级：最优化
皇金鱼,耐心（蜜虫）！》！》！！=3【丛林鲶鱼】；》鱼识 耐心（蜜虫）！》！！！=【皇金鱼】//预设分级：合格的
小珀琉喀斯,耐心（沙蚕）！》！！》！！（小雨、暴雨）=【小珀琉喀斯】//预设分级：合格的
鳞脚螺,平钓（极地磷虾）拍！【罗敏萨鳀鱼】！！！精准1902-0300=【鳞脚螺】引诱//预设分级：合格的
拾荒鮟鱇,耐心（沙蚕）！》！！+！！！》！！！1602-0200=【拾荒鮟鱇】//预设分级：合格的
海神剑,平钓（弓角）拍！！【海港鲱】！！！0902-1400（碧空、晴朗）=【海神剑】引诱//预设分级：合格的
孤独杀手,平钓（重铁板钩）拍！！【薰衣草印鱼】！！！（强风）=【孤独杀手】//预设分级：合格的
翻舵手,耐心（潮虫）！【海云水母】》！！！0902-1500（阴云、薄雾、微风）=【翻舵手】//预设分级：合格的
皱鳃鲨,耐心（沙蚕）！》！！》！！！》！！！1702-0300（阴云、薄雾、微风）=【皱鳃鲨】//预设分级：合格的
船长圣杯,大鱼（铁板钩）！》！！！2332-0105=【船长圣杯】//预设分级：合格的
空棘鱼,耐心（单环刺螠）！+！！！》！！！2202-0300（阴云、薄雾、微风）=【空棘鱼】//预设分级：合格的
海巫婆,耐心（沙蚕）！》！！》！！！1902-0200（碧空、晴朗）=【海巫婆】//预设分级：合格的
特拉玛豹鱼,耐心（旋转亮片）~10+19！》！！！1702-1930（阴云、薄雾）=【特拉玛豹鱼】//预设分级：合格的
圣鳟贞德,平钓（乌鸦拟饵）拍！！【暖水鳟】！！！0402-0600=【圣鳟贞德】//预设分级：合格的
尼姆蠕虫,平钓（黄油虫）拍！！【翡翠鳗】！！！0902-2200=【尼姆蠕虫】引诱//预设分级：合格的
温泉王,平钓（复合亮片）拍！！【骨舌鱼】！！！1602-1845=【温泉王】//预设分级：合格的
吞雷鱼,平钓（蛀虫）拍！！【雷纹鱼】！！！1932-0245（小雨）=【吞雷鱼】引诱//预设分级：合格的
抽须王,大鱼（单环刺螠）！》！！！0402-0600（碧空、晴朗）=【抽须王】引诱//预设分级：合格的
招雨王,平钓（蛀虫）拍~7.5+14！！【求雨鱼】！！！1702-0200（小雪、小雨）=【招雨王】引诱//预设分级：合格的
酿血鱼,平钓（蝲蛄丸子）拍！！【白妙鲤】！！！=【酿血鱼】引诱//预设分级：合格的
圣母鲤,平钓（血蚯蚓）拍！！【白妙鲤】！！！1502-2100=【圣母鲤】引诱//预设分级：合格的
倔强鲫鱼,平钓（乌鸦拟饵）拍！【沟鲫鱼】！！！精准0902-1400（阴云、薄雾）=【倔强鲫鱼】引诱//预设分级：合格的
外科医生,耐心（蛾蛹）！》！！！=【外科医生】//预设分级：合格的
人面鲤,平钓（黄油虫）拍！！【三色鲤】！！！2102-0300（小雨）=【人面鲤】引诱//预设分级：合格的
雷神光,平钓（花蝇）拍！【硬毛蟹】！！！精准1802-2300=【雷神光】引诱//预设分级：合格的
绿小丑,平钓（蜜虫）拍！！【樱鳟】！！！1802-2100=【绿小丑】引诱//预设分级：合格的
血浴,耐心（蜜虫）！》！！！（打雷）=【血浴】//预设分级：合格的
暗兵鳢,耐心（蛾蛹）！》！！！2102-0300=【暗兵鳢】//预设分级：合格的
莫尔巴,耐心（摇蚊）！》！！！1802-0200=【莫尔巴】//预设分级：合格的
终结者,平钓（黄油虫）拍！！【三色鲤】！！！2102-2300=【终结者】引诱//预设分级：合格的
妖祸鱼,耐心（黄油虫）！》！！！（小雨）=【妖祸鱼】//预设分级：合格的
魔幻蘑菇蟹,耐心（旋转亮片）~10+19！》！！！（阴云、薄雾）=【魔幻蘑菇蟹】//预设分级：合格的
大蛇鳗,平钓（黄油虫）拍20~！！【黑鳗】！！！1802-1900=【大蛇鳗】引诱//预设分级：合格的
浮游石,平钓（鲈鱼丸子）拍！！【黑鳗】！！！0002-0800（阴云、薄雾）=【浮游石】//预设分级：合格的
露齿鲤,平钓（花蝇）拍！！【仙女鲈、虹鳟鱼】！！！=【露齿鲤】引诱//预设分级：合格的
沉川鲑,平钓（下沉诱饵鱼）拍！！【威罗迪纳鲤鱼、宇格拉姆鲑鱼】！！！2132-0300（碧空、晴朗）=【沉川鲑】引诱//预设分级：合格的
刺鱼教父,耐心（蜜虫）！【银鱼】》！！！（雷雨、打雷）=【刺鱼教父】//预设分级：合格的
雷皇子,平钓（石蚕）拍！！【雷神鱼】！！！（雷雨）=【雷皇子】引诱//预设分级：合格的
大泷太郎,平钓（火萤）拍~12+22！！【争斗琵琶鱼】！！！（雷雨、打雷）=【大泷太郎】引诱//预设分级：合格的
蓝寡妇,平钓（漂浮诱饵鱼）拍！！【蓝铃鲑】！！！0902-1400=【蓝寡妇】引诱//预设分级：合格的
审判鳐,平钓（雉鸡拟饵）拍！！【虹鳟鱼】！！！1702-2100=【审判鳐】//预设分级：合格的
影纹狗鱼,平钓（漂浮诱饵蛙）拍~11.6+21.6！！【南方狗鱼】！！！0432-1000（薄雾）=【影纹狗鱼】引诱//预设分级：合格的
科内利亚,平钓（火萤）拍【骨舌鱼】~22.5！！=不撒饵、引诱》鱼识 平钓（彩虹勺形鱼饵）拍~13+24.5！！【骨舌鱼】！！！=【科内利亚】引诱//预设分级：合格的
芳香蝾螈,耐心（摇蚊）拍【暗塘鳢】！》！！！2302-0400（薄雾）=【芳香蝾螈】//预设分级：合格的
铜镜,平钓（黄油虫）拍！【铜鱼】！！！（碧空、晴朗）=【铜镜】//预设分级：合格的
泥巨蟹兵,平钓（黄油虫）拍！！【仙女鲈】！！！2102-0300=【泥巨蟹兵】引诱//预设分级：合格的
铆钉牡蛎,平钓（重铁板钩）拍~12.5+23！！【虎纹鳕】！！！=【铆钉牡蛎】引诱//预设分级：合格的
断指龙虾,平钓（极地磷虾）拍！！【海岩龙虾】！！！1732-1800=【断指龙虾】引诱//预设分级：合格的
肮脏鲱,平钓（极地磷虾）拍！！【海岩龙虾】！！！2002-2200=【肮脏鲱】引诱//预设分级：合格的
海盗猎人,耐心（沙蚕）！》~18.5！！》鱼识 耐心（沙蚕）！》！！+！！！》！！！=【海盗猎人】//预设分级：合格的
恩登德奇,耐心（蜜虫）！》！！+！！！》！！+！！！1802-0500（薄雾）=【恩登德奇】//预设分级：合格的
吸血鞭,耐心（蜜虫）！》！！！（碧空、晴朗、阴云、薄雾）=【吸血鞭】//预设分级：合格的
梦幻虾虎,平钓（蝲蛄丸子）拍！【骨蝲蛄】！！！1702-0300=【梦幻虾虎】//预设分级：合格的
滑溜帝王,平钓（蝲蛄丸子）拍！【幽暗虾虎】！！！1902-2400=【滑溜帝王】//预设分级：合格的
垂暮蝲蛄,平钓（血蚯蚓）拍！【骨蝲蛄、黄铜泥鳅】！！！精准1702-2100=【垂暮蝲蛄】引诱//预设分级：合格的
暗骑士,平钓（乌鸦拟饵）拍！！【暗鲈】！！！（扬沙、阴云、薄雾）=【暗骑士】引诱//预设分级：合格的
净髓蜗牛,平钓（花蝇）拍！！【仙女鲈】！！！2002-0300（小雨、暴雨）=【净髓蜗牛】引诱//预设分级：合格的
朝圣泥鱼,平钓（摇蚊）拍！！【仙女鲈】！！！1702-0700（小雨、暴雨）=【朝圣泥鱼】引诱//预设分级：合格的
太阳神杖,平钓（蜜虫）拍~13+24！！【纳尔札尔鳗鱼】！！！1732-2000（碧空）=【太阳神杖】引诱//预设分级：合格的
千年殇,平钓（蛀虫）拍！！【王家琵琶鱼、盘丽鱼】！！！（薄雾）=【千年殇】引诱//预设分级：合格的
虚空之眼,耐心（黄油虫）！》！！！（薄雾）=【虚空之眼】//预设分级：合格的
铁饼,平钓（火萤）拍~10.5+20！！【帕戈尔赞盘丽鱼】！！！1202-1800（热浪）=【铁饼】引诱//预设分级：合格的
铁索,平钓（旋转亮片）拍~12+21.5！！【暖水鳟】！！！（薄雾）=【铁索】引诱//预设分级：合格的
魔毯,耐心（沙蛭）~7.5+15！！》！！！0802-2000（热浪）=【魔毯】//预设分级：合格的
沙海肠虫,耐心（沙蛭）~7.5+15！！》！！！（热浪）=【沙海肠虫】//预设分级：合格的
汉尼拔,耐心（复合亮片）~10+19！》！！！2202-0400（薄雾）=【汉尼拔】//预设分级：合格的
乌兹刀背鱼·天极,耐心（蜜虫）~7.7+15.3！》！！！0102-0320（薄雾）=【乌兹刀背鱼·天极】//预设分级：合格的
枪鼻头,平钓（石蚕）拍！【铜鱼、金鱼、银鱼】！！！精准2102-2400（阴云、薄雾）=【枪鼻头】引诱//预设分级：合格的
圣人标,平钓（雉鸡拟饵）拍~20！！【绯红鳟】！！！（暴雪）=【圣人标】//预设分级：合格的
冥河灯,平钓（火萤）拍9+17~！【绿灯球藻】！！！2202-0400=【冥河灯】//预设分级：合格的
星光鳟鱼,耐心（石蝇幼虫）！》！！！2002-0400（碧空、晴朗）=【星光鳟鱼】//预设分级：合格的
黎明少女,平钓（雉鸡拟饵）拍！！【樱鳟、绯红鳟】！！！0502-0700=【黎明少女】引诱//预设分级：合格的
一家之母,耐心（残暴水蛭）！》！！！=【一家之母】//预设分级：合格的
暗星,平钓（陆行鸟拟饵）！双重1902-0400（小雪、暴雪）=5【绿灯球藻】；多提》鱼识 耐心（残暴水蛭）！》！！！1902-0400（小雪、暴雪）=【暗星】//预设分级：合格的
蓝尸,平钓（石蚕）拍~12+21！！【山岳神杜父鱼】！！！精准（碧空、晴朗）=【蓝尸】引诱//预设分级：合格的
奇虾,耐心（浮游虫）~7.5+14！！》！！！1002-1500（碧空、晴朗）=【奇虾】//预设分级：合格的
马哈尔,耐心（浮游虫）~7.5+14！！》！！！（暴雪）=【马哈尔】//预设分级：合格的
以太虱,平钓（火萤）拍！！【北洲鲈】~13+25！！！0302-1300（妖雾）=【以太虱】引诱//预设分级：合格的
炼狱火角,平钓（火萤）拍！【火狱蜗牛】！！！精准（碧空、晴朗）=【炼狱火角】引诱//预设分级：合格的
血红龙,耐心（蜜虫）~7.6+15.2！》！！！0432-1130（薄雾）=【血红龙】//预设分级：合格的
虚无鲈,平钓（火萤）拍！！【北洲鲈】！！！（妖雾）=【虚无鲈】引诱//预设分级：合格的
忍斗鱼,耐心（摇蚊）~9.5+17.5！》！！》！！+！！！1802-0900（妖雾）=【忍斗鱼】//预设分级：合格的
加诺,耐心（蜜虫）~8+15.5！》！》！！！0802-1800（妖雾）=【加诺】重随//预设分级：合格的
3.0,44//预设分级：非预设
沙里贝涅,耐心（土蜘蛛）拍！【阿巴拉提亚公鱼】！双提《【冰战神】0002-0300（暴雪）=5【冰战神】；》鱼识 耐心（土蜘蛛）拍！【阿巴拉提亚公鱼】！【冰战神】》！！！精准0002-0300（暴雪）=【沙里贝涅】//预设分级：合格的
云海蝴蝶螺,平钓（金属亮片）拍！【蛉蝎】！=3【夕月天女】；不撒饵》阶段 平钓（金属亮片）拍！【夕月天女】！0502-0700（碧空）=【云海蝴蝶螺】 》鱼识 平钓（巨型大蚊）拍！【蛉蝎】！！！精准0502-0700（碧空）=【云海蝴蝶螺】引诱《//预设分级：合格的
欧巴宾海蝎,平钓（恶魔蠕虫）拍！《【白金鱼】！！双提（打雷）=3【欧洛浦肯】；多提、引诱、不撒饵》鱼识 耐心（天钢之球）！》！！！精准（打雷）=【欧巴宾海蝎】//预设分级：合格的
莫名熔岩鱼,耐心（金属亮片）！双提《【花岗蟹】=5【花岗蟹】；不撒饵》阶段 平钓 （熔岩蠕虫）拍！《【花岗蟹】~23！！1002-1500（碧空、晴朗）=3【化石骨舌鱼】；引诱》鱼识 耐心（金属亮片）！》！！！1002-1500（碧空、晴朗）=【莫名熔岩鱼】《//预设分级：合格的
铠鱼,耐心（土蜘蛛）拍！！【知识神杜父鱼】！双提《【蝼蛄】0102-0400（碧空）=5【蝼蛄】；引诱、不撒饵》鱼识 耐心（土蜘蛛）拍！！【知识神杜父鱼】！》！！！精准0102-0400（碧空）=【铠鱼】引诱、不撒饵//预设分级：合格的
兰代勒翼龙,耐心（金属亮片）！》~14.5！！双提《【高天鱼】0502-0800（强风）=5【高天鱼】；》鱼识 耐心（金属亮片）！》（！！！）~14.5！！》10+18~！！！0502-0800（强风）=【兰代勒翼龙】//预设分级：合格的
鼓钱袋,平钓 （残暴水蛭）拍！【山地鲀、山峰蟹】！！！=【鼓钱袋】//预设分级：合格的
吞冰水母,耐心 （巨型大蚊）！》！+！！！【冰川核】》！+！！！（暴雪）=【吞冰水母】//预设分级：合格的
核爆鱼,耐心（土蜘蛛）！【冰战神】》！！！1002-1800（暴雪）=【核爆鱼】//预设分级：合格的
大祭司鱼,平钓（残暴水蛭）拍！！【祭司鱼】！！！1002-1400（碧空）=【大祭司鱼】引诱//预设分级：合格的
雪人杀手,平钓（残暴水蛭）拍10+20~！【温泉胆】！！！精准=【雪人杀手】钓组、引诱//预设分级：合格的
尼摩船长,平钓（残暴水蛭）拍！！！【妖祸克拉肯】！！！（暴雪）=【尼摩船长】引诱//预设分级：合格的
拉·雷亚尔,平钓（残暴水蛭）拍！！【利齿蛤蜊】10+20~！！！=【拉·雷亚尔】引诱//预设分级：最优化
冰之巫女,耐心（石蚕）！》！！！（暴雪）=【冰之巫女】//预设分级：有效的
水墨鱼,平钓（残暴水蛭）拍！！【凸眼金鱼】！！！1402-1600=【水墨鱼】引诱//预设分级：最优化
猴面雀杀手,耐心（叶片钓钩）！》！！！0802-1200=【猴面雀杀手】引诱//预设分级：合格的
卷层云魟,平钓（巨型大蚊）拍！！【棉云魟】！！！1002-1300（晴朗、碧空）=【卷层云魟】引诱//预设分级：有效的
卷风鲨,平钓（巨型大蚊）拍！！【飞翼鲂】！！！（微风）=【卷风鲨】引诱//预设分级：有效的
姥鲨,耐心（红气球虫）！【夕月天女】》！！！（碧空）=【姥鲨】//预设分级：合格的
进化型亚拉戈高位钢盔鲎,耐心（恶魔蠕虫）！》！！！=【进化型亚拉戈高位钢盔鲎】引诱//预设分级：合格的
魔科学物质666,耐心（天钢之球）！》！！！精准=【魔科学物质666】引诱//预设分级：合格的
赛缇,平钓（恶魔蠕虫）拍！【白金鱼】！！！精准1702-2200（打雷）=【赛缇】引诱//预设分级：合格的
无光层巨骨舌鱼,耐心（土蜘蛛）！》！！！2102-0200（阴云）=【无光层巨骨舌鱼】//预设分级：合格的
百目螈,耐心（土蜘蛛）！》！！！精准0602-1000=【百目螈】//预设分级：有效的
水晶飞鸽,耐心（红气球虫）！》~14.5！！》！！！（打雷）=【水晶飞鸽】引诱、不撒饵//预设分级：合格的
亚拉戈剑鲨,耐心（天钢之球）！》！！！（打雷）=【亚拉戈剑鲨】//预设分级：合格的
龙鳞撕裂者,平钓（残暴水蛭）拍！！【暗影须】！！！（扬沙、阴云、薄雾）=【龙鳞撕裂者】引诱//预设分级：合格的
叉舌鱼,平钓（残暴水蛭）拍！！【三唇鲤】！！！1202-1600（碧空）=【叉舌鱼】引诱//预设分级：有效的
噩梦之种,平钓（残暴水蛭）拍！！【多鳍鱼】！！！2202-0200（扬沙、阴云、薄雾）=【噩梦之种】引诱//预设分级：有效的
雷鳞蝾螈,耐心（石蝇幼虫）！》！！！0602-0800（打雷）=【雷鳞蝾螈】//预设分级：合格的
巨陨龟,大鱼（金属亮片）！》！！！=【巨陨龟】引诱//预设分级：合格的
圣龙泪,平钓（熔岩蠕虫）拍！【花岗蟹】！！！0202-0600=【圣龙泪】//预设分级：有效的
里德尔,耐心（熔岩蠕虫）！》！！！0802-1600（碧空）=【里德尔】//预设分级：有效的
熔岩帝王,耐心（熔岩蠕虫）！》！！！0802-1600（晴朗、碧空）=【熔岩帝王】//预设分级：有效的
水瓶王,大鱼（叶片钓钩）~9+17.5！！》20~！！！=【水瓶王】引诱//预设分级：合格的
蝴蝶夫人,耐心（土蜘蛛）~6.5+11.5！【蝼蛄】》！！！2102-0200（碧空）=【蝴蝶夫人】//预设分级：有效的
能言者,耐心（土蜘蛛）！》！！！（暴雨）=【能言者】//预设分级：有效的
万事通鲈,耐心（哥布林钓钩）~8.8+16.3！！【香鱼】》！！+！！！0202-0600（暴雨）=【万事通鲈】套娃//预设分级：有效的
维德弗尼尔,平钓（残暴水蛭）拍！！【白丽鱼】！！！0802-1000=【维德弗尼尔】引诱//预设分级：最优化
莫古尔古球球,平钓（残暴水蛭）拍！【莫古球球】！！！1002-1300=【莫古尔古球球】//预设分级：有效的
千鳍,平钓（残暴水蛭）拍！！【百鳍】！！！（强风）=【千鳍】引诱//预设分级：合格的
拉塔托斯克之魂,平钓（巨型大蚊）拍！【龙魂】！！！精准0402-0600（碧空、晴朗）=【拉塔托斯克之魂】引诱//预设分级：有效的
双型齿翼龙,耐心（巨型大蚊）！！》19~！！！（强风）=【双型齿翼龙】//预设分级：合格的
风暴血骑士,平钓（巨型大蚊）拍！！！【风暴骑士】~8+13！！！（强风）=【风暴血骑士】重随//预设分级：有效的
4.0,47//预设分级：非预设
异刺鲨,大鱼（嗡嗡石蝇）拍！！【头铁鳟】！！！1602-2000=1【硬头鳟】；引诱、收藏品、不收集》阶段 大鱼（嗡嗡石蝇）拍！！【头铁鳟】！！！》！！！1602-2000=【异刺鲨】引诱《//预设分级：合格的
镰甲鱼,平钓（悬浮诱饵鱼）拍！【？怨妇虾】！！！（扬沙）=引诱、不撒饵 》鱼识 平钓（悬浮诱饵鱼）拍【怨妇虾】！！！（扬沙）=【镰甲鱼】引诱、不撒饵//预设分级：合格的
胸脊鲨,大鱼（蚕蛹）~22！！》23~！！！双重 1202-1800（雷雨）=重随、收藏品、不收集、多提》鱼识 耐心（蚕蛹）~22！！强力》！！！1602-1800=【胸脊鲨】不撒饵、重随//¤{storage:MissFisherGetTranslationByIndex( 预设备注胸脊鲨 , 0${pd:空天姬配置[界面语言]} )}//预设分级：合格的
红龙,平钓（蓝矶沙蚕）拍！！【黑斑花蛇鳗】！！！《【苦尔鳗】0002-0800（阴云）=1【苦尔鳗】；不撒饵、引诱》阶段 耐心（蓝矶沙蚕）拍！！【黑斑花蛇鳗】！！！》！！！0402-0800（阴云）=【红龙】引诱、不撒饵、套娃《//预设分级：合格的
七彩天主,¤{storage:MissFisherGetTranslationByIndex( 预设备注七彩天主 , 0${pd:空天姬配置[界面语言]} )}//预设分级：非预设
众神之爱,平钓（嗡嗡石蝇）拍~11.5+22！！【月神恩惠】~6.6+11.3！！！0532-0630=【众神之爱】重随//预设分级：最优化
吞钩苦鱼,耐心（赤虫）！！》！！！精准=【吞钩苦鱼】引诱//预设分级：合格的
拉尔戈鲶鱼,耐心（赤虫）！！》！！！（打雷）=【拉尔戈鲶鱼】//预设分级：有效的
红尾僵尸鱼,耐心（金属亮片）拍【唾血龙虾】！》！！！0802-1200（阴云、薄雾）=【红尾僵尸鱼】//预设分级：有效的
硬头鳟,平钓（嗡嗡石蝇）拍！！【头铁鳟】！！！1602-2000=【硬头鳟】引诱//预设分级：合格的
蓝宝石扇鳉,平钓（嗡嗡石蝇）拍！【洞穴鳉、落叶鱼】！！！精准（打雷）=【蓝宝石扇鳉】引诱//预设分级：合格的
教皇鱼,平钓（悬浮诱饵鱼）拍！+！！【溶骨蜗牛、涅槃蟹】！！+！！！1202-1600=1【涅槃蟹】；【教皇鱼】引诱》阶段 平钓（悬浮诱饵鱼）拍！！【涅槃蟹】！！！1202-1600=【教皇鱼】引诱《//预设分级：合格的
下游鱼,平钓（嗡嗡石蝇）拍！！【谷爬鱼】！！！=【下游鱼】引诱//预设分级：有效的
骸鲢鱼,平钓（悬浮诱饵鱼）拍！！【高地刺鱼、拉尔戈落雷】！！！2002-2400（碧空）=【骸鲢鱼】引诱//预设分级：合格的
怨妇虾,平钓（悬浮诱饵鱼）拍！【？怨妇虾】！！！（扬沙）=【怨妇虾】引诱、不撒饵//预设分级：有效的
不定鱼,耐心（赤虫）！！》！！！0802-1200=【不定鱼】引诱//预设分级：合格的
最后一滴泪,平钓（鲑鱼籽）拍！！【精金多鳍鱼】！！！=【最后一滴泪】引诱//预设分级：有效的
解脱鱼,平钓（悬浮诱饵鱼）拍！！【石楠嘉鱼】！！！（碧空）=【解脱鱼】//预设分级：有效的
黑蒙鱼,平钓（悬浮诱饵鱼）拍！！【猛牛口食、窥视鱼】！！！1602-2000（阴云）=【黑蒙鱼】引诱//预设分级：合格的
阿拉米格面纱鱼,平钓（悬浮诱饵鱼）拍！【阿拉米格缎带鱼】10.5+20~！！！精准=【阿拉米格面纱鱼】引诱//预设分级：有效的
钻石眼,耐心（蚕蛹）！！强力》！！！（碧空）=【钻石眼】//预设分级：有效的
苦尔鳗,平钓（蓝矶沙蚕）拍！！【黑斑花蛇鳗】！！！0002-0800（阴云）=【苦尔鳗】不撒饵、引诱、收藏、不收集//预设分级：有效的
菜食王,耐心（活虾）！》！！！2002-2400（打雷）=【菜食王】//预设分级：有效的
七星,平钓（蓝矶沙蚕）拍！！【琉璃金枪鱼】！！！1002-1800（晴朗）=【七星】引诱//预设分级：合格的
春不知,平钓（蓝矶沙蚕）拍！！【迎春鱼】！！！1602-2000=【春不知】引诱//预设分级：有效的
大海蛇,耐心（活虾）！》！！！（微风）=【大海蛇】//预设分级：有效的
万刺鲀,平钓（活虾）拍~19！!【白姑鱼】！！！1602-2400（打雷）=【万刺鲀】//预设分级：有效的
速疾鬼鳄,耐心（活虾）！》！！！（打雷）=【速疾鬼鳄】//预设分级：有效的
石榴海,平钓（肥蚯蚓）拍！！【多玛鳟】！！！（小雨）=【石榴海】引诱//预设分级：有效的
鬼视,平钓（悬浮诱饵鱼）拍！！【河红眼鲈】！！！（碧空）=【鬼视】引诱//预设分级：有效的
仙寿翁,平钓（嗡嗡石蝇）拍！！【野鲤】！！！2002-2400（碧空）=【仙寿翁】//预设分级：有效的
车轴鱼,平钓（嗡嗡石蝇）拍！！【东洲巨骨舌鱼、长须鲶鱼】！！！0002-0800（晴朗）=【车轴鱼】引诱//预设分级：有效的
羽衣美人,平钓（嗡嗡石蝇）拍！！【长须鲶鱼】！！！=【羽衣美人】引诱//预设分级：有效的
天女鲤,平钓（嗡嗡石蝇）拍！！【东洲巨骨舌鱼】！！！（薄雾）=【天女鲤】引诱//预设分级：有效的
一束彩虹,平钓（悬浮诱饵鱼）拍！！【多玛鳟】！！！1202-1600（薄雾）=【一束彩虹】引诱//预设分级：有效的
水天一碧,平钓（嗡嗡石蝇）拍！！【王室鲑】！！！1602-2400（暴雨）=【水天一碧】引诱//预设分级：有效的
卜传,平钓（嗡嗡石蝇）拍！【武士鱼】！！！精准1202-1400=【卜传】引诱//预设分级：合格的
菜叶跳鱼,平钓（赤虫）拍！【嘎牙子、草跳鱼】！！！精准0802-1200（碧空）=【菜叶跳鱼】引诱//预设分级：合格的
晨曦旗鱼,耐心（肥蚯蚓）！》！！！0002-0800=【晨曦旗鱼】//预设分级：有效的
刀片跳鱼,平钓（悬浮诱饵鱼）拍！【枯草跳鱼】！！！0402-0800=【刀片跳鱼】引诱//预设分级：有效的
暮辉鱼,耐心（肥蚯蚓）！》！！！0802-1600（阴云）=【暮辉鱼】//预设分级：有效的
神谕苦鱼,平钓（嗡嗡石蝇）拍！【暮晖蝲蛄、塔奥苦鱼】！！！精准 2002-2400=【神谕苦鱼】引诱//预设分级：合格的
亚特可汗,平钓（嗡嗡石蝇）拍！【亚特虾虎】！！！精准（微风）=【亚特可汗】引诱//预设分级：有效的
月神的爱宠,平钓（悬浮诱饵鱼）拍！！【月神恩惠】！！！0402-0800（晴朗、碧空）=【月神的爱宠】引诱//预设分级：合格的
花海龙,耐心（金属亮片）拍【鳀鱼】！》！！！=【花海龙】//预设分级：最优化
赌命河豚,平钓（蓝矶沙蚕）拍！！【琉璃金枪鱼】！！！=【赌命河豚】引诱//预设分级：合格的
公主青鳉,平钓（肥蚯蚓）拍！【黄铜鱼】！！！精准0402-0600=【公主青鳉】引诱//预设分级：合格的
5.0,45//预设分级：非预设
利斯塔克鲨,平钓（虫箱）拍~20+38！！【白化雀鳝】~14.6+27！！！《【不朽巨鱼】1602-2400（阴云、薄雾）=1【不朽巨鱼】；引诱》阶段 大鱼（虫箱）拍~20+38！！【白化雀鳝】~14.6+27！！！》！！！1602-2400（薄雾）=【利斯塔克鲨】引诱《//预设分级：合格的
自走鱼偶,平钓（乌贼丝）拍！【南珂露西亚鳕鱼、珂露西亚鲽鱼】（！！！）19.5~！=5【变形鱼】；=专一【变形鱼】》阶段平钓（乌贼丝）拍~20！【南珂露西亚鳕鱼、珂露西亚鲽鱼】！！！精准1002-1400（强风）》鱼识 平钓（短嘴诱饵鱼）拍！！【血色气球鱼】！！！1002-1600=【自走鱼偶】引诱《//预设分级：有效的
惊喜蛋,平钓 （沙漠蛙）~5.5+10！2358-0200=10【沙卵】；不撒饵=专一【沙卵】》鱼识 平钓拍！【沙卵、比朗螃蟹、沙遁鱼】~10+18！！！精准2358-0200=【惊喜蛋】重随//预设分级：合格的
镜中蝶,平钓（虫箱）拍~11+20！【青蓝鳅】~7.6+13！！！精准2332-0000（碧空）=【镜中蝶】重随//预设分级：合格的
隆卡的大水蛇？,耐心 （盗蟹丸）~6.1+11.1！》！！《》！！！》！！！1002-1200=【33243】重随//预设分级：最优化
长吻帆蜥鱼,平钓（短嘴诱饵鱼）拍9.5+17.5~！！【卡利班骨头鱼】！！！2202-0000 》鱼识 平钓（乌贼丝）拍10+21~！！【卡利班骨头鱼】！！！0002-0200=【长吻帆蜥鱼】//预设分级：合格的
三艺之星,平钓（大理石幼虫）拍！【爱人之花】！！！精准2202-0000（碧空）=【三艺之星】引诱//预设分级：合格的
散罪鱼,平钓（水果蠕虫）拍！【吐罪鱼】！！！精准2202-2400（碧空、晴朗）=【散罪鱼】引诱//预设分级：有效的
悬挂脂鲤,平钓（虫箱）拍！【水晶都脂鲤、骸骨鱼】！！！精准1802-2200=【悬挂脂鲤】引诱//预设分级：合格的
贵妇蝴蝶鱼,平钓（乌贼丝）拍！【赤色海蜘蛛】！！！1202-1900（碧空）=【贵妇蝴蝶鱼】//预设分级：有效的
食人鳄,平钓（虫箱）拍！！【白化鳄】！！！（碧空、晴朗）=【食人鳄】引诱//预设分级：有效的
月光虹鳉,平钓（虫箱）拍！【水球鱼、紫角蜗牛、硬糖藻】！！！0602-0800（晴朗）=【月光虹鳉】//预设分级：有效的
重罪石软蟹,平钓（虫箱）拍！【硬糖藻、净碟鱼】！！！（薄雾）=【重罪石软蟹】引诱//预设分级：有效的
蟒斑盘丽鱼,平钓（水果蠕虫）拍~8+14.5！【硬糖藻】！！！（雷雨）=【蟒斑盘丽鱼】//预设分级：合格的
不朽巨鱼,平钓（虫箱）拍~20+38！！【白化雀鳝】~14.6+27！！！1602-2400（阴云、薄雾）=【不朽巨鱼】引诱//预设分级：合格的
哲罗鲑,平钓（虫箱）拍！！【哲罗鱼】！！！=【哲罗鲑】引诱//预设分级：合格的
元首的军扇,平钓（大理石幼虫）拍！【沃茨鳟】！！！（薄雾）=【元首的军扇】//预设分级：有效的
白色隆索,平钓（虫箱）拍！【斑纹鲶】！！！0002-0200=【白色隆索】//预设分级：合格的
铜褐鳎,平钓（大理石幼虫）拍！【食骨虾】！！！（小雨）=【铜褐鳎】引诱//预设分级：有效的
钢刀鱼,平钓（藻虾）拍~8+14！【南珂露西亚鳕鱼、珂露西亚鲽鱼】~5.5+9.5！！！0602-0800=【钢刀鱼】//预设分级：合格的
变影鱼,平钓（乌贼丝）拍~20！【南珂露西亚鳕鱼、珂露西亚鲽鱼】！！！精准1002-1400（强风）=【变影鱼】//预设分级：合格的
战盾剑齿龙鳖,大鱼（短嘴诱饵鱼）拍【枯叶海龙、南珂露西亚鳕鱼】8+16~15+29！》！！！2202-2400=【战盾剑齿龙鳖】//预设分级：有效的
冠骨鱼,耐心（力山羊肉干）！！》！！+！！！0002-0600=【冠骨鱼】引诱、套娃//预设分级：合格的
拿巴示锯,耐心（力山羊肉干）拍！！【角骨鱼】！！！【沙漠锯】》！！！0602-1000（热浪）=【拿巴示锯】套娃、引诱//预设分级：合格的
刺钉蜥蜴,耐心（沙漠蛙）拍！【沙遁鱼】5.8+10~11.1+20.6！》！！！1202-1600（碧空）=【刺钉蜥蜴】//预设分级：最优化
阔面鱼,平钓（大理石幼虫）拍！【灰跳鱼】！！！0602-0759（小雨）=【阔面鱼】引诱//预设分级：有效的
狂怒斗鱼,平钓（虫箱）拍~11+20！【青蓝鳅】！！！2002-2400（碧空、晴朗）=【狂怒斗鱼】//预设分级：有效的
深泳的古书,平钓（大理石幼虫）拍！【斑点攀鲈】！！！1202-1600（雷雨）=【深泳的古书】//预设分级：合格的
仙子彩虹鳉,平钓（大理石幼虫）拍！【青蓝鳅】~6.5+12！！！（薄雾）=【仙子彩虹鳉】重随//预设分级：有效的
达穆伦樱桃鲱鱼,平钓（虫箱）拍~11+20！【青蓝鳅】！！！=【达穆伦樱桃鲱鱼】//预设分级：合格的
黄金雕金匠,平钓（虫箱）拍！【灰跳鱼】！！！精准（碧空）=【黄金雕金匠】//预设分级：合格的
顶天眼,平钓（虫箱）拍！【灰跳鱼】！！！0702-1700（碧空）=【顶天眼】//预设分级：合格的
洛克瓦卫兵,耐心 （盗蟹丸）~6.1+11.1！》！！》！！！1002-1200=【洛克瓦卫兵】//预设分级：合格的
珍珠皮皮拉鱼,耐心（虫箱）~9+16.5！！【钻石皮皮拉鱼】》！！！+！！1702-2000（薄雾）=【珍珠皮皮拉鱼】套娃、引诱//预设分级：合格的
黑色喷气乱流,平钓（盗蟹丸）拍~14.5！【黄色皮皮拉鱼】！！！精准0202-1200（碧空、晴朗）=黑色喷气乱流//预设分级：合格的
书记官杀手,平钓（虫箱）拍！【黄色皮皮拉鱼】~7.5+12！！！1802-2400=【书记官杀手】//预设分级：合格的
底暗鱼,平钓（虫箱）拍12.5+25~！【永暗鱼】！！！精准0202-0600（薄雾）=【底暗鱼】引诱//预设分级：合格的
金色皮皮拉鱼,平钓（盗蟹丸）拍！【黄色皮皮拉鱼】~8+13.5！！！0602-0700=【金色皮皮拉鱼】引诱//预设分级：合格的
鳍人叹息,平钓（乌贼丝）拍！【巨型鮟鱇】！！！精准1202-1400（碧空、晴朗）=【鳍人叹息】引诱//预设分级：有效的
鳍人之敌,平钓 （乌贼丝）拍10+21~！！【卡利班骨头鱼】！！！0802-1000=【鳍人之敌】引诱//预设分级：有效的
奸隐鱼,平钓（短嘴诱饵鱼）拍9.5+17.5~！！【卡利班骨头鱼】！！！2202-2400（晴朗）=【奸隐鱼】//预设分级：合格的
绒毛海神虾,耐心（金属亮片）！》！！！精准1602-2000（阴云）=【绒毛海神虾】引诱//预设分级：合格的
头领薄饼章鱼,平钓（乌贼丝）拍！【薄饼章鱼】！！！精准0002-0300=【头领薄饼章鱼】引诱//预设分级：合格的
猎星鱼,平钓（乌贼丝）拍！【青色海蜘蛛】！！！精准0602-1000（阴云）=【猎星鱼】引诱 //预设分级：有效的
蛋白石虾,平钓（乌贼丝）拍！【青色海蜘蛛】！！！精准1802-2000=【蛋白石虾】引诱//预设分级：合格的
6.0,40//预设分级：非预设
餐叉尾,平钓（天空勺形鱼饵）拍~6+11！【岛屿跳鱼】！！！精准 1532-1630（灵风）=【餐叉尾】引诱//预设分级：合格的
优雅兔耳,平钓（奇美拉蠕虫）拍！！+！【魇鱼、紫鱼】~7+13.3！！！0802-1000（晴朗）=【优雅兔耳】引诱//预设分级：有效的
嘎儿鱼,¤{storage:MissFisherGetTranslationByIndex( 预设备注嘎儿鱼 , 0${pd:空天姬配置[界面语言]} )}//预设分级：非预设
异形雪棘,平钓 （蜉蝣）拍【艾布拉纳鳟、冰原狗鱼】8+15~！！1558-0000=3【青磷核】；多提=专一【青磷核】=双提》鱼识 平钓拍【青磷核】！！！1602-0000=【异形雪棘】引诱//预设分级：合格的
潜龙,耐心（蜉蝣）拍【鲴鱼】！！《【以太螯虾】=2【以太螯虾】；套娃》阶段 耐心拍【鲴鱼】！！》~20！！0902-1200=套娃《 》鱼识 耐心（蜉蝣）拍【鲴鱼】！！》（！！！）~20！！0902-1200=【潜龙】套娃//¤{storage:MissFisherGetTranslationByIndex( 预设备注潜龙 , 0${pd:空天姬配置[界面语言]} )}//预设分级：有效的
星鲸,¤{storage:MissFisherGetTranslationByIndex( 预设备注星鲸 , 0${pd:空天姬配置[界面语言]} )}//预设分级：非预设
电吉他鱼,平钓（青花鱼块）拍！！【钴铁光鳃鱼】！！！2002-2400=【电吉他鱼】引诱//预设分级：合格的
巨剑锯盖鱼,平钓（蜉蝣）拍13~！！【剑脊锯盖鱼】！！！1602-2000=【巨剑锯盖鱼】//预设分级：合格的
万虑鱼,平钓（蜉蝣）拍！【涌潮大丽花】！！！0802-1400=【万虑鱼】//预设分级：合格的
巨身锯盖鱼,平钓（蜉蝣）拍！！【宽身锯盖鱼、小方砖丽鱼】！！！1802-2200=【巨身锯盖鱼】引诱//预设分级：有效的
苔绿鳃鲑,平钓（天空勺形鱼饵） 拍！！【鲴鱼】！！！（小雨）=【苔绿鳃鲑】引诱//预设分级：有效的
潜底弓鳍鱼,平钓（天空勺形鱼饵）拍！！【长嘴鱲】！！！0802-1600（阴云）=【潜底弓鳍鱼】引诱//预设分级：合格的
黑玛瑙刀背鱼,平钓（蜉蝣）拍！！【玄铁刀背鱼】！！！2202-0200（晴朗）=【黑玛瑙刀背鱼】引诱//预设分级：合格的
环间罗非鱼,耐心（蜉蝣）拍【鲴鱼】！！》（！！！）~20！！0802-1200=【环间罗非鱼】套娃//预设分级：合格的
捂耳太阳鱼,平钓（蜉蝣）拍~10.9+20！！【长耳太阳鱼】~13+24！！！0402-0800=【捂耳太阳鱼】重随//预设分级：合格的
郁金香蟹,平钓（虾肉丸子）拍~20！！【玫瑰蟹】！！！（薄雾）=【郁金香蟹】引诱//预设分级：合格的
杜蒂娜鱼,大鱼（虾肉丸子）拍【婚宴娟纱】~10.5+19.5！！《【暗影沙丁鱼】》！！！0002-0400（碧空）=【杜蒂娜鱼】引诱、不撒饵=专一【暗影沙丁鱼】//预设分级：合格的
雷云隆头鱼,平钓（虾肉丸子）拍~17！【萨维奈虾虎】！！！2002-2400=【雷云隆头鱼】引诱//预设分级：合格的
河马蛙,平钓（蜉蝣）拍！！【魔象蛙、蓝鳃太阳鱼】~14.5+27.5！！！（暴雨）=【河马蛙】引诱//预设分级：合格的
塔门监兵,平钓（医蛭） 拍！！【饮乳鱼】！！！（阴云）=【塔门监兵】引诱//预设分级：合格的
巨吻脂鲤,平钓（天空勺形鱼饵） 拍~22！！【饮乳鱼】！！！0802-1600=【巨吻脂鲤】引诱//预设分级：合格的
棕香蕉鳗鱼,平钓（蜉蝣）拍~13.5+25.5！！【拉札巴里克鱼】~8+11！！！2202-0200（小雨）=【棕香蕉鳗鱼】引诱//预设分级：合格的
摩耶鳄,平钓（蜉蝣）拍【拉札巴里克鱼】10+18.5~！！0402-0800（晴朗）=5【萨维奈鳄】；多提=专一【萨维奈鳄】=双提》鱼识 平钓 拍~13+25.5！！【拉札巴里克鱼】！！！0402-0800（晴朗）=【摩耶鳄】引诱//预设分级：有效的
首领矛齿鲸,耐心（青花鱼块）6.1+10.3~！《》！！！》！！！（晴朗）=【首领矛齿鲸】引诱、套娃、不撒饵//预设分级：合格的
雾凇狗鱼,耐心（蜉蝣）拍【冰原狗鱼】8+15~！！》！！！（小雪）=【雾凇狗鱼】引诱、不撒饵//预设分级：合格的
暗影帝冠,平钓（蜉蝣）拍8+15~！！【蓝尾鲶】！！！0202-0800=【暗影帝冠】引诱//预设分级：合格的
仿制巨骨舌鱼,平钓（蜉蝣）拍！！【复制巨骨舌鱼】！！！0002-0200=【仿制巨骨舌鱼】引诱//预设分级：合格的
荧光死亡蠕虫,耐心 （奇美拉蠕虫）！》！！！0202-0800（月尘）=【荧光死亡蠕虫】引诱、不撒饵//预设分级：合格的
冰月壤龟,平钓（奇美拉蠕虫）拍~5.5+10！！【魇鱼】！！！1002-1300（灵风）=【冰月壤龟】引诱//预设分级：合格的
噬炎者,平钓（奇美拉蠕虫）拍！！【吞星鱼】！！！1202-2000（灵风）=【噬炎者】引诱//预设分级：合格的
佛恩·阿穆,平钓（奇美拉蠕虫）拍！！【吞星鱼】！！！1002-1400（灵风）=【佛恩·阿穆】引诱//预设分级：合格的
宇宙雾霾,大鱼（奇美拉蠕虫）拍【宇宙噪声】8.5+15~16.5+28！！》！！！2002-0400（磁暴）=【宇宙雾霾】//预设分级：合格的
破军尾,平钓（蜉蝣）拍！！【镜鱼】！！！0202-0400=【破军尾】引诱//预设分级：合格的
运行星,平钓（蜉蝣）拍！！【镜鱼】！！！1802-2200=【运行星】引诱//预设分级：合格的
骇惊威,平钓（星尘）拍！！【二十四足文明人】~15+27！！！0802-1200=【骇惊威】引诱//预设分级：合格的
阿耳戈雄英,平钓（星尘）拍！！【三叉神海兽】！！！0202-0400=【阿耳戈雄英】引诱//预设分级：合格的
额外维度实体-852738,平钓（星尘）拍【不明飞行物II】！！！1202-1600（灵风）=【41406】//预设分级：合格的
水中辉星,耐心（蜉蝣）拍【岛屿跳鱼】5+7~9+17！》！！！（灵风）=【水中辉星】引诱//预设分级：合格的
金光皮颏鱵,平钓（天空勺形鱼饵）拍！【岛屿跳鱼】！！！精准2002-2200=【金光皮颏鱵】引诱//预设分级：合格的
大丽花冠鮨,平钓（蜉蝣） 拍！【岛屿跳鱼】！！！精准0402-1000（碧空）=【大丽花冠鮨】引诱//预设分级：合格的
7.0,16//预设分级：非预设
财神蛙,平钓（红蛆）拍！【食蚊鱼】！！！精准（薄雾）=【财神蛙】//预设分级：有效的
抓月虾,平钓（白蠕虫）拍-12！【海羊驼】！！！精准1202-1400=【抓月虾】鱼影、不撒饵//预设分级：有效的
锅盖蟹,平钓（红蛆）拍！！【水没睡鱼】！！！1602-2000（阴云、薄雾）=【锅盖蟹】引诱、不撒饵//预设分级：有效的
星尘睡鱼,耐心（幽灵钳）拍【乌托姆提卡】~8+12！》~9.5+15！+！！》！！！ 2002-0000=【星尘睡鱼】套娃、不撒饵、重随//预设分级：有效的
余痕丽鱼,平钓（红蛆）拍！！【钓神基富丽鱼】！！！（碧空）=【余痕丽鱼】引诱、不撒饵//预设分级：有效的
像素鳅,平钓（红蛆）拍！！【清洁方案】！！！0002-0400=【像素鳅】引诱、不撒饵//预设分级：有效的
灰达尤南丽鱼,平钓（红蛆）拍！！【夏劳尼鲑鱼】！！！0402-0800（晴朗、碧空）=【灰达尤南丽鱼】引诱//预设分级：有效的
雷流鳟,平钓（红蛆）拍！！【黑莓鲈】！！！0902-1100=【雷流鳟】鱼影、不撒饵//预设分级：有效的
屋底镰鳍鲳鲹,平钓（幽灵钳）拍！！【镰鳍鲳鲹】！！！0502-0700=【屋底镰鳍鲳鲹】引诱//预设分级：有效的
麻瘩玛塔蛇颈龟,大鱼（红蛆）拍【克扎玛乌跳鱼】！》！！！1202-1400（碧空）=【麻瘩玛塔蛇颈龟】引诱//预设分级：有效的
长河牙签鱼,平钓（红蛆）拍！！【牙签鱼】！！！0002-0400（阴云）=【长河牙签鱼】引诱//预设分级：有效的
海心枯叶,平钓（红蛆）拍！！【红豹帆鳍鱼】！！！1002-1200=【海心枯叶】引诱//预设分级：有效的
咬鹃杀手,平钓（红蛆）拍！！【镜鲤】！！！（阴云、薄雾）=【咬鹃杀手】引诱//预设分级：有效的
得卡特,大鱼（红蛆）拍【旅迹鳟】~20.5！！《【尼葵瑞皮鳟】》！！！2002-0000（扬沙）=【得卡特】不撒饵、引诱=专一【尼葵瑞皮鳟】//预设分级：有效的
雷光鲽鱼,平钓（红蛆）拍！！【亚斯拉尼弓鳍鱼】！！！（小雨）=【雷光鲽鱼】引诱//预设分级：有效的
滑稽女王,平钓（红蛆）拍！！【滑稽鲶鱼】！！！1602-1800（晴朗）=【滑稽女王】鱼影、不撒饵//预设分级：有效的
批量生成,882//预设分级：非预设
星里海带,平钓（沙蚕）！=【星里海带】引诱//预设分级：批量生成
蝲蛄,平钓（蛾蛹）！=【蝲蛄】引诱//预设分级：批量生成
鲢鱼,平钓（蛾蛹）！=【鲢鱼】引诱//预设分级：批量生成
梅尔托尔虾虎,平钓（沙蚕）！=【梅尔托尔虾虎】引诱//预设分级：批量生成
罗敏萨鳀鱼,平钓（沙蚕）！=【罗敏萨鳀鱼】引诱//预设分级：批量生成
斑纹虾虎,平钓（蛾蛹）！=【斑纹虾虎】引诱//预设分级：批量生成
小鲶鱼,平钓（蛾蛹）！=【小鲶鱼】引诱//预设分级：批量生成
手指虾,平钓（沙蚕）！=【手指虾】引诱//预设分级：批量生成
骨蝲蛄,平钓（蛾蛹）！=【骨蝲蛄】引诱//预设分级：批量生成
白珊瑚,平钓（潮虫）！=【白珊瑚】引诱//预设分级：批量生成
公主鳟,平钓（蝲蛄丸子）！=【公主鳟】引诱//预设分级：批量生成
海云水母,平钓（潮虫）！=【海云水母】引诱//预设分级：批量生成
幽暗虾虎,平钓（蝲蛄丸子）！=【幽暗虾虎】引诱//预设分级：批量生成
藤皮海参,平钓（虾虎丸子）！=【藤皮海参】引诱//预设分级：批量生成
海港鲱,平钓（潮虫）！！=【海港鲱】引诱//预设分级：批量生成
皮皮拉鱼,平钓（蝲蛄丸子）！=【皮皮拉鱼】引诱//预设分级：批量生成
红蝲蛄,平钓（蝲蛄丸子）！=【红蝲蛄】引诱//预设分级：批量生成
比阿纳可蛤蜊,平钓（极地磷虾）！=【比阿纳可蛤蜊】引诱//预设分级：批量生成
潜沙鱼,平钓（蝲蛄丸子）！=【潜沙鱼】引诱//预设分级：批量生成
珊瑚蝶,平钓（潮虫）！！=【珊瑚蝶】引诱//预设分级：批量生成
黄铜泥鳅,平钓（雉鸡拟饵）！=【黄铜泥鳅】引诱//预设分级：批量生成
莫拉比鲽鱼,平钓（弓角）！！=【莫拉比鲽鱼】引诱//预设分级：批量生成
白妙鲤,平钓（血蚯蚓）！！=【白妙鲤】引诱//预设分级：批量生成
阿巴拉提亚公鱼,平钓（残暴水蛭）！=【阿巴拉提亚公鱼】引诱//预设分级：合格的
盲鱼,平钓（花蝇）！=【盲鱼】引诱//预设分级：批量生成
石软蟹,平钓（弓角）！=【石软蟹】引诱//预设分级：批量生成
弹涂鱼,平钓（摇蚊）！=【弹涂鱼】引诱//预设分级：批量生成
虹鳟鱼,平钓（毛球拟饵）！！=【虹鳟鱼】引诱//预设分级：批量生成
河蟹,平钓（血蚯蚓）！=【河蟹】引诱//预设分级：批量生成
虎纹鳕,平钓（沟鼠尾巴）！！=【虎纹鳕】引诱//预设分级：批量生成
斗鱼,平钓（摇蚊）！=【斗鱼】引诱//预设分级：批量生成
钢盔鲎,平钓（沟鼠尾巴）！=【钢盔鲎】引诱//预设分级：批量生成
仙女鲈,平钓（摇蚊）！！=【仙女鲈】引诱//预设分级：批量生成
橡果蜗牛,平钓（摇蚊）！=【橡果蜗牛】引诱//预设分级：批量生成
罗斯利特牡蛎,平钓（沟鼠尾巴）！=【罗斯利特牡蛎】引诱//预设分级：批量生成
暗塘鳢,平钓（摇蚊）！1502-1000=【暗塘鳢】引诱//预设分级：批量生成
拉诺西亚刺鱼,平钓（漂浮诱饵鱼）！！=【拉诺西亚刺鱼】引诱//预设分级：批量生成
海神刀,平钓（弓角）！！=【海神刀】引诱//预设分级：批量生成
沟鲫鱼,平钓（乌鸦拟饵）！=【沟鲫鱼】引诱//预设分级：批量生成
神仙鱼,平钓（铁板钩）！！=【神仙鱼】引诱//预设分级：批量生成
铜鱼,平钓（黄油虫）！=【铜鱼】引诱//预设分级：批量生成
蓝铃鲑,平钓（漂浮诱饵鱼）！！=【蓝铃鲑】引诱//预设分级：批量生成
折刀贝,平钓（沟鼠尾巴）！=【折刀贝】引诱//预设分级：批量生成
泥软蟹,平钓（蜜虫）！=【泥软蟹】引诱//预设分级：批量生成
蓝章鱼,大鱼（潮虫）！！【海港鲱】》！！=【蓝章鱼】引诱、不撒饵//预设分级：合格的
三色鲤,平钓（黄油虫）！！=【三色鲤】引诱//预设分级：批量生成
深红蝲蛄,大鱼（黄油虫）！【铜鱼】》！=【深红蝲蛄】不撒饵、引诱//预设分级：合格的
翡翠鳗,平钓（黄油虫）！！1702-1000=【翡翠鳗】引诱//预设分级：批量生成
海毒鲀,平钓（极地磷虾）！！=【海毒鲀】引诱//预设分级：批量生成
圆蚌,平钓（黄油虫）！=【圆蚌】引诱//预设分级：批量生成
暖水鳟,平钓（乌鸦拟饵）！！=【暖水鳟】引诱//预设分级：批量生成
玻璃刺鱼,平钓（陆行鸟拟饵）！！=【玻璃刺鱼】引诱//预设分级：批量生成
四眼鱼,平钓（复合亮片）！！=【四眼鱼】引诱//预设分级：批量生成
刀鳍沙丁鱼,平钓（重铁板钩）！！=【刀鳍沙丁鱼】引诱//预设分级：批量生成
黑鳗,平钓（黄油虫）！！1702-1000=【黑鳗】引诱//预设分级：批量生成
暗鲈,平钓（乌鸦拟饵）！！=【暗鲈】引诱//预设分级：批量生成
蓝珊瑚,平钓（小虾肉笼）！=【蓝珊瑚】引诱//预设分级：批量生成
魔梭鱼,大鱼（潮虫）！！【海港鲱】》！！=【魔梭鱼】引诱、不撒饵//预设分级：批量生成
圣盾虾,平钓（鲈鱼丸子）！=【圣盾虾】引诱//预设分级：批量生成
清道琵琶鱼,平钓（漂浮诱饵鱼）！=【清道琵琶鱼】引诱//预设分级：批量生成
钓鮟鱇,平钓（重铁板钩）！！=【钓鮟鱇】引诱//预设分级：批量生成
海马,平钓（小虾肉笼）！=【海马】引诱//预设分级：批量生成
上爬刺鱼,平钓（鲈鱼丸子）！=【上爬刺鱼】引诱//预设分级：批量生成
黑鲶鱼,大鱼（蛾蛹）！【斑纹虾虎】》！！=【黑鲶鱼】引诱、不撒饵//预设分级：合格的
比阿纳可鲷鱼,平钓（重铁板钩）！！=【比阿纳可鲷鱼】引诱//预设分级：批量生成
黑鬼鱼,大鱼（摇蚊）！【斗鱼】》！！=【黑鬼鱼】引诱、不撒饵//预设分级：批量生成
黑鳎,平钓（鲱鱼丸子）！！=【黑鳎】引诱//预设分级：批量生成
八目鳗,大鱼（黄油虫）！【铜鱼】》！=【八目鳗】引诱、不撒饵//预设分级：批量生成
披骨鱼,平钓（陆行鸟拟饵）！=【披骨鱼】引诱//预设分级：批量生成
锤头鲨,平钓（铁板钩）！！=【锤头鲨】引诱//预设分级：批量生成
宇格拉姆鲑鱼,平钓（鲈鱼丸子）！！=【宇格拉姆鲑鱼】引诱//预设分级：批量生成
苍皮海参,平钓（鲱鱼丸子）！=【苍皮海参】引诱//预设分级：批量生成
斑纹琵琶鱼,平钓（花蝇）！！=【斑纹琵琶鱼】引诱//预设分级：批量生成
绿灯球藻,平钓（陆行鸟拟饵）！=【绿灯球藻】引诱//预设分级：批量生成
苍茫鲱,平钓（单环刺螠）！！=【苍茫鲱】引诱//预设分级：批量生成
带鱼,平钓（白银勺形鱼饵）！！=【带鱼】引诱//预设分级：批量生成
灰海金枪鱼,平钓（单环刺螠）！！=【灰海金枪鱼】引诱//预设分级：批量生成
神握鳉,平钓（陆行鸟拟饵）！=【神握鳉】引诱//预设分级：批量生成
净骨蜗牛,平钓（花蝇）！=【净骨蜗牛】引诱//预设分级：批量生成
蔓根跳鱼,平钓（花蝇）！=【蔓根跳鱼】引诱//预设分级：批量生成
叶海龙,平钓（极地磷虾）！=【叶海龙】引诱//预设分级：批量生成
骨舌鱼,平钓（羽毛拟饵）！！=【骨舌鱼】引诱//预设分级：批量生成
满月沙丁鱼,平钓（单环刺螠）！1802-0600=【满月沙丁鱼】引诱//预设分级：批量生成
硬毛蟹,平钓（蜜虫）！=【硬毛蟹】引诱//预设分级：批量生成
哈拉尔黑线鳕,平钓（重铁板钩）！！=【哈拉尔黑线鳕】引诱//预设分级：批量生成
蒙凯恩凯鱼,大鱼（黄油虫）！【铜鱼】》！=【蒙凯恩凯鱼】引诱、不撒饵//预设分级：合格的
樱鳟,平钓（雉鸡拟饵）！！=【樱鳟】引诱//预设分级：批量生成
白蝶贝,平钓（鲱鱼丸子）！=【白蝶贝】引诱//预设分级：批量生成
沙鱼,平钓（沙蛭）！=【沙鱼】引诱//预设分级：批量生成
银鱼,平钓（蜜虫）！=【银鱼】引诱//预设分级：批量生成
小丑鳅,平钓（蜜虫）！=【小丑鳅】引诱//预设分级：批量生成
沙鲷鱼,平钓（滚石）！！=【沙鲷鱼】引诱//预设分级：批量生成
薰衣草印鱼,平钓（重铁板钩）！！=【薰衣草印鱼】引诱//预设分级：批量生成
铠甲琵琶鱼,平钓（淡水万能饵）！！=【铠甲琵琶鱼】引诱//预设分级：批量生成
巨鲈,平钓（蜜虫）！！=【巨鲈】引诱//预设分级：批量生成
沙鲶鱼,平钓（沙蛭）！！=【沙鲶鱼】引诱//预设分级：批量生成
气泡鱼,平钓（重铁板钩）！！=【气泡鱼】引诱//预设分级：批量生成
威罗迪纳鲤鱼,平钓（羽毛拟饵）！！=【威罗迪纳鲤鱼】引诱//预设分级：批量生成
斑点鲀,平钓（蜜虫）！=【斑点鲀】引诱//预设分级：批量生成
土遁鱼,平钓（滚石）！！=【土遁鱼】引诱//预设分级：批量生成
黄金鳅,平钓（蜜虫）！=【黄金鳅】引诱//预设分级：批量生成
飞沙鱼,平钓（沙蛭）！！=【飞沙鱼】引诱//预设分级：批量生成
纳尔札尔鳗鱼,平钓（蜜虫）！！1702-1000=【纳尔札尔鳗鱼】引诱//预设分级：批量生成
绯红鳟,平钓（旋转亮片）！！=【绯红鳟】引诱//预设分级：批量生成
盘丽鱼,平钓（蜜虫）！！=【盘丽鱼】引诱//预设分级：批量生成
蚁狮蛞蝓,平钓（沙壁虎）！！=【蚁狮蛞蝓】引诱//预设分级：批量生成
红珊瑚,平钓（鲱鱼丸子）！=【红珊瑚】引诱//预设分级：批量生成
石绿湖鳟鱼,平钓（复合亮片）！！=【石绿湖鳟鱼】引诱//预设分级：批量生成
火狱蜗牛,平钓（蛀虫）！=【火狱蜗牛】引诱//预设分级：批量生成
沙丘蝠鲼,大鱼（沙蛭）！！【飞沙鱼】》！！=【沙丘蝠鲼】引诱、不撒饵//预设分级：批量生成
银鲨,大鱼（沙蚕）！【梅尔托尔虾虎】》！！=【银鲨】引诱、不撒饵//预设分级：合格的
王家琵琶鱼,平钓（蛀虫）！！=【王家琵琶鱼】引诱//预设分级：批量生成
雷纹鱼,平钓（旋转亮片）！！（小雨、暴雨）=【雷纹鱼】引诱//预设分级：合格的
龙门鱼,大鱼（黄油虫）！【铜鱼】》！！=【龙门鱼】引诱、不撒饵//预设分级：批量生成
刀背鱼,平钓（蛀虫）！！=【刀背鱼】引诱//预设分级：批量生成
梭子鰆,大鱼（沙蚕）！【梅尔托尔虾虎】》！！=【梭子鰆】引诱、不撒饵//预设分级：批量生成
求雨鱼,平钓（蛀虫）！！（小雪、小雨）=【求雨鱼】引诱//预设分级：批量生成
橡根鱼,平钓（蛀虫）！！1702-1000=【橡根鱼】引诱//预设分级：批量生成
杜父鱼,平钓（复合亮片）！=【杜父鱼】引诱//预设分级：批量生成
黑蝶贝,平钓（磷虾肉笼）！=【黑蝶贝】引诱//预设分级：批量生成
南方狗鱼,平钓（漂浮诱饵蛙）！！=【南方狗鱼】引诱//预设分级：批量生成
北方狗鱼,平钓（漂浮诱饵蛙）！！=【北方狗鱼】引诱//预设分级：批量生成
地灵鲀,平钓（复合亮片）！=【地灵鲀】引诱//预设分级：批量生成
鹦鹉螺,大鱼（铁板钩）！【满月沙丁鱼】》！！1802-0600=【鹦鹉螺】引诱、不撒饵//预设分级：批量生成
射水鱼,平钓（毛球拟饵）！（碧空、晴朗、阴云、薄雾）=【射水鱼】引诱//预设分级：批量生成
云水母,平钓（浮游虫）！=【云水母】引诱//预设分级：批量生成
哥布林刺鱼,大鱼（蜜虫）！【银鱼】》！！=【哥布林刺鱼】引诱、不撒饵//预设分级：批量生成
永恒鲤,平钓（毛球拟饵）！！=【永恒鲤】引诱//预设分级：批量生成
刺鳗,平钓（弓角）！！=【刺鳗】引诱//预设分级：批量生成
暗斗鱼,大鱼（蜜虫）！【银鱼】》！！=【暗斗鱼】引诱、不撒饵//预设分级：批量生成
淤泥跳鱼,平钓（蛀虫）！=【淤泥跳鱼】引诱//预设分级：批量生成
天鱼,平钓（浮游虫）！=【天鱼】引诱//预设分级：批量生成
隆头鱼,平钓（弓角）！！=【隆头鱼】引诱//预设分级：批量生成
破云飞鱼,平钓（浮游虫）！！=【破云飞鱼】引诱//预设分级：批量生成
震雷鱼,大鱼（蜜虫）！【银鱼】》！！=【震雷鱼】引诱、不撒饵//预设分级：批量生成
雀鳝,大鱼（蜜虫）！【银鱼】》！！=【雀鳝】引诱、不撒饵//预设分级：批量生成
飞蝠鲼,大鱼（浮游虫）！！【破云飞鱼】》！！=【飞蝠鲼】引诱、不撒饵//预设分级：批量生成
平鱼,平钓（弓角）！！=【平鱼】引诱//预设分级：批量生成
北洲鲈,平钓（漂浮诱饵蛙）！！=【北洲鲈】引诱//预设分级：批量生成
帕戈尔赞盘丽鱼,平钓（火萤）！！（碧空、热浪、晴朗）=【帕戈尔赞盘丽鱼】引诱//预设分级：批量生成
争斗琵琶鱼,平钓（火萤）！！=【争斗琵琶鱼】引诱//预设分级：批量生成
扬帆鱼,平钓（浮游虫）！=【扬帆鱼】引诱//预设分级：批量生成
海魔鱼,平钓（弓角）！！=【海魔鱼】引诱//预设分级：批量生成
繁星鳟鱼,大鱼（蛾蛹）！【斑纹虾虎】》！！=【繁星鳟鱼】引诱、不撒饵//预设分级：合格的
战争神狗鱼,大鱼（残暴水蛭）！【阿巴拉提亚公鱼】》！！=【战争神狗鱼】不撒饵//预设分级：合格的
金鱼,大鱼（蜜虫）！【银鱼】》！=【金鱼】引诱、不撒饵//预设分级：批量生成
撒沟厉钓鮟鱇,大鱼（沙蛭）！【沙鱼】》！！=【撒沟厉钓鮟鱇】引诱、不撒饵//预设分级：批量生成
浮云碟,大鱼（浮游虫）！！【破云飞鱼】》！=【浮云碟】引诱、不撒饵//预设分级：批量生成
海岩龙虾,平钓（极地磷虾）！！1702-2200=【海岩龙虾】引诱//预设分级：批量生成
吸血八目鳗,大鱼（蜜虫）！【银鱼】》！！=【吸血八目鳗】引诱、不撒饵//预设分级：批量生成
山岳神杜父鱼,平钓（石蚕）！！=【山岳神杜父鱼】引诱//预设分级：批量生成
拟鮟鱇,耐心（沙蚕）！【梅尔托尔虾虎】》！！【梭子鰆】》！！=【拟鮟鱇】引诱、不撒饵//预设分级：批量生成
洞穴螯虾,大鱼（蛾蛹）！【斑纹虾虎】》！！=【洞穴螯虾】引诱、不撒饵//预设分级：批量生成
豹鱼,大鱼（复合亮片）！【杜父鱼】》！！！=【豹鱼】引诱、不撒饵//预设分级：批量生成
小撒拉奥斯,平钓（极地磷虾）！！（小雨、暴雨）=【小撒拉奥斯】引诱//预设分级：批量生成
愿贝,平钓（极地磷虾）！！=【愿贝】引诱//预设分级：批量生成
大钝甲鱼,平钓（复合亮片）！！0402-0900=【大钝甲鱼】引诱//预设分级：批量生成
日轮,平钓（石蚕）！！1002-1500（碧空、晴朗）=【日轮】引诱//预设分级：批量生成
麻希鲯鳅,平钓（弓角）！！！1002-1800=【麻希鲯鳅】引诱//预设分级：批量生成
大比目鱼,平钓（极地磷虾）！！！=【大比目鱼】引诱//预设分级：批量生成
长吻鳄鳝,大鱼（复合亮片）！【杜父鱼】》！！！=【长吻鳄鳝】引诱、不撒饵//预设分级：批量生成
乌兹刀背鱼,耐心（蜜虫）！【银鱼】》！【金鱼】》！！=【乌兹刀背鱼】引诱、不撒饵//预设分级：批量生成
巨鲶鱼,大鱼（蜜虫）！【银鱼】》！！=【巨鲶鱼】引诱、不撒饵//预设分级：批量生成
旅沙鳗,大鱼（沙蛭）！！【飞沙鱼】》！！！=【旅沙鳗】引诱、不撒饵//预设分级：批量生成
马兹拉雅枪鱼,耐心（潮虫）！！【海港鲱】》！！【魔梭鱼】》！！！=【马兹拉雅枪鱼】引诱、不撒饵//预设分级：批量生成
腔棘鱼,大鱼（铁板钩）！【满月沙丁鱼】》！！1802-0600=【腔棘鱼】引诱、不撒饵//预设分级：批量生成
腐鱼,平钓（彩虹勺形鱼饵）！！（妖雾）=【腐鱼】引诱//预设分级：批量生成
喙嘴龙,耐心（浮游虫）！！【破云飞鱼】》！【浮云碟】》！！！=【喙嘴龙】引诱、不撒饵//预设分级：批量生成
巨型乌贼,耐心（沙蚕）！【梅尔托尔虾虎】》！！【梭子鰆】》！！！=【巨型乌贼】引诱、不撒饵//预设分级：批量生成
基迦章鱼,耐心（潮虫）！！【海港鲱】》！！【魔梭鱼】》！！！=【基迦章鱼】引诱、不撒饵//预设分级：批量生成
翻车鱼,大鱼（潮虫）！【海云水母】》！！=【翻车鱼】引诱、不撒饵//预设分级：批量生成
恐鱼,耐心（沙蚕）！【梅尔托尔虾虎】》！！【梭子鰆】》！！！=【恐鱼】引诱、不撒饵//预设分级：批量生成
蘑菇蟹,大鱼（旋转亮片）！【杜父鱼】》！！（阴云、薄雾）=【蘑菇蟹】引诱、不撒饵//预设分级：批量生成
雷神鱼,平钓（石蚕）！！（雷雨、打雷）=【雷神鱼】引诱//预设分级：批量生成
斑点雀鳝,耐心（蜜虫）！【银鱼】》！【金鱼】》！！=【斑点雀鳝】引诱、不撒饵//预设分级：批量生成
煌鱼,耐心（土蜘蛛）！【阿巴拉提亚公鱼】》！！=【煌鱼】不撒饵//预设分级：合格的
弓鳍鱼,耐心（蜜虫）！【银鱼】》！【金鱼】》！！=【弓鳍鱼】引诱、不撒饵//预设分级：批量生成
环棘鱼,平钓（石蚕）！！1702-0900=【环棘鱼】引诱//预设分级：批量生成
巨齿鲨,耐心（沙蚕）！【梅尔托尔虾虎】》！！【梭子鰆】》！！！=【巨齿鲨】引诱、不撒饵//预设分级：批量生成
锯鲛,耐心（沙蚕）！【梅尔托尔虾虎】》！！【梭子鰆】》！！！0902-1500（碧空、晴朗）=【锯鲛】引诱、不撒饵//预设分级：批量生成
泷太郎,平钓（羽毛拟饵）！！=【泷太郎】引诱//预设分级：批量生成
巨骨舌鱼,平钓（羽毛拟饵）！！=【巨骨舌鱼】引诱//预设分级：批量生成
庞鱼,耐心（蜜虫）！【银鱼】》！【金鱼】》！！！=【庞鱼】引诱、不撒饵//预设分级：批量生成
丛林鲶鱼,耐心（蜜虫）！【银鱼】》！【金鱼】》！！=【丛林鲶鱼】引诱、不撒饵//预设分级：批量生成
精金幼龟,平钓（弓角）！！！=【精金幼龟】引诱//预设分级：批量生成
巨蝌蚪,平钓（漂浮诱饵蛙）拍~22！！【南方狗鱼】！！！=【巨蝌蚪】引诱//预设分级：有效的
大愿贝,平钓（重铁板钩）！！！2302-0200=【大愿贝】引诱//预设分级：批量生成
碎冰鱼,平钓（哥布林钓钩）！=【碎冰鱼】引诱//预设分级：批量生成
白云珊瑚,平钓（气球虫）！=【白云珊瑚】引诱//预设分级：批量生成
冰战神,平钓（土蜘蛛）！=【冰战神】引诱//预设分级：批量生成
天虫,平钓（巨型大蚊）！=【天虫】引诱//预设分级：批量生成
山峰蟹,平钓（石蝇幼虫）！=【山峰蟹】引诱//预设分级：批量生成
利齿蛤蜊,大鱼（土蜘蛛）！【冰战神】》！！=【利齿蛤蜊】引诱、不撒饵//预设分级：批量生成
湖胆,平钓（石蝇幼虫）！=【湖胆】引诱、钓组//预设分级：批量生成
赤刺,平钓（叶片钓钩）！！（扬沙、阴云、薄雾）=【赤刺】引诱//预设分级：批量生成
蓝螯虾,平钓（石蝇幼虫）！=【蓝螯虾】引诱//预设分级：批量生成
星花,平钓（红气球虫）！（碧空、晴朗）=【星花】引诱//预设分级：批量生成
冰川核,大鱼（巨型大蚊）！【天虫】》！（小雪、暴雪）=【冰川核】引诱、不撒饵//预设分级：批量生成
魔角蜗牛,平钓（石蝇幼虫）！=【魔角蜗牛】引诱//预设分级：批量生成
黑巫鱼,大鱼（蜜虫）！【阿巴拉提亚公鱼】》！！0802-2000=【黑巫鱼】不撒饵//预设分级：合格的
热破,平钓（残暴水蛭）！！（小雪、暴雪）=【热破】引诱//预设分级：批量生成
麻伊博伊,平钓（石蝇幼虫）！=【麻伊博伊】引诱//预设分级：批量生成
三唇鲤,平钓（叶片钓钩）！！=【三唇鲤】引诱//预设分级：批量生成
牛蛙,平钓（叶片钓钩）！=【牛蛙】引诱//预设分级：批量生成
云鱼,平钓（石蝇幼虫）！=【云鱼】引诱//预设分级：批量生成
马湖瓦伊,平钓（红气球虫）！=【马湖瓦伊】引诱//预设分级：批量生成
石蚌,平钓（哥布林钓钩）！=【石蚌】引诱、钓组//预设分级：批量生成
飘浮蛋,平钓（红气球虫）！=【飘浮蛋】引诱//预设分级：批量生成
白影,平钓（红气球虫）！=【白影】引诱//预设分级：批量生成
蓝天珊瑚,平钓（红气球虫）！=【蓝天珊瑚】引诱、钓组//预设分级：批量生成
显贵樱鳟,平钓（石蝇幼虫）！！=【显贵樱鳟】引诱//预设分级：批量生成
角菊石,平钓（哥布林钓钩）！！=【角菊石】引诱//预设分级：批量生成
凸眼金鱼,平钓（残暴水蛭）！！1002-1800=【凸眼金鱼】引诱//预设分级：批量生成
草鱼,平钓（叶片钓钩）！！（扬沙、阴云、薄雾）=【草鱼】引诱//预设分级：批量生成
皮皮拉皮拉鱼,平钓（哥布林钓钩）！！（扬沙、阴云、薄雾）=【皮皮拉皮拉鱼】引诱//预设分级：批量生成
倒仰鲶鱼,平钓（石蝇幼虫）！1602-1815=【倒仰鲶鱼】引诱//预设分级：批量生成
亲吻鱼,平钓（石蝇幼虫）！0902-2400=【亲吻鱼】引诱//预设分级：批量生成
法冠蛞蝓,平钓（红气球虫）！=【法冠蛞蝓】引诱//预设分级：批量生成
熔岩鲎,平钓（熔岩蠕虫）！！=【熔岩鲎】引诱//预设分级：批量生成
风暴核,平钓（红气球虫）！（阴云、薄雾、微风）=【风暴核】引诱//预设分级：批量生成
知识神杜父鱼,平钓（土蜘蛛）！！=【知识神杜父鱼】引诱//预设分级：批量生成
基迦石斑鱼,耐心（蜜虫）！【阿巴拉提亚公鱼】》！！=【基迦石斑鱼】//预设分级：合格的
瓦努头,平钓（叶片钓钩）！！（碧空、晴朗）=【瓦努头】引诱//预设分级：批量生成
图丽鱼,平钓（土蜘蛛）！！=【图丽鱼】引诱//预设分级：批量生成
肺鱼,平钓（残暴水蛭）！！（阴云）=【肺鱼】引诱//预设分级：批量生成
虎鱼,平钓（残暴水蛭）！！=【虎鱼】引诱//预设分级：批量生成
夕月天女,平钓（金属亮片）！=【夕月天女】引诱//预设分级：批量生成
花岗蟹,平钓（金属亮片）！=【花岗蟹】引诱//预设分级：合格的
火妖小马,平钓（熔岩蠕虫）！=【火妖小马】引诱//预设分级：批量生成
船虫,平钓（哥布林钓钩）！=【船虫】引诱//预设分级：批量生成
蝼蛄,平钓（土蜘蛛）！=【蝼蛄】引诱//预设分级：批量生成
莫古球球,平钓（哥布林钓钩）！=【莫古球球】引诱//预设分级：批量生成
岩浆树,平钓（熔岩蠕虫）！=【岩浆树】引诱、钓组//预设分级：批量生成
云上骑士,平钓（红气球虫）！！=【云上骑士】引诱//预设分级：批量生成
龙堡鲈,大鱼（石蝇幼虫）！【蓝螯虾】》！！0002-0600（扬沙、阴云、薄雾）=【龙堡鲈】引诱、不撒饵//预设分级：批量生成
山地鲀,平钓（土蜘蛛）！（小雪、暴雪）=【山地鲀】引诱//预设分级：批量生成
求雪鱼,平钓（残暴水蛭）！！（小雪、暴雪）=【求雪鱼】引诱//预设分级：批量生成
龙骨鱼,平钓（哥布林钓钩）！=【龙骨鱼】引诱//预设分级：批量生成
冰神鱼,平钓（残暴水蛭）！！（小雪、暴雪）=【冰神鱼】引诱//预设分级：批量生成
食冰水母,耐心（巨型大蚊）！【天虫】》！【冰川核】》！（小雪、暴雪）=【食冰水母】引诱、不撒饵//预设分级：批量生成
多鳍鱼,平钓（土蜘蛛）！！2102-0300=【多鳍鱼】引诱//预设分级：批量生成
白丽鱼,平钓（残暴水蛭）！！=【白丽鱼】引诱//预设分级：批量生成
暗影须,平钓（残暴水蛭）！！=【暗影须】引诱//预设分级：批量生成
哥布面具,平钓（巨型大蚊）！=【哥布面具】引诱//预设分级：批量生成
蓝色美杜莎,平钓（红气球虫）！=【蓝色美杜莎】引诱//预设分级：批量生成
鳞匠螺,平钓（熔岩蠕虫）！=【鳞匠螺】引诱、钓组//预设分级：批量生成
黑鞭,平钓（恶魔蠕虫）！！=【黑鞭】引诱//预设分级：批量生成
小钝口螈,平钓（残暴水蛭）！2102-2400=【小钝口螈】引诱//预设分级：批量生成
亚拉戈高位钢盔鲎,大鱼（恶魔蠕虫）！【白金鱼】》！！=【亚拉戈高位钢盔鲎】引诱、不撒饵//预设分级：批量生成
白金鱼,平钓（恶魔蠕虫）！=【白金鱼】引诱//预设分级：批量生成
以太之眼,平钓（土蜘蛛）！=【以太之眼】引诱//预设分级：批量生成
阿济兹鱼,平钓（恶魔蠕虫）！=【阿济兹鱼】引诱//预设分级：批量生成
水晶鳍,平钓（叶片钓钩）！=【水晶鳍】引诱//预设分级：批量生成
香鱼,平钓（哥布林钓钩）！！=【香鱼】引诱//预设分级：批量生成
蝴蝶鱼,平钓（残暴水蛭）！！=【蝴蝶鱼】引诱//预设分级：批量生成
百鳍,平钓（哥布林钓钩）！！=【百鳍】引诱//预设分级：批量生成
秋叶鱼,平钓（土蜘蛛）！=【秋叶鱼】引诱//预设分级：批量生成
魔帆,大鱼（红气球虫）！【夕月天女】》！！1002-1400（碧空、晴朗）=【魔帆】引诱、不撒饵//预设分级：批量生成
天空清道夫,平钓（巨型大蚊）！！=【天空清道夫】引诱//预设分级：批量生成
岩浆虱,大鱼（金属亮片）！》！！1802-0600=【岩浆虱】引诱、不撒饵//预设分级：合格的
陨龟,大鱼（金属亮片）！》！！=【陨龟】引诱、不撒饵//预设分级：合格的
魔科学物质123,大鱼（恶魔蠕虫）！【白金鱼】》！=【魔科学物质123】引诱、不撒饵//预设分级：批量生成
褐飞刀,平钓（红气球虫）！！（阴云）=【褐飞刀】引诱//预设分级：批量生成
学士贝,平钓（叶片钓钩）！=【学士贝】引诱//预设分级：批量生成
水剑鱼,平钓（哥布林钓钩）！！=【水剑鱼】引诱//预设分级：批量生成
西水弓鳍鱼,平钓（哥布林钓钩）！！0802-1140=【西水弓鳍鱼】引诱//预设分级：批量生成
气球鲀,平钓（巨型大蚊）！！=【气球鲀】引诱//预设分级：批量生成
朝日天女,平钓（红气球虫）！=【朝日天女】引诱//预设分级：批量生成
黄昏珊瑚,平钓（红气球虫）！=【黄昏珊瑚】引诱、钓组//预设分级：批量生成
白章鱼,平钓（残暴水蛭）！！0802-1800=【白章鱼】引诱//预设分级：批量生成
龙魂,平钓（巨型大蚊）！=【龙魂】引诱//预设分级：批量生成
龙卷鲨,平钓（巨型大蚊）！！=【龙卷鲨】引诱//预设分级：批量生成
高风水母,大鱼（巨型大蚊）！【天虫】》！（碧空、晴朗）=【高风水母】引诱、不撒饵//预设分级：批量生成
化石骨舌鱼,平钓（熔岩蠕虫）！！=【化石骨舌鱼】引诱//预设分级：批量生成
原型洛浦肯,大鱼（恶魔蠕虫）！【白金鱼】》！！=【原型洛浦肯】引诱、不撒饵//预设分级：批量生成
凯门鳄,大鱼（叶片钓钩）！【牛蛙】》！！！1802-2030=【凯门鳄】//预设分级：合格的
真光层巨骨舌鱼,平钓（残暴水蛭）！！！1802-0300（阴云）=【真光层巨骨舌鱼】引诱//预设分级：批量生成
青蓝之手刺鱼,大鱼（石蝇幼虫）！【蝼蛄】》！！=【青蓝之手刺鱼】引诱、不撒饵//预设分级：批量生成
高天鱼,平钓（巨型大蚊）！！=【高天鱼】引诱//预设分级：批量生成
瓦斯鲀,平钓（巨型大蚊）！！=【瓦斯鲀】引诱//预设分级：批量生成
魔鱼,平钓（恶魔蠕虫）！！=【魔鱼】引诱//预设分级：批量生成
不明飞行物,平钓（红气球虫）！=【不明飞行物】引诱//预设分级：批量生成
温泉医生鱼,平钓（土蜘蛛）！=【温泉医生鱼】引诱//预设分级：批量生成
蛉蝎,平钓（金属亮片）！=【蛉蝎】引诱//预设分级：批量生成
攀岩鱼,平钓（哥布林钓钩）！=【攀岩鱼】引诱//预设分级：批量生成
鲜血跳鱼,平钓（恶魔蠕虫）！！（打雷）=【鲜血跳鱼】引诱//预设分级：批量生成
眼镜蛇鱼,平钓（巨型大蚊）！！=【眼镜蛇鱼】引诱//预设分级：批量生成
飞灵,平钓（巨型大蚊）！！=【飞灵】引诱//预设分级：批量生成
油鳗,大鱼（天钢之球）！【白金鱼】》！！（打雷）=【油鳗】引诱、不撒饵//预设分级：批量生成
宝石水母,大鱼（天钢之球）！【白金鱼】》！2002-0300=【宝石水母】引诱、不撒饵//预设分级：批量生成
战舰鱼,大鱼（土蜘蛛）！【冰战神】》！！！=【战舰鱼】引诱、不撒饵//预设分级：批量生成
星码龙虾,平钓（叶片钓钩）！！=【星码龙虾】引诱//预设分级：批量生成
内陆刺鱼,平钓（叶片钓钩）！！！=【内陆刺鱼】引诱//预设分级：批量生成
熔岩鲶鱼,大鱼（金属亮片）！》！！=【熔岩鲶鱼】引诱、不撒饵//预设分级：合格的
无齿翼龙,平钓（巨型大蚊）！！！0902-1630=【无齿翼龙】引诱//预设分级：批量生成
飞翼鲂,平钓（巨型大蚊）！！=【飞翼鲂】引诱//预设分级：批量生成
温泉胆,平钓（残暴水蛭）！=【温泉胆】引诱、钓组//预设分级：批量生成
樱鳟鱼,平钓（叶片钓钩）！！=【樱鳟鱼】引诱//预设分级：批量生成
惊龟,大鱼（巨型大蚊）！！【高天鱼】》！！！=【惊龟】引诱、不撒饵//预设分级：批量生成
黑魔法鱼,大鱼（金属亮片）！》！！=【黑魔法鱼】//预设分级：批量生成
落雷鳗,耐心 （残暴水蛭）拍【？落雷鳗】！！2202-0320=引诱、收藏品、不撒饵=专一【落雷鳗】//窗口期到来前反复抛竿是正常的//预设分级：有效的
飞猫杀手,平钓（残暴水蛭）！！！（碧空、晴朗）=【飞猫杀手】引诱//预设分级：批量生成
哲学骨舌鱼,平钓（残暴水蛭）！！！1302-2000=【哲学骨舌鱼】引诱//预设分级：批量生成
沙利亚克鳄,大鱼（叶片钓钩）！【牛蛙】》！！！1502-1800=【沙利亚克鳄】引诱、不撒饵//预设分级：批量生成
熔岩王,耐心（金属亮片）！【花岗蟹】》！！！0902-1700（碧空、晴朗）=【熔岩王】//预设分级：合格的
妖精翼龙,平钓（红气球虫）！！！1502-1800=【妖精翼龙】引诱//预设分级：批量生成
吸血魔毯,平钓（巨型大蚊）！！=【吸血魔毯】引诱//预设分级：批量生成
风暴骑士,平钓（巨型大蚊）！！！=【风暴骑士】引诱//预设分级：批量生成
狂斗鱼,平钓（残暴水蛭）！！（碧空、晴朗）=【狂斗鱼】引诱//预设分级：批量生成
毛鳞鱼,平钓（残暴水蛭）！0002-0600=【毛鳞鱼】引诱//预设分级：批量生成
欧洛浦肯,平钓（恶魔蠕虫）！！（打雷）=【欧洛浦肯】引诱//预设分级：批量生成
库尔札斯海若螺,平钓（残暴水蛭）拍【冰战神】16~！0002-0400（暴雪）=引诱、不撒饵//预设分级：合格的
龙堡公鱼,平钓（残暴水蛭）！=【龙堡公鱼】引诱//预设分级：批量生成
天空珊瑚,平钓（巨型大蚊）！0002-0600（碧空、晴朗）=【天空珊瑚】引诱、钓组//预设分级：批量生成
太阳帆,平钓（巨型大蚊）！！1532-1700（碧空、晴朗）=【太阳帆】引诱//预设分级：批量生成
哥布林鲈,平钓（残暴水蛭）！！0002-0600（阴云、薄雾）=【哥布林鲈】引诱//预设分级：批量生成
熔岩蜗牛,平钓（熔岩蠕虫）！（碧空、晴朗）=【熔岩蜗牛】引诱、钓组//预设分级：批量生成
琥珀蝾螈,平钓（残暴水蛭）！！！0602-1200=【琥珀蝾螈】引诱//预设分级：批量生成
沼鯥,平钓（土蜘蛛）！=【沼鯥】引诱//预设分级：批量生成
棉云魟,平钓（巨型大蚊）！！（碧空、晴朗）=【棉云魟】引诱//预设分级：批量生成
夜翼鱼龙,平钓（巨型大蚊）！！！=【夜翼鱼龙】引诱//预设分级：批量生成
祭司鱼,平钓（残暴水蛭）！！=【祭司鱼】引诱//预设分级：批量生成
库尔札斯牡蛎,平钓（残暴水蛭）！=【库尔札斯牡蛎】引诱、钓组//预设分级：批量生成
古象鼻鱼,平钓（恶魔蠕虫）！1802-2400（打雷）=【古象鼻鱼】引诱//预设分级：批量生成
妖祸克拉肯,平钓（残暴水蛭）！！！=【妖祸克拉肯】引诱//预设分级：批量生成
鳞鲶,平钓（残暴水蛭）！！（阴云、薄雾）=【鳞鲶】引诱//预设分级：批量生成
萨维奈秋叶鱼,平钓（金属亮片）！！=【萨维奈秋叶鱼】引诱//预设分级：批量生成
清澈冰战神,平钓（金属亮片）！=【清澈冰战神】引诱//预设分级：批量生成
云海红珊瑚,平钓（金属亮片）！=【云海红珊瑚】引诱、钓组//预设分级：批量生成
心贝,平钓（金属亮片）！=【心贝】引诱//预设分级：批量生成
河虾,平钓（金属亮片）！=【河虾】引诱//预设分级：批量生成
彗星鲦,平钓（悬浮诱饵鱼）！！=【彗星鲦】引诱//预设分级：批量生成
金丽鱼,平钓（鲑鱼籽）！=【金丽鱼】引诱//预设分级：批量生成
阿巴拉提亚苦鱼,平钓（肥蚯蚓）！=【阿巴拉提亚苦鱼】引诱//预设分级：批量生成
暗缟虾虎,平钓（鲑鱼籽）！！=【暗缟虾虎】引诱//预设分级：批量生成
头铁鳟,平钓（悬浮诱饵鱼）！！=【头铁鳟】引诱//预设分级：批量生成
破损蟹,平钓（鲑鱼籽）！=【破损蟹】引诱//预设分级：批量生成
缪恩鱼,平钓（鲑鱼籽）！！（阴云、薄雾）=【缪恩鱼】//预设分级：合格的
寺院鲫鱼,平钓（鲑鱼籽）！=【寺院鲫鱼】引诱//预设分级：批量生成
气球蛙,平钓（鲑鱼籽）！=【气球蛙】引诱//预设分级：批量生成
灯笼球藻,平钓（悬浮诱饵鱼）！=【灯笼球藻】引诱//预设分级：批量生成
逆流鱼,平钓（肥蚯蚓）！！=【逆流鱼】引诱//预设分级：批量生成
精金多鳍鱼,平钓（悬浮诱饵鱼）！！=【精金多鳍鱼】引诱//预设分级：批量生成
溶骨蜗牛,平钓（鲑鱼籽）！=【溶骨蜗牛】引诱//预设分级：批量生成
落叶鱼,平钓（悬浮诱饵鱼）！=【落叶鱼】引诱//预设分级：批量生成
威罗迪纳草鱼,平钓（肥蚯蚓）！！=【威罗迪纳草鱼】引诱//预设分级：批量生成
高地刺鱼,平钓（鲑鱼籽）！！=【高地刺鱼】引诱//预设分级：批量生成
谷爬鱼,平钓（鲑鱼籽）！！=【谷爬鱼】引诱//预设分级：批量生成
幻象鲢鱼,平钓（鲑鱼籽）！=【幻象鲢鱼】引诱//预设分级：批量生成
角尊鳅,平钓（鲑鱼籽）！！=【角尊鳅】引诱//预设分级：批量生成
基拉巴尼亚鳟,平钓（赤虫）！！=【基拉巴尼亚鳟】引诱//预设分级：批量生成
唾血龙虾,大鱼（赤虫）！！【基拉巴尼亚鳟】》！=【唾血龙虾】不撒饵//预设分级：合格的
武斗鱼,大鱼（赤虫）！！【基拉巴尼亚鳟】》！=【武斗鱼】引诱、不撒饵//预设分级：批量生成
银币鱼,平钓（肥蚯蚓）！=【银币鱼】引诱//预设分级：批量生成
小流星,平钓（鲑鱼籽）！（阴云、薄雾）=【小流星】引诱//预设分级：批量生成
倾仰鲶鱼,平钓（鲑鱼籽）！1602-1815=【倾仰鲶鱼】引诱//预设分级：批量生成
涅槃蟹,平钓（鲑鱼籽）！！（阴云、薄雾）=【涅槃蟹】引诱//预设分级：批量生成
砂砾鱼,平钓（鲑鱼籽）！=【砂砾鱼】引诱//预设分级：批量生成
鳀鱼,平钓（活虾）！=【鳀鱼】引诱//预设分级：批量生成
琉璃鲱,平钓（活虾）！！=【琉璃鲱】引诱//预设分级：批量生成
地狱水母,平钓（活虾）！=【地狱水母】引诱//预设分级：批量生成
红玉珊瑚,平钓（活虾）！=【红玉珊瑚】引诱、钓组//预设分级：批量生成
苍玉珊瑚,平钓（活虾）！=【苍玉珊瑚】引诱、钓组//预设分级：批量生成
白骨珊瑚,平钓（活虾）！=【白骨珊瑚】引诱、钓组//预设分级：批量生成
红玉虾,平钓（活虾）！=【红玉虾】引诱//预设分级：批量生成
黑斑花蛇鳗,平钓（活虾）！！=【黑斑花蛇鳗】引诱//预设分级：批量生成
石楠嘉鱼,平钓（悬浮诱饵鱼）！！=【石楠嘉鱼】引诱//预设分级：批量生成
电鲶鱼,平钓（肥蚯蚓）！！=【电鲶鱼】引诱//预设分级：批量生成
死亡鳅,平钓（鲑鱼籽）！=【死亡鳅】引诱//预设分级：批量生成
夫蟹,平钓（肥蚯蚓）！=【夫蟹】引诱//预设分级：批量生成
素面蝲蛄,平钓（肥蚯蚓）！=【素面蝲蛄】引诱//预设分级：批量生成
阿巴拉提亚蝾螈,平钓（悬浮诱饵鱼）！=【阿巴拉提亚蝾螈】引诱//预设分级：批量生成
洞穴鳉,平钓（悬浮诱饵鱼）！=【洞穴鳉】引诱//预设分级：批量生成
拉尔戈落雷,平钓（鲑鱼籽）！！=【拉尔戈落雷】引诱//预设分级：批量生成
东洲蝴蝶鱼,平钓（蓝矶沙蚕）！！=【东洲蝴蝶鱼】引诱//预设分级：批量生成
鱼大夫,平钓（蓝矶沙蚕）！！=【鱼大夫】引诱//预设分级：批量生成
木叶龙,大鱼（活虾）！【红玉虾】》！=【木叶龙】引诱、不撒饵//预设分级：批量生成
琉璃鲽鱼,大鱼（活虾）！【红玉虾】》！！=【琉璃鲽鱼】引诱、不撒饵//预设分级：批量生成
滑翔鱼,平钓（蔓菁拟饵）！！=【滑翔鱼】引诱//预设分级：批量生成
刺鲀,平钓（活虾）！！=【刺鲀】引诱//预设分级：批量生成
圆扇贝,平钓（活虾）！！=【圆扇贝】引诱//预设分级：批量生成
虎纹河豚,平钓（蓝矶沙蚕）！！=【虎纹河豚】引诱//预设分级：批量生成
白姑鱼,平钓（蔓菁拟饵）！！=【白姑鱼】引诱//预设分级：批量生成
河红眼鲈,平钓（肥蚯蚓）！！=【河红眼鲈】引诱//预设分级：批量生成
野鲤,平钓（肥蚯蚓）！！=【野鲤】引诱//预设分级：批量生成
非信仰巨骨舌鱼,大鱼（赤虫）！！【基拉巴尼亚鳟】》！！=【非信仰巨骨舌鱼】引诱、不撒饵//预设分级：批量生成
妇虾,平钓（肥蚯蚓）！=【妇虾】引诱//预设分级：批量生成
威罗迪纳黑鲤,平钓（鲑鱼籽）！！=【威罗迪纳黑鲤】引诱//预设分级：批量生成
延夏鲤,平钓（肥蚯蚓）！！=【延夏鲤】引诱//预设分级：批量生成
长须鲶鱼,平钓（悬浮诱饵鱼）！！=【长须鲶鱼】引诱//预设分级：批量生成
多玛鳟,平钓（肥蚯蚓）！！=【多玛鳟】引诱//预设分级：批量生成
延夏红眼鲈,平钓（肥蚯蚓）！！！=【延夏红眼鲈】引诱//预设分级：批量生成
红翅鱼,平钓（赤虫）！=【红翅鱼】引诱//预设分级：批量生成
青鳉,平钓（赤虫）！（碧空）=【青鳉】引诱//预设分级：合格的
多玛蝲蛄,平钓（肥蚯蚓）！=【多玛蝲蛄】引诱//预设分级：批量生成
东洲鳟,大鱼（肥蚯蚓）！【嘎牙子】》！！=【东洲鳟】不撒饵//预设分级：合格的
嘎牙子,平钓（肥蚯蚓）！=【嘎牙子】引诱//预设分级：批量生成
草跳鱼,平钓（赤虫）！=【草跳鱼】引诱//预设分级：批量生成
太阳鲈,平钓（赤虫）！！=【太阳鲈】引诱//预设分级：批量生成
晨曦蝲蛄,大鱼（肥蚯蚓）！【嘎牙子】》！=【晨曦蝲蛄】不撒饵//预设分级：合格的
天幕鱼,平钓（悬浮诱饵鱼）！！=【天幕鱼】引诱//预设分级：批量生成
亚特虾虎,平钓（赤虫）！=【亚特虾虎】引诱//预设分级：批量生成
月神恩惠,平钓（赤虫）！！=【月神恩惠】引诱//预设分级：批量生成
多玛鳗,平钓（赤虫）！！1702-1000=【多玛鳗】引诱//预设分级：批量生成
黄铜鱼,平钓（肥蚯蚓）！=【黄铜鱼】引诱//预设分级：批量生成
枯草跳鱼,平钓（赤虫）！=【枯草跳鱼】引诱//预设分级：批量生成
青空泪,平钓（赤虫）！=【青空泪】引诱//预设分级：批量生成
暮晖蝲蛄,大鱼（肥蚯蚓）！【嘎牙子】》！=【暮晖蝲蛄】引诱、不撒饵//预设分级：批量生成
弓鱼,平钓（赤虫）！！=【弓鱼】引诱//预设分级：批量生成
翡翠河鹿鱼,平钓（赤虫）！=【翡翠河鹿鱼】引诱//预设分级：批量生成
硬鳞鱼,平钓（悬浮诱饵鱼）！！=【硬鳞鱼】引诱//预设分级：批量生成
无二草鱼,平钓（赤虫）！！！2002-0400=【无二草鱼】引诱//预设分级：批量生成
武士鱼,平钓（赤虫）！=【武士鱼】引诱//预设分级：批量生成
塔奥苦鱼,平钓（赤虫）！=【塔奥苦鱼】引诱//预设分级：批量生成
白纸鱼,平钓（赤虫）！！=【白纸鱼】引诱//预设分级：批量生成
龙鱼,平钓（悬浮诱饵鱼）！！=【龙鱼】引诱//预设分级：批量生成
王室鲑,平钓（赤虫）！！=【王室鲑】引诱//预设分级：批量生成
黄彩鱼,平钓（悬浮诱饵鱼）！！=【黄彩鱼】引诱//预设分级：批量生成
青彩鱼,平钓（悬浮诱饵鱼）！！=【青彩鱼】引诱//预设分级：批量生成
猛牛口食,平钓（赤虫）！！（扬沙、阴云、薄雾、微风）=【猛牛口食】引诱//预设分级：批量生成
窥视鱼,平钓（赤虫）！！=【窥视鱼】引诱//预设分级：批量生成
基迦鲈,平钓（嗡嗡石蝇）！！=【基迦鲈】引诱//预设分级：批量生成
大王乌贼,大鱼（活虾）！【红玉虾】》！！！=【大王乌贼】引诱、不撒饵//预设分级：批量生成
毯子章鱼,大鱼（活虾）！【红玉虾】》！！！=【毯子章鱼】引诱、不撒饵//预设分级：批量生成
琉璃金枪鱼,平钓（蓝矶沙蚕）！！=【琉璃金枪鱼】引诱//预设分级：批量生成
雷遁鱼,平钓（悬浮诱饵鱼）！！（小雨、暴雨）=【雷遁鱼】引诱//预设分级：批量生成
东方刺鱼,平钓（悬浮诱饵鱼）！！！（碧空、晴朗）=【东方刺鱼】引诱//预设分级：批量生成
岩盐咸鱼,平钓（蚕蛹）！！=【岩盐咸鱼】引诱//预设分级：批量生成
大天竺鱼,平钓（蓝矶沙蚕）！！1002-1800（碧空）=【大天竺鱼】引诱//预设分级：批量生成
赤点石斑鱼,大鱼（活虾）！【红玉虾】》！！=【赤点石斑鱼】引诱、不撒饵//预设分级：批量生成
盐盾,平钓（蚕蛹）！！！=【盐盾】引诱//预设分级：批量生成
冥想鱼,平钓（悬浮诱饵鱼）！！（扬沙、阴云、薄雾、微风）=【冥想鱼】引诱//预设分级：批量生成
高山骨舌鱼,平钓（悬浮诱饵鱼）！！=【高山骨舌鱼】引诱//预设分级：批量生成
弯刀鱼,平钓（悬浮诱饵鱼）！！=【弯刀鱼】引诱//预设分级：批量生成
石头鱼,大鱼（活虾）！【红玉虾】》！！！=【石头鱼】引诱、不撒饵//预设分级：批量生成
东洲巨骨舌鱼,平钓（悬浮诱饵鱼）！！=【东洲巨骨舌鱼】引诱//预设分级：批量生成
熊猫蝶尾鱼,平钓（赤虫）！！1002-1800=【熊猫蝶尾鱼】引诱//预设分级：批量生成
鳍龙,大鱼（活虾）！【红玉虾】》！！！（打雷）=【鳍龙】引诱、不撒饵//预设分级：批量生成
阿拉米格缎带鱼,平钓（悬浮诱饵鱼）！=【阿拉米格缎带鱼】引诱//预设分级：批量生成
天女鱼,平钓（嗡嗡石蝇）！！1602-2400=【天女鱼】引诱//预设分级：批量生成
扇贝海蛇,平钓（蓝矶沙蚕）！！=【扇贝海蛇】引诱//预设分级：批量生成
汗鱼,平钓（嗡嗡石蝇）！=【汗鱼】引诱//预设分级：批量生成
哈克苦鱼,平钓（嗡嗡石蝇）！！0002-0400（小雨）=【哈克苦鱼】引诱//预设分级：批量生成
白马,平钓（蚕蛹）！=【白马】引诱//预设分级：批量生成
雕塑家,大鱼（蚕蛹）！！【岩盐咸鱼】》！！！1202-1800（雷雨）=【雕塑家】引诱、不撒饵//预设分级：批量生成
珍珠眼,大鱼（蚕蛹）！！【岩盐咸鱼】》！！！=【珍珠眼】引诱、不撒饵//预设分级：批量生成
白钢鲨,平钓（悬浮诱饵鱼）！（碧空）=【白钢鲨】引诱//预设分级：批量生成
迎春鱼,平钓（蓝矶沙蚕）！！=【迎春鱼】引诱//预设分级：批量生成
绢鲤,平钓（嗡嗡石蝇）！！！（小雨）=【绢鲤】引诱//预设分级：批量生成
花海马,大鱼（活虾）！【红玉虾】》！！=【花海马】引诱、不撒饵//预设分级：批量生成
裁定鱼,平钓（嗡嗡石蝇）！！！（微风）=【裁定鱼】引诱//预设分级：批量生成
剑旗鱼,平钓（蓝矶沙蚕）！！！0802-1600（阴云、微风）=【剑旗鱼】引诱//预设分级：批量生成
赏梅鱼,平钓（赤虫）！！=【赏梅鱼】引诱//预设分级：批量生成
绝鬼鳄,大鱼（活虾）！【红玉虾】》！！！=【绝鬼鳄】引诱、不撒饵//预设分级：批量生成
幽灵鱼,平钓（嗡嗡石蝇）！！0002-0400（薄雾）=【幽灵鱼】引诱//预设分级：批量生成
基拉巴尼亚鲢鱼,平钓（金属亮片）！=【基拉巴尼亚鲢鱼】引诱//预设分级：批量生成
珊瑚海马,平钓（金属亮片）！=【珊瑚海马】引诱//预设分级：批量生成
恋心球藻,平钓（金属亮片）！=【恋心球藻】引诱//预设分级：批量生成
威罗迪纳鲑鱼,平钓（金属亮片）！！=【威罗迪纳鲑鱼】引诱//预设分级：批量生成
紫圆盾,平钓（金属亮片）！！=【紫圆盾】引诱//预设分级：批量生成
枢机鱼,平钓（悬浮诱饵鱼）！！1902-2300（阴云、薄雾）=【枢机鱼】引诱//预设分级：批量生成
岩石鱼,平钓（悬浮诱饵鱼）！1202-1600（扬沙、阴云、薄雾、微风）=【岩石鱼】引诱//预设分级：批量生成
浮木鱼,平钓（蓝矶沙蚕）！！！0802-1200（微风）=【浮木鱼】引诱//预设分级：批量生成
紫彩鱼,平钓（嗡嗡石蝇）！！0002-0400=【紫彩鱼】引诱//预设分级：批量生成
虹鳉,平钓（嗡嗡石蝇）！1602-2000（碧空、晴朗）=【虹鳉】引诱//预设分级：批量生成
红尾鲶,大鱼（鲑鱼籽）！【气球蛙】》！！！（阴云、薄雾）=【红尾鲶】引诱、不撒饵//预设分级：批量生成
幻河鲯,平钓（嗡嗡石蝇）！！！0402-0800=【幻河鲯】引诱//预设分级：批量生成
鳄龟,平钓（悬浮诱饵鱼）！！（碧空、晴朗）=【鳄龟】引诱//预设分级：批量生成
盐磨鲨,大鱼（蚕蛹）！！【岩盐咸鱼】》！！！（阴云、薄雾）=【盐磨鲨】引诱、不撒饵//预设分级：批量生成
花须鯙,大鱼（活虾）！【红玉虾】》！=【花须鯙】引诱、不撒饵//预设分级：批量生成
盆栽鱼,平钓（肥蚯蚓）！=【盆栽鱼】引诱//预设分级：批量生成
仿麻鱼,平钓（蓝矶沙蚕）！0502-0700=【仿麻鱼】引诱//预设分级：批量生成
薄毯章鱼,平钓（活虾）！！！=【薄毯章鱼】引诱//预设分级：批量生成
红彩鱼,平钓（嗡嗡石蝇）！！0402-0800=【红彩鱼】引诱//预设分级：批量生成
河中长老,大鱼（肥蚯蚓）！【嘎牙子】》！！（阴云、薄雾、微风）=【河中长老】引诱、不撒饵//预设分级：批量生成
尖叫者,大鱼（活虾）！【红玉虾】》！！！=【尖叫者】引诱、不撒饵//预设分级：批量生成
白彩鱼,大鱼（嗡嗡石蝇）！！【紫彩鱼】》！！0002-0400=【白彩鱼】引诱、不撒饵//预设分级：批量生成
橙彩鱼,大鱼（嗡嗡石蝇）！！【红彩鱼】》！0402-0800=【橙彩鱼】引诱、不撒饵//预设分级：批量生成
康复鱼,平钓（金属亮片）！！=【康复鱼】引诱//预设分级：批量生成
释法来豹鱼,平钓（金属亮片）！！=【释法来豹鱼】引诱//预设分级：批量生成
热鳍鱼,平钓（金属亮片）！！=【热鳍鱼】引诱//预设分级：批量生成
白银贝,平钓（金属亮片）！=【白银贝】引诱//预设分级：批量生成
青蓝之面,平钓（金属亮片）！！=【青蓝之面】引诱//预设分级：批量生成
蓝彩鱼,大鱼（嗡嗡石蝇）！！【紫彩鱼】》！0002-0400=【蓝彩鱼】引诱、不撒饵//预设分级：批量生成
绿彩鱼,平钓（嗡嗡石蝇）！0002-1600（碧空、晴朗）=【绿彩鱼】引诱//预设分级：批量生成
北境生蚝,平钓（金属亮片）！=【北境生蚝】引诱//预设分级：批量生成
红玉海藻,平钓（金属亮片）！=【红玉海藻】引诱//预设分级：批量生成
脉轮鲶,平钓（金属亮片）！！=【脉轮鲶】引诱//预设分级：批量生成
狱卒鮟鱇,平钓（金属亮片）！！=【狱卒鮟鱇】引诱//预设分级：批量生成
奥萨德鲑鱼,平钓（金属亮片）！！=【奥萨德鲑鱼】引诱//预设分级：批量生成
八眼鳗,平钓（水果蠕虫）！=【八眼鳗】引诱//预设分级：批量生成
水晶刀鱼,平钓（水果蠕虫）！！=【水晶刀鱼】引诱//预设分级：批量生成
拉克汕鲤,平钓（水果蠕虫）！！=【拉克汕鲤】引诱//预设分级：批量生成
蓝色公主海星,平钓（水果蠕虫）！=【蓝色公主海星】引诱//预设分级：批量生成
硬糖藻,平钓（水果蠕虫）！=【硬糖藻】引诱//预设分级：批量生成
紫角蜗牛,平钓（水果蠕虫）！=【紫角蜗牛】引诱//预设分级：批量生成
净碟鱼,平钓（水果蠕虫）！=【净碟鱼】引诱//预设分级：批量生成
兔跳鱼,平钓（水果蠕虫）！=【兔跳鱼】引诱//预设分级：批量生成
水球鱼,平钓（水果蠕虫）！=【水球鱼】引诱//预设分级：批量生成
黄体鲈,平钓（水果蠕虫）！=【黄体鲈】引诱//预设分级：批量生成
白化雀鳝,平钓（盗蟹丸）！！=【白化雀鳝】引诱//预设分级：批量生成
白化鳄,平钓（水果蠕虫）！！=【白化鳄】引诱//预设分级：批量生成
食骨虾,平钓（水果蠕虫）！=【食骨虾】引诱//预设分级：批量生成
太妃蜗牛,平钓（水果蠕虫）！=【太妃蜗牛】引诱//预设分级：批量生成
沃茨鳟,平钓（水果蠕虫）！=【沃茨鳟】引诱//预设分级：批量生成
南珂露西亚鳕鱼,平钓（藻虾）！=【南珂露西亚鳕鱼】引诱//预设分级：批量生成
珂露西亚鲽鱼,平钓（藻虾）！=【珂露西亚鲽鱼】引诱//预设分级：批量生成
碎贝海带,平钓（藻虾）！=【碎贝海带】引诱//预设分级：批量生成
血色气球鱼,平钓（藻虾）！！=【血色气球鱼】引诱//预设分级：批量生成
蔷薇虾,平钓（短嘴诱饵鱼）！=【蔷薇虾】引诱//预设分级：批量生成
沙卵,平钓（沙漠蛙）！=【沙卵】引诱//预设分级：批量生成
爱人之花,平钓（水果蠕虫）！=【爱人之花】引诱//预设分级：批量生成
水晶都脂鲤,平钓（水果蠕虫）！=【水晶都脂鲤】引诱//预设分级：批量生成
吐罪鱼,平钓（水果蠕虫）！=【吐罪鱼】引诱//预设分级：批量生成
外套蜗牛,平钓（水果蠕虫）！=【外套蜗牛】引诱//预设分级：批量生成
乳白珊瑚,平钓（藻虾）！=【乳白珊瑚】引诱、钓组//预设分级：批量生成
砂砾贝,平钓（藻虾）！=【砂砾贝】引诱、钓组//预设分级：批量生成
骨鳀鱼,平钓（藻虾）！=【骨鳀鱼】引诱//预设分级：批量生成
雾鳉,平钓（水果蠕虫）！=【雾鳉】引诱//预设分级：批量生成
蛇斑盘丽鱼,平钓（水果蠕虫）！=【蛇斑盘丽鱼】引诱//预设分级：批量生成
白色石软蟹,平钓（水果蠕虫）！=【白色石软蟹】引诱//预设分级：批量生成
贵族圆扇鱼,平钓（水果蠕虫）！=【贵族圆扇鱼】引诱//预设分级：批量生成
斑纹鲶,平钓（水果蠕虫）！=【斑纹鲶】引诱//预设分级：批量生成
深褐鳎,平钓（水果蠕虫）！=【深褐鳎】引诱//预设分级：批量生成
尖枪乌贼,平钓（短嘴诱饵鱼）！=【尖枪乌贼】引诱//预设分级：批量生成
变形鱼,平钓（乌贼丝）！=【变形鱼】引诱//预设分级：批量生成
珂露西亚隆头鱼,大鱼（短嘴诱饵鱼）！【尖枪乌贼】》！！=【珂露西亚隆头鱼】引诱、不撒饵//预设分级：批量生成
剃刀鱼,平钓（藻虾）！=【剃刀鱼】引诱//预设分级：批量生成
枯叶海龙,平钓（藻虾）！=【枯叶海龙】引诱//预设分级：批量生成
比朗螃蟹,平钓（沙漠蛙）！=【比朗螃蟹】引诱//预设分级：批量生成
沙遁鱼,平钓（沙漠蛙）！=【沙遁鱼】引诱//预设分级：批量生成
琥珀八目鳗,平钓（沙漠蛙）！！=【琥珀八目鳗】引诱//预设分级：批量生成
徘徊鲶鱼,平钓（水果蠕虫）！=【徘徊鲶鱼】引诱//预设分级：批量生成
骸骨鱼,平钓（水果蠕虫）！=【骸骨鱼】引诱//预设分级：批量生成
赤色海蜘蛛,平钓（藻虾）！=【赤色海蜘蛛】引诱//预设分级：批量生成
贤岛巨鱼,平钓（盗蟹丸）！！！=【贤岛巨鱼】引诱//预设分级：批量生成
奶蚝,平钓（藻虾）！=【奶蚝】引诱//预设分级：批量生成
艺术鱼,平钓（藻虾）！！=【艺术鱼】引诱//预设分级：批量生成
角骨鱼,平钓（力山羊肉干）！！=【角骨鱼】引诱//预设分级：批量生成
沙蹼壁虎,平钓（沙漠蛙）！=【沙蹼壁虎】引诱//预设分级：批量生成
灰跳鱼,平钓（水果蠕虫）！=【灰跳鱼】引诱//预设分级：批量生成
青蓝鳅,平钓（水果蠕虫）！=【青蓝鳅】引诱//预设分级：批量生成
仙子鱼,平钓（水果蠕虫）！=【仙子鱼】引诱//预设分级：批量生成
珍珠鳞,平钓（大理石幼虫）！=【珍珠鳞】引诱//预设分级：批量生成
樱桃鲱鱼,平钓（大理石幼虫）！=【樱桃鲱鱼】引诱//预设分级：批量生成
游末邦蝴蝶鱼,平钓（藻虾）！=【游末邦蝴蝶鱼】引诱//预设分级：批量生成
红锤头鲨,平钓（藻虾）！！=【红锤头鲨】引诱//预设分级：批量生成
血眼蛙,平钓（大理石幼虫）！=【血眼蛙】引诱//预设分级：批量生成
蝴蝶彩虹鳉,平钓（大理石幼虫）！=【蝴蝶彩虹鳉】引诱//预设分级：批量生成
柠檬鱼,平钓（大理石幼虫）！=【柠檬鱼】引诱//预设分级：批量生成
叛逆鱼,平钓（大理石幼虫）！=【叛逆鱼】引诱//预设分级：批量生成
狂野红斗鱼,平钓（大理石幼虫）！=【狂野红斗鱼】引诱//预设分级：批量生成
黄金龙虾,平钓（盗蟹丸）！=【黄金龙虾】引诱//预设分级：批量生成
弧边招潮蟹,平钓（水果蠕虫）！=【弧边招潮蟹】引诱//预设分级：批量生成
黄色皮皮拉鱼,平钓（水果蠕虫）！=【黄色皮皮拉鱼】引诱//预设分级：批量生成
忠义鱼,平钓（大理石幼虫）！！=【忠义鱼】引诱//预设分级：批量生成
大王镜贝,平钓（水果蠕虫）！=【大王镜贝】引诱//预设分级：批量生成
胭脂鱼,平钓（大理石幼虫）！=【胭脂鱼】引诱//预设分级：批量生成
斑点攀鲈,平钓（大理石幼虫）！=【斑点攀鲈】引诱//预设分级：批量生成
拉凯提卡鳟,平钓（盗蟹丸）！=【拉凯提卡鳟】引诱//预设分级：批量生成
黑根鳗,平钓（盗蟹丸）！！=【黑根鳗】引诱//预设分级：批量生成
骑士鲈,平钓（盗蟹丸）！=【骑士鲈】引诱//预设分级：批量生成
强盗蟹,平钓（大理石幼虫）！=【强盗蟹】引诱//预设分级：批量生成
迦利克螃蟹,平钓（沙漠蛙）！=【迦利克螃蟹】引诱//预设分级：批量生成
王冠脂鲤,平钓（盗蟹丸）！=【王冠脂鲤】引诱//预设分级：批量生成
引螈,大鱼（盗蟹丸）！【王冠脂鲤】》！！=【引螈】引诱、不撒饵//预设分级：批量生成
钻石皮皮拉鱼,平钓（盗蟹丸）！！1202-2000=【钻石皮皮拉鱼】引诱//预设分级：批量生成
哲罗鱼,平钓（盗蟹丸）！！=【哲罗鱼】引诱//预设分级：批量生成
拿巴示蝠鲼,大鱼（沙漠蛙）！【沙蹼壁虎】》！！=【拿巴示蝠鲼】引诱、不撒饵//预设分级：批量生成
银鲶,平钓（盗蟹丸）！=【银鲶】引诱//预设分级：批量生成
黑色三连星,平钓（盗蟹丸）！=【黑色三连星】引诱//预设分级：批量生成
黑风鱼,平钓（藻虾）！！=【黑风鱼】引诱//预设分级：批量生成
西考拉克斯贝,平钓（短嘴诱饵鱼）！=【西考拉克斯贝】引诱、钓组//预设分级：批量生成
斧鱼,平钓（盗蟹丸）！=【斧鱼】引诱//预设分级：批量生成
琥珀鮟鱇,平钓（沙漠蛙）！！=【琥珀鮟鱇】引诱//预设分级：批量生成
沙漠锯,平钓（力山羊肉干）！！！=【沙漠锯】引诱//预设分级：批量生成
食人贝,平钓（短嘴诱饵鱼）！=【食人贝】引诱、钓组//预设分级：批量生成
食用蚝,平钓（短嘴诱饵鱼）！=【食用蚝】引诱、钓组//预设分级：批量生成
青色海蜘蛛,平钓（短嘴诱饵鱼）！=【青色海蜘蛛】引诱//预设分级：批量生成
暗紫珊瑚,平钓（短嘴诱饵鱼）！=【暗紫珊瑚】引诱、钓组//预设分级：批量生成
卡利班骨头鱼,平钓（藻虾）！！=【卡利班骨头鱼】引诱//预设分级：批量生成
古代虾,平钓（短嘴诱饵鱼）！=【古代虾】引诱//预设分级：批量生成
青色海恶魔,平钓（短嘴诱饵鱼）！！=【青色海恶魔】引诱//预设分级：批量生成
斑点鳗,平钓（短嘴诱饵鱼）！=【斑点鳗】引诱//预设分级：批量生成
白金虹鳉,平钓（虫箱）！（碧空）=【白金虹鳉】引诱//预设分级：批量生成
剑齿龙鳖,大鱼（短嘴诱饵鱼）！【尖枪乌贼】》！！！1602-2400（阴云、薄雾）=【剑齿龙鳖】引诱、不撒饵//预设分级：批量生成
刺棘蜥蜴,大鱼（沙漠蛙）！【沙蹼壁虎】》！！！1002-1800（碧空、热浪、晴朗）=【刺棘蜥蜴】引诱、不撒饵//预设分级：批量生成
水泡眼,平钓（虫箱）！（碧空）=【水泡眼】引诱//预设分级：批量生成
永暗鱼,平钓（虫箱）！0002-0800（薄雾）=【永暗鱼】引诱//预设分级：批量生成
骗子鱼,平钓（短嘴诱饵鱼）！！（晴朗）=【骗子鱼】引诱//预设分级：批量生成
巨型鮟鱇,平钓（短嘴诱饵鱼）！=【巨型鮟鱇】引诱//预设分级：批量生成
绒毛女神虾,大鱼（短嘴诱饵鱼）！【古代虾】》！=【绒毛女神虾】引诱、不撒饵//预设分级：批量生成
彩虹虾,平钓（短嘴诱饵鱼）！=【彩虹虾】引诱//预设分级：批量生成
鳍人族的宿敌,平钓（短嘴诱饵鱼）！！=【鳍人族的宿敌】引诱//预设分级：批量生成
海洋陷阱,平钓（短嘴诱饵鱼）！=【海洋陷阱】引诱//预设分级：批量生成
观星鱼,平钓（短嘴诱饵鱼）！=【观星鱼】引诱//预设分级：批量生成
薄饼章鱼,平钓（短嘴诱饵鱼）！=【薄饼章鱼】引诱//预设分级：批量生成
猎手鱼,平钓（短嘴诱饵鱼）！！=【猎手鱼】引诱//预设分级：批量生成
鳍人族的渔叉,平钓（短嘴诱饵鱼）！！=【鳍人族的渔叉】引诱//预设分级：批量生成
贻贝,平钓（乌贼丝）！=【贻贝】引诱、钓组//预设分级：批量生成
拉克汕墨螺,平钓（金属亮片）！=【拉克汕墨螺】引诱//预设分级：批量生成
白油刺鱼,平钓（金属亮片）！！=【白油刺鱼】引诱//预设分级：批量生成
仙女贝,平钓（金属亮片）！=【仙女贝】引诱//预设分级：批量生成
艾兰凶龟,平钓（金属亮片）！！=【艾兰凶龟】引诱//预设分级：批量生成
珂露西亚帝王蟹,平钓（金属亮片）！！=【珂露西亚帝王蟹】引诱//预设分级：批量生成
蓝蟹,平钓（乌贼丝）！=【蓝蟹】引诱//预设分级：批量生成
倒挂金钟的花蕾,平钓（盗蟹丸）！=【倒挂金钟的花蕾】引诱//预设分级：批量生成
重盾贝,平钓（金属亮片）！！=【重盾贝】引诱//预设分级：批量生成
钓钩鱼,平钓（金属亮片）！！=【钓钩鱼】引诱//预设分级：批量生成
云草,平钓（金属亮片）！=【云草】引诱//预设分级：批量生成
巨鲱,平钓（金属亮片）！=【巨鲱】引诱//预设分级：批量生成
墨贝,平钓（金属亮片）！=【墨贝】引诱//预设分级：批量生成
龙堡扇贝,平钓（金属亮片）！=【龙堡扇贝】引诱//预设分级：批量生成
云海海带,平钓（金属亮片）！=【云海海带】引诱//预设分级：批量生成
猩红蛙,平钓（金属亮片）！=【猩红蛙】引诱//预设分级：批量生成
白蜃蛤蜊,平钓（金属亮片）！=【白蜃蛤蜊】引诱//预设分级：批量生成
熏香鱼,平钓（金属亮片）！=【熏香鱼】引诱//预设分级：批量生成
海扇蛤,平钓（虾肉丸子）！=【海扇蛤】引诱、钓组//预设分级：批量生成
北洋鲱,平钓（虾肉丸子）！=【北洋鲱】引诱//预设分级：批量生成
狗脸鲀,平钓（虾肉丸子）！=【狗脸鲀】引诱//预设分级：批量生成
钴铁光鳃鱼,平钓（虾肉丸子）！！=【钴铁光鳃鱼】引诱//预设分级：批量生成
吉他鱼,平钓（虾肉丸子）！！=【吉他鱼】引诱//预设分级：批量生成
螯虾,平钓（天空勺形鱼饵）！=【螯虾】引诱//预设分级：批量生成
眼点丽鱼,平钓（天空勺形鱼饵）！！=【眼点丽鱼】引诱//预设分级：批量生成
大学究,平钓（天空勺形鱼饵）！！=【大学究】引诱//预设分级：批量生成
剑脊锯盖鱼,平钓（天空勺形鱼饵）！！=【剑脊锯盖鱼】引诱//预设分级：批量生成
千虑鱼,平钓（天空勺形鱼饵）！=【千虑鱼】引诱//预设分级：批量生成
涌潮大丽花,平钓（天空勺形鱼饵）！=【涌潮大丽花】引诱//预设分级：批量生成
子代蝴蝶鱼,平钓（天空勺形鱼饵）！=【子代蝴蝶鱼】引诱//预设分级：批量生成
鲴鱼,平钓（天空勺形鱼饵）！！=【鲴鱼】引诱//预设分级：批量生成
水面鳉,平钓（天空勺形鱼饵）！=【水面鳉】引诱//预设分级：批量生成
小方砖丽鱼,平钓（天空勺形鱼饵）！！=【小方砖丽鱼】引诱//预设分级：批量生成
特级以太药虱,平钓（黄金鱼子）！=【特级以太药虱】引诱//预设分级：批量生成
宽身锯盖鱼,平钓（天空勺形鱼饵）！！=【宽身锯盖鱼】引诱//预设分级：批量生成
虹鳞鲮脂鲤,平钓（天空勺形鱼饵）！=【虹鳞鲮脂鲤】引诱//预设分级：批量生成
中丽鱼,平钓（天空勺形鱼饵）！！=【中丽鱼】引诱//预设分级：批量生成
绿鳃鲑,平钓（天空勺形鱼饵）！！=【绿鳃鲑】引诱//预设分级：批量生成
长嘴鱲,平钓（天空勺形鱼饵）！！=【长嘴鱲】引诱//预设分级：批量生成
红弓鳍鱼,平钓（天空勺形鱼饵）！！=【红弓鳍鱼】引诱//预设分级：批量生成
贪食沼虾,平钓（天空勺形鱼饵）！=【贪食沼虾】引诱//预设分级：批量生成
吹箭鱼,平钓（天空勺形鱼饵）！=【吹箭鱼】引诱//预设分级：批量生成
玄铁刀背鱼,平钓（天空勺形鱼饵）！！=【玄铁刀背鱼】引诱//预设分级：批量生成
以太螯虾,平钓（蜉蝣）！！=【以太螯虾】引诱//预设分级：批量生成
迷津罗非鱼,大鱼（蜉蝣）！！【以太螯虾】》！！0802-1600（晴朗）=【迷津罗非鱼】引诱、不撒饵//预设分级：批量生成
象魔鼻鱼,平钓（天空勺形鱼饵）！！=【象魔鼻鱼】引诱//预设分级：批量生成
樱使鳟,平钓（天空勺形鱼饵）！！=【樱使鳟】引诱//预设分级：批量生成
长耳太阳鱼,平钓（天空勺形鱼饵）！！=【长耳太阳鱼】引诱//预设分级：批量生成
银脂鲤,平钓（天空勺形鱼饵）！！=【银脂鲤】引诱//预设分级：批量生成
萨维奈虾虎,平钓（虾肉丸子）！=【萨维奈虾虎】引诱//预设分级：批量生成
船鳎,平钓（虾肉丸子）！=【船鳎】引诱//预设分级：批量生成
玫瑰蟹,平钓（虾肉丸子）！！=【玫瑰蟹】引诱//预设分级：批量生成
豹纹石斑鱼,平钓（虾肉丸子）！！=【豹纹石斑鱼】引诱//预设分级：批量生成
婚宴娟纱,平钓（虾肉丸子）！！=【婚宴娟纱】引诱//预设分级：批量生成
暗影沙丁鱼,平钓（青花鱼块）！！=【暗影沙丁鱼】引诱//预设分级：批量生成
帕克夏鱼,平钓（虾肉丸子）！！=【帕克夏鱼】引诱//预设分级：批量生成
雷咏隆头鱼,平钓（虾肉丸子）！！=【雷咏隆头鱼】引诱//预设分级：批量生成
黄金尖吻鲈,平钓（虾肉丸子）！！=【黄金尖吻鲈】引诱//预设分级：批量生成
卡嘉雅落选者,平钓（天空勺形鱼饵）！=【卡嘉雅落选者】引诱//预设分级：批量生成
魔象蛙,平钓（天空勺形鱼饵）！！=【魔象蛙】引诱//预设分级：批量生成
蓝鳃太阳鱼,平钓（天空勺形鱼饵）！！=【蓝鳃太阳鱼】引诱//预设分级：批量生成
青铜皮皮拉鱼,平钓（天空勺形鱼饵）！！=【青铜皮皮拉鱼】引诱//预设分级：批量生成
绿剑尾鱼,平钓（天空勺形鱼饵）！=【绿剑尾鱼】引诱//预设分级：批量生成
饮乳鱼,平钓（天空勺形鱼饵）！！=【饮乳鱼】引诱//预设分级：批量生成
塔门守卫,平钓（天空勺形鱼饵）！！=【塔门守卫】引诱//预设分级：批量生成
红鼓鱼,平钓（天空勺形鱼饵）！！1602-2400（晴朗）=【红鼓鱼】引诱//预设分级：批量生成
矿炉飞鱼,平钓（天空勺形鱼饵）！！=【矿炉飞鱼】引诱//预设分级：批量生成
长吻脂鲤,平钓（天空勺形鱼饵）！！=【长吻脂鲤】引诱//预设分级：批量生成
拉札巴里克鱼,平钓（天空勺形鱼饵）！！=【拉札巴里克鱼】引诱//预设分级：批量生成
半月斗鱼,平钓（天空勺形鱼饵）！=【半月斗鱼】引诱//预设分级：批量生成
香蕉鳗鱼,平钓（天空勺形鱼饵）！！=【香蕉鳗鱼】引诱//预设分级：批量生成
小桓娑鱼,平钓（天空勺形鱼饵）！=【小桓娑鱼】引诱//预设分级：批量生成
花角鱼,平钓（天空勺形鱼饵）！！=【花角鱼】引诱//预设分级：批量生成
萨维奈鳄,平钓（蜉蝣）！！=【萨维奈鳄】引诱//预设分级：批量生成
火纹虾虎,平钓（虾肉丸子）！=【火纹虾虎】引诱//预设分级：批量生成
汃汃呀鱼,平钓（青花鱼块）！=【汃汃呀鱼】引诱//预设分级：批量生成
纳茹奈章鱼,平钓（虾肉丸子）！！=【纳茹奈章鱼】引诱//预设分级：批量生成
雄鸡鱼,平钓（青花鱼块）！！=【雄鸡鱼】引诱//预设分级：批量生成
矛齿鲸,大鱼（青花鱼块）！【汃汃呀鱼】》！！！（晴朗）=【矛齿鲸】引诱、不撒饵//预设分级：批量生成
加雷马蛤蜊,平钓（医蛭）！=【加雷马蛤蜊】引诱//预设分级：批量生成
艾布拉纳鳟,平钓（天空勺形鱼饵）！！=【艾布拉纳鳟】引诱//预设分级：批量生成
小魂灵,平钓（天空勺形鱼饵）！=【小魂灵】引诱//预设分级：批量生成
青磷核,平钓（蜉蝣）！！=【青磷核】引诱//预设分级：批量生成
冰原狗鱼,平钓（天空勺形鱼饵）！！=【冰原狗鱼】引诱//预设分级：批量生成
漆黑帝冠,平钓（天空勺形鱼饵）！=【漆黑帝冠】引诱//预设分级：批量生成
帝国琵琶鱼,平钓（天空勺形鱼饵）！！=【帝国琵琶鱼】引诱//预设分级：批量生成
蓝尾鲶,平钓（天空勺形鱼饵）！！=【蓝尾鲶】引诱//预设分级：批量生成
星蓝虹鳉,平钓（天空勺形鱼饵）！=【星蓝虹鳉】引诱//预设分级：批量生成
月夜丽鱼,平钓（天空勺形鱼饵）！=【月夜丽鱼】引诱//预设分级：批量生成
泪眼,平钓（天空勺形鱼饵）！=【泪眼】引诱//预设分级：批量生成
复制巨骨舌鱼,平钓（天空勺形鱼饵）！！=【复制巨骨舌鱼】引诱//预设分级：批量生成
魇鱼,平钓（灰蚯蚓）！！=【魇鱼】引诱//预设分级：批量生成
紫鱼,平钓（灰蚯蚓）！=【紫鱼】引诱//预设分级：批量生成
不完整菌类987,平钓（灰蚯蚓）！！=【不完整菌类987】引诱//预设分级：批量生成
月壤龟,平钓（灰蚯蚓）！！=【月壤龟】引诱//预设分级：批量生成
岛屿跳鱼,平钓（天空勺形鱼饵）！=【岛屿跳鱼】引诱//预设分级：批量生成
登虹鱼,平钓（天空勺形鱼饵）！！=【登虹鱼】引诱//预设分级：批量生成
白化鳅,平钓（天空勺形鱼饵）！=【白化鳅】引诱//预设分级：批量生成
金光闪闪,平钓（天空勺形鱼饵）！！=【金光闪闪】引诱//预设分级：批量生成
犬梭鲃,大鱼（蜉蝣）！【白化鳅】》！！（阴云）=【犬梭鲃】引诱、不撒饵//预设分级：批量生成
皮颏鱵,平钓（天空勺形鱼饵）！=【皮颏鱵】引诱//预设分级：批量生成
花冠鮨,平钓（天空勺形鱼饵）！=【花冠鮨】引诱//预设分级：批量生成
巨脂鲤,平钓（天空勺形鱼饵）！！=【巨脂鲤】引诱//预设分级：批量生成
助木剌,平钓（天空勺形鱼饵）！！=【助木剌】引诱//预设分级：批量生成
超弦,平钓（灰蚯蚓）！=【超弦】引诱//预设分级：批量生成
吞星鱼,平钓（灰蚯蚓）！！=【吞星鱼】引诱//预设分级：批量生成
真空虾,平钓（灰蚯蚓）！！=【真空虾】引诱//预设分级：批量生成
宇宙噪声,平钓（灰蚯蚓）！！=【宇宙噪声】引诱//预设分级：批量生成
玻璃鱼,平钓（灰蚯蚓）！=【玻璃鱼】引诱//预设分级：批量生成
佛恩·米克,平钓（灰蚯蚓）！！=【佛恩·米克】引诱//预设分级：批量生成
龙鳞鱼,平钓（灰蚯蚓）！=【龙鳞鱼】引诱//预设分级：批量生成
伊普皮亚拉,平钓（灰蚯蚓）！！=【伊普皮亚拉】引诱//预设分级：批量生成
噬卵者,平钓（灰蚯蚓）！！=【噬卵者】引诱//预设分级：批量生成
镜鱼,平钓（天空勺形鱼饵）！！=【镜鱼】引诱//预设分级：批量生成
陨星尾,平钓（天空勺形鱼饵）！=【陨星尾】引诱//预设分级：批量生成
阿俄伊德,平钓（天空勺形鱼饵）！！=【阿俄伊德】引诱//预设分级：批量生成
原型肉身,平钓（天空勺形鱼饵）！=【原型肉身】引诱//预设分级：批量生成
洄游星,平钓（天空勺形鱼饵）！！=【洄游星】引诱//预设分级：批量生成
虫洞蠕虫,平钓（震撼板钩）！=【虫洞蠕虫】引诱//预设分级：批量生成
不明飞行物II,平钓（震撼板钩）！=【不明飞行物II】引诱//预设分级：批量生成
三叉神海兽,平钓（震撼板钩）！！=【三叉神海兽】引诱//预设分级：批量生成
贤者癸辛,平钓（震撼板钩）！=【贤者癸辛】引诱//预设分级：批量生成
二十四足文明人,平钓（震撼板钩）！！=【二十四足文明人】引诱//预设分级：批量生成
恐惊威,平钓（震撼板钩）！！=【恐惊威】引诱//预设分级：批量生成
梅德龙星人,平钓（震撼板钩）！！=【梅德龙星人】引诱//预设分级：批量生成
胡萝卜怪兽,平钓（星尘）！！=【胡萝卜怪兽】引诱//预设分级：批量生成
阿耳戈航员,平钓（震撼板钩）！=【阿耳戈航员】引诱//预设分级：批量生成
碧鱼莲,平钓（震撼板钩）！！=【碧鱼莲】引诱//预设分级：批量生成
宇宙象,平钓（震撼板钩）！！=【宇宙象】引诱//预设分级：批量生成
阿勒刻托,平钓（星尘）！！=【阿勒刻托】引诱//预设分级：批量生成
事件穹界的回归者,平钓（震撼板钩）！！=【事件穹界的回归者】引诱//预设分级：批量生成
额外维度实体-9318,平钓（星尘）！！=【额外维度实体-9318】引诱//预设分级：批量生成
未受生魂,大鱼（星尘）！！【事件穹界的回归者】》！！=【未受生魂】引诱、不撒饵//预设分级：批量生成
萨维奈卡拉墨鱼,平钓（青花鱼块）！！=【萨维奈卡拉墨鱼】引诱//预设分级：批量生成
种子蛙,平钓（金属亮片）！=【种子蛙】引诱//预设分级：批量生成
圣洁绒球,平钓（金属亮片）！！=【圣洁绒球】引诱//预设分级：批量生成
灰白珊瑚,平钓（金属亮片）！=【灰白珊瑚】引诱//预设分级：批量生成
摩耶灵龟,大鱼（蜉蝣）！【小桓娑鱼】》！！0302-0600=【摩耶灵龟】引诱、不撒饵//预设分级：批量生成
鳍人海带,平钓（金属亮片）！=【鳍人海带】引诱//预设分级：批量生成
尊紫鳕,平钓（金属亮片）！=【尊紫鳕】引诱//预设分级：批量生成
虹花贝,平钓（金属亮片）！=【虹花贝】引诱//预设分级：批量生成
叶草鱼,平钓（蜉蝣）！0502-0800=【叶草鱼】引诱//预设分级：批量生成
战女神之圣盾,平钓（医蛭）拍【鲴鱼】！！1602-1900=【战女神之圣盾】引诱//预设分级：合格的
小骨鱼,平钓（金属亮片）！=【小骨鱼】引诱//预设分级：批量生成
小猫鲱鱼,平钓（金属亮片）！=【小猫鲱鱼】引诱//预设分级：批量生成
黄尾鱼,平钓（金属亮片）！！=【黄尾鱼】引诱//预设分级：批量生成
金箔龙虾,平钓（灰蚯蚓）！！1902-2200=【金箔龙虾】引诱//预设分级：批量生成
金币鱼,平钓（卓越丸子）！=【金币鱼】引诱//预设分级：批量生成
食蚊鱼,#NAME?等待补充//预设分级：批量生成
佩鲁蛙,#NAME?等待补充//预设分级：批量生成
暗银脂鲤,#NAME?等待补充//预设分级：批量生成
理王鱼,#NAME?等待补充//预设分级：批量生成
酒鬼鱼,#NAME?等待补充//预设分级：批量生成
幽魂鱼,#NAME?等待补充//预设分级：批量生成
镰鳍鲳鲹,#NAME?等待补充//预设分级：批量生成
竖笛鱼,#NAME?等待补充//预设分级：批量生成
蓝色钱包,#NAME?等待补充//预设分级：批量生成
金矛鱼,#NAME?等待补充//预设分级：批量生成
海羊驼,#NAME?等待补充//预设分级：批量生成
大理石手斧,#NAME?等待补充//预设分级：批量生成
抓星虾,#NAME?等待补充//预设分级：批量生成
奥阔鳟,#NAME?等待补充//预设分级：批量生成
凿石刀,#NAME?等待补充//预设分级：批量生成
其瓦固鳅,#NAME?等待补充//预设分级：批量生成
欧来欧来欧来,#NAME?等待补充//预设分级：批量生成
乌帕鲁,#NAME?等待补充//预设分级：批量生成
流星银尾,#NAME?等待补充//预设分级：批量生成
第一口,#NAME?等待补充//预设分级：批量生成
奥阔水蛙,#NAME?等待补充//预设分级：批量生成
泽托托,#NAME?等待补充//预设分级：批量生成
半饱鳟,#NAME?等待补充//预设分级：批量生成
深奥的证人,#NAME?等待补充//预设分级：批量生成
克扎玛乌跳鱼,#NAME?等待补充//预设分级：批量生成
水没睡鱼,#NAME?等待补充//预设分级：批量生成
剧毒染色蛙,#NAME?等待补充//预设分级：批量生成
花褶玛塔蛇颈龟,#NAME?等待补充//预设分级：批量生成
巨蛋大蛇,#NAME?等待补充//预设分级：批量生成
大盘蟹,#NAME?等待补充//预设分级：批量生成
牙签鱼,#NAME?等待补充//预设分级：批量生成
利齿脂鲤,#NAME?等待补充//预设分级：批量生成
浮木鲶鱼,#NAME?等待补充//预设分级：批量生成
火风鱼,#NAME?等待补充//预设分级：批量生成
青铜琵琶鱼,#NAME?等待补充//预设分级：批量生成
矛丽鱼,#NAME?等待补充//预设分级：批量生成
火焰丽鱼,#NAME?等待补充//预设分级：批量生成
佩鲁灾星,#NAME?等待补充//预设分级：批量生成
巨型利齿脂鲤,#NAME?等待补充//预设分级：批量生成
大舌头苦鱼,#NAME?等待补充//预设分级：批量生成
断舌处刑人,#NAME?等待补充//预设分级：批量生成
玉米鲦鱼,#NAME?等待补充//预设分级：批量生成
浮虹鱼,#NAME?等待补充//预设分级：批量生成
虹彩虹鳉,#NAME?等待补充//预设分级：批量生成
团子鱼,#NAME?等待补充//预设分级：批量生成
条纹牙签鱼,#NAME?等待补充//预设分级：批量生成
尖陶乐鲶,#NAME?等待补充//预设分级：批量生成
圆点刺魟,#NAME?等待补充//预设分级：批量生成
黄单丽鱼,#NAME?等待补充//预设分级：批量生成
闪烁鱼影,#NAME?等待补充//预设分级：批量生成
乌托姆黎明,#NAME?等待补充//预设分级：批量生成
魣鳉,#NAME?等待补充//预设分级：批量生成
钓神基富丽鱼,#NAME?等待补充//预设分级：批量生成
红豹帆鳍鱼,#NAME?等待补充//预设分级：批量生成
隐白,#NAME?等待补充//预设分级：批量生成
蚓螈,#NAME?等待补充//预设分级：批量生成
镜鲤,#NAME?等待补充//预设分级：批量生成
天坑太阳,#NAME?等待补充//预设分级：批量生成
赤血的枯叶,#NAME?等待补充//预设分级：批量生成
天使之母,#NAME?等待补充//预设分级：批量生成
亚克特尔蝾螈,#NAME?等待补充//预设分级：批量生成
黑骨舌鱼,#NAME?等待补充//预设分级：批量生成
云空鱼,#NAME?等待补充//预设分级：批量生成
白烬龙虾,#NAME?等待补充//预设分级：批量生成
金曦钝口螈,#NAME?等待补充//预设分级：批量生成
泥土鱼,#NAME?等待补充//预设分级：批量生成
图拉尔毒蜥蜴,#NAME?等待补充//预设分级：批量生成
亚克特尔鲶鱼,#NAME?等待补充//预设分级：批量生成
脚尖鲶,#NAME?等待补充//预设分级：批量生成
格子丽鱼,#NAME?等待补充//预设分级：批量生成
战地雀鳝,#NAME?等待补充//预设分级：批量生成
金红剑尾鱼,#NAME?等待补充//预设分级：批量生成
星粒鱼,#NAME?等待补充//预设分级：批量生成
完美的碟子,#NAME?等待补充//预设分级：批量生成
幻煌鱼,#NAME?等待补充//预设分级：批量生成
细枝鲶,#NAME?等待补充//预设分级：批量生成
盲鼬鱼,#NAME?等待补充//预设分级：批量生成
亚克特尔鳄,#NAME?等待补充//预设分级：批量生成
乌托姆提卡,#NAME?等待补充//预设分级：批量生成
鲨鱼鼻虾虎,#NAME?等待补充//预设分级：批量生成
亚克特尔蟹,#NAME?等待补充//预设分级：批量生成
冥境睡鱼,#NAME?等待补充//预设分级：批量生成
网纹鲨,耐心（幽灵钳）拍【乌托姆提卡】~8+12！》~9.5+15！+！！》19~！！ 1802-2000=收藏品、套娃、不撒饵、重随//预设分级：合格的
骨尾查布鱼,#NAME?等待补充//预设分级：批量生成
尼葵瑞皮鳟,#NAME?等待补充//预设分级：批量生成
帕利尤南丽鱼,#NAME?等待补充//预设分级：批量生成
夏劳尼鲑鱼,#NAME?等待补充//预设分级：批量生成
旅迹鳟,#NAME?等待补充//预设分级：批量生成
特利平鲶,平钓（嘭嘭拟饵）15~27！！=引诱//¤{storage:MissFisherGetTranslationByIndex( 预设备注特利平鲶 , 0${pd:空天姬配置[界面语言]} )}//预设分级：合格的
图拉尔鲟,#NAME?等待补充//预设分级：批量生成
佐戈之核,#NAME?等待补充//预设分级：批量生成
云中缎带,#NAME?等待补充//预设分级：批量生成
佐戈蝎,#NAME?等待补充//预设分级：批量生成
瀑布徨灵,#NAME?等待补充//预设分级：批量生成
飞天鱿鱼,#NAME?等待补充//预设分级：批量生成
风暴鲨,#NAME?等待补充//预设分级：批量生成
遗产鳅,#NAME?等待补充//预设分级：批量生成
边郊鼻鱼,#NAME?等待补充//预设分级：批量生成
瓜仁太阳鱼,#NAME?等待补充//预设分级：批量生成
虎纹大狗鱼,#NAME?等待补充//预设分级：批量生成
黑莓鲈,#NAME?等待补充//预设分级：批量生成
漂流鳟,#NAME?等待补充//预设分级：批量生成
雷斗鱼,#NAME?等待补充//预设分级：批量生成
红腹雷锤,#NAME?等待补充//预设分级：批量生成
亚斯拉尼弓鳍鱼,#NAME?等待补充//预设分级：批量生成
雷鲽鱼,#NAME?等待补充//预设分级：批量生成
黄金石斑鱼,#NAME?等待补充//预设分级：批量生成
永护螯虾,#NAME?等待补充//预设分级：批量生成
棘背鱼,#NAME?等待补充//预设分级：批量生成
清洁方案,#NAME?等待补充//预设分级：批量生成
锦砖鳅,#NAME?等待补充//预设分级：批量生成
玫瑰蛙,#NAME?等待补充//预设分级：批量生成
骑士虾虎,#NAME?等待补充//预设分级：批量生成
风途鳗鱼,#NAME?等待补充//预设分级：批量生成
滑稽鲶鱼,#NAME?等待补充//预设分级：批量生成
蛇头鳢,#NAME?等待补充//预设分级：批量生成
粗纹松鲷,#NAME?等待补充//预设分级：批量生成
新骨舌鱼,#NAME?等待补充//预设分级：批量生成
运河鲷鱼,#NAME?等待补充//预设分级：批量生成
虹色隆头鱼,#NAME?等待补充//预设分级：批量生成
运河鼓,#NAME?等待补充//预设分级：批量生成
蝴蝶鳐,#NAME?等待补充//预设分级：批量生成
水鲯鲭,#NAME?等待补充//¤{storage:MissFisherGetTranslationByIndex( 预设备注水鲯鲭 , 0${pd:空天姬配置[界面语言]} )}//预设分级：批量生成
钟情蚌,#NAME?等待补充//预设分级：批量生成
被遗忘的鱼,#NAME?等待补充//预设分级：批量生成
红铜鲨,#NAME?等待补充//预设分级：批量生成
金色昨日,#NAME?等待补充//预设分级：批量生成
星河镜银鲫,#NAME?等待补充//预设分级：批量生成
绯红女王,#NAME?等待补充//预设分级：批量生成
亚历山德里亚鲤鱼,平钓=【亚历山德里亚鲤鱼】引诱//预设分级：批量生成
stell451,平钓 全部//预设分级：有效的
stell452,大鱼 全部=不撒饵、收藏品、不收集//预设分级：有效的
stell453,平钓 拍【？45701】！！=引诱、不撒饵=专一【45701】//预设分级：有效的
stell454,大鱼 拍【？45704】！！=引诱、不撒饵、收藏品、不收集//预设分级：有效的
stell455,平钓 拍【任何】全部=不撒饵//预设分级：有效的
stell456,大鱼 拍【？45710】！！=引诱、不撒饵、收藏品、不收集//预设分级：有效的
stell457,大鱼 拍【45712】16~！！=引诱、不撒饵、收藏品、不收集//预设分级：有效的
stell458,平钓 拍全部【？45717】！=1【45717】；引诱、不撒饵》阶段 平钓 拍【？45718】！！=引诱、不撒饵《//预设分级：有效的
stell459,耐心 拍！！【占位】！=引诱、不撒饵、收藏品、不收集//预设分级：有效的
stell460,平钓 拍【任何】！=2【任何】；引诱、不撒饵》阶段 平钓 拍【任何】！！=引诱、不撒饵《//预设分级：有效的
stell461,耐心 全部=收藏品、不收集//预设分级：有效的
stell462,大鱼 拍【？45734】！=引诱、不撒饵、收藏品//预设分级：有效的
stell463,平钓（45949）！=1【45735】；引诱、不撒饵》阶段 平钓（45950）拍【45735】！=1【45738】；引诱、不撒饵》阶段 平钓 ！！=1【45736】；引诱、不撒饵》阶段 平钓 （45949）拍【45736】！！=引诱、不撒饵《《《//预设分级：有效的
stell464,平钓 拍~15！【？45743】15~！=引诱、不撒饵=专一【45743】=双提//预设分级：有效的
stell465,耐心 拍全部【占位】16~！！+！！！华丽=收藏品、不收集//预设分级：有效的
stell466,平钓（45954）拍【？45749】全部强力=1【45753】；1【45752】；引诱、不撒饵》阶段 平钓（45955）全部强力=1【45750】；引诱、不撒饵》阶段 平钓 拍【任何】！=引诱、不撒饵《《//预设分级：有效的
stell467,大鱼 拍~18！！【？45758】18~！！！=引诱、收藏品、不收集、不撒饵//预设分级：有效的
stell468,大鱼 拍【？45763】！！=引诱、不撒饵、收藏品=专一【45763】=华丽》拍水后 大鱼 ！！华丽=引诱、不撒饵、收藏品//预设分级：有效的
stell469,平钓（45952）拍全部【45764、45765】！=1【45764】；1【45765】；引诱、不撒饵》阶段 平钓（45953）拍全部【45764】！=1【45766】；引诱、不撒饵》阶段 平钓 拍【45766】！！=引诱、不撒饵《《//预设分级：有效的
stell470,平钓 拍全部【占位】！！！三提=引诱、不撒饵、多提=专一【45772】=三提//预设分级：有效的
stell471,耐心 拍全部【占位】！！=引诱、不撒饵、收藏品、不收集//预设分级：有效的
stell472,平钓 拍！！【？45782】！！！三提=引诱、不撒饵=专一【45782】》鱼识 平钓拍【45782】！！！=引诱、不撒饵//预设分级：有效的
stell473,大鱼 拍~16.5！！【45785】16.5~！！=引诱、不撒饵、收藏品=专一【45788】//预设分级：有效的
stell474,平钓 拍全部【占位】14~！三提=多提//预设分级：有效的
stell475,大鱼 拍！！【45796】19.5~！！华丽=引诱、收藏品、不收集、不撒饵//预设分级：无错误
stell476,大鱼 拍！【45799】22~！华丽=不撒饵、鱼影、收藏品//预设分级：有效的
stell477,大鱼 全部=2【任何】；收藏品、不收集、不撒饵》阶段 平钓 拍【45827】！！=不撒饵》拍水后 大鱼30~ ！！=知识、不撒饵、鱼影、收藏品、不收集《//预设分级：有效的
stell478,耐心 全部//预设分级：需改进
stell479,//预设分级：需改进
stell480,平钓 拍全部【占位】！！！三提=18【任何】；多提》阶段 平钓 全部《//预设分级：有效的
stell481,平钓 拍！！【？45870】15+29~！！！=引诱//预设分级：有效的
stell482,//预设分级：需改进
stell483,平钓 （45962）拍17~！【任何】！！=1【45808】；引诱、不撒饵》阶段 平钓 （45964）拍14.5~！【45804、45805、45806】！！！=1【45809】；引诱、不撒饵》阶段 平钓 拍~17+25！【45804、45805】7.5+13.5~9+17！=1【45806】；》阶段 平钓 （45962）拍！【45804、45805】10+19.5~！=1【45807】；不撒饵》阶段 平钓 拍【任何】~9.5+17！《《《《//预设分级：最优化
stell483-1,平钓 （45962）拍！【45807】！！=1【45808】；引诱、不撒饵》阶段 平钓 （45964）拍14.5~！【45804、45805、45806】！！！=1【45809】；引诱、不撒饵》阶段 平钓 拍~17+25！【45804、45805】7.5+13.5~9+17！=1【45806】；》阶段 平钓 （45962）拍！【45804、45805】10+19.5~！=1【45807】；不撒饵》阶段 平钓 拍【任何】~9.5+17！《《《《//预设分级：最优化
stell484,耐心 拍【？45844】！》11.5~！！》！！+！！！=引诱、不撒饵、套娃//预设分级：有效的
stell485,大鱼 拍！！【45811】！！！=引诱、收藏品、不收集、不撒饵//预设分级：有效的
stell486,平钓（45959）拍【45848】！！=1【45848】；1【45850】；引诱、不撒饵》阶段 平钓 （45960）！《//预设分级：无错误
stell487,耐心 拍~21！【占位】（！！）21~！华丽=不撒饵、收藏品、不收集=专一【45882】=华丽//预设分级：无错误
stell488,平钓 拍16~！【？45856】！！+！！！=1【？45856】；不撒饵、引诱》阶段 大鱼 拍！！【？45856】！！！华丽=4【45856】；收藏品、不收集、不撒饵、引诱=专一【45856】=华丽》阶段 大鱼 拍21~！！【占位】16~！+！！！华丽=收藏品、不收集、不撒饵、引诱=专一【45858、45856】=华丽《《//预设分级：有效的
stell489,//预设分级：需改进
stell490,大鱼 拍~15！！【45817】！！！=收藏品、不收集、不撒饵、引诱//预设分级：无错误
stell491,//预设分级：需改进
stell492,//预设分级：需改进
stell493,平钓 拍全部【占位】14~！！！三提=18【任何】；多提》阶段 平钓 全部《//预设分级：需改进
stell494,//预设分级：需改进
stell495,//预设分级：需改进
stell508,平钓 8+13~！！！三提=7【45917】；回收、多提//预设分级：有效的
stell509,平钓 拍【？45922】~14.5！！=3【45922】；引诱、不撒饵//预设分级：有效的
stell509-1,平钓 拍【？45922】~14.5！！=2【45922】；引诱、不撒饵//该钓法只能银牌提交，原因是银牌效率高//预设分级：有效的
stell510,平钓 10+20~！！三提=7【45928】；回收、多提//金牌流程：关闭submit模块→启动ktj钓到7条→再启动ktj钓到7条共14条→使用恩宠&强心剂（如果可用）→制作2次→再启动ktj钓到7条→制作1次//预设分级：无错误
stell511,//预设分级：需改进
stell542,平钓 拍【？45937】！！//预设分级：有效的
stell543,平钓 ！！//预设分级：有效的
stell544,平钓 ！！//预设分级：有效的
dia1,平钓（云冠浮游虫）11~！三提=不撒饵、回收//¤{storage:MissFisherGetTranslationByIndex( 预设备注三提七条所需获得力3450 , 0${pd:空天姬配置[界面语言]} )}//预设分级：有效的
dia2,平钓（云冠大蚊）（！！！）15~！三提=不撒饵、回收//¤{storage:MissFisherGetTranslationByIndex( 预设备注三提七条所需获得力3450 , 0${pd:空天姬配置[界面语言]} )}//预设分级：有效的
dia3,空天姬预设 第四期重建用的特供雕塑家//预设分级：重定向
dia4,平钓（云冠气球虫）拍~14！！【第四期重建用的不死鱼】！！！=不撒饵、引诱》拍水后 平钓！！！=引诱//预设分级：有效的
dia5,平钓（云冠红气球虫）拍~10.5！【第四期重建用的清澈冰战神】！！！精准=不撒饵、引诱》拍水后 平钓！！！精准=引诱//预设分级：有效的
dia6,平钓（云冠大蚊）拍~10.5！【第四期重建用的清澈冰战神】！！！精准=不撒饵、引诱》拍水后 平钓！！！精准=引诱//预设分级：有效的
dia7,平钓（云冠红气球虫）拍~14！！【第四期重建用的不死鱼】！！！=不撒饵、引诱》拍水后 平钓！！！=引诱//预设分级：有效的
重定向,//预设分级：非预设
蛋,空天姬预设 惊喜蛋//预设分级：重定向
蝶,空天姬预设 镜中蝶//预设分级：重定向
水蛇,空天姬预设 隆卡的大水蛇？//预设分级：重定向
帆,空天姬预设 长吻帆蜥鱼//预设分级：重定向
老鼠,空天姬预设 沙里贝涅//预设分级：重定向
螺,空天姬预设 云海蝴蝶螺//预设分级：重定向
普海稀有,11//预设分级：非预设
醉鱼,平钓（磷虾）~11！（碧空、晴朗、阴云、薄雾、微风、强风、小雨、暴雨、打雷、雷雨、扬沙、热浪、小雪、暴雪）=不撒饵、重随=专一【加拉迪翁鳀鱼】=双重》鱼识 平钓 拍~9+16.5！！【猎豹鳗、碧玉头、暗淡鲨】！！！（碧空、晴朗、阴云、薄雾、微风、强风、小雨、暴雨、打雷、雷雨、扬沙、热浪、小雪、暴雪）=【醉鱼】引诱//预设分级：合格的
小利维亚桑,大鱼（磷虾）~9！！》~14！！（碧空、晴朗、阴云、薄雾、小雨、暴雨、打雷、雷雨、扬沙、热浪、小雪、暴雪）=不撒饵、引诱》鱼识 平钓（刺螠）拍【莫莫拉·莫拉】10+16.5~16+28.6！！！（碧空、晴朗、阴云、薄雾、小雨、暴雨、打雷、雷雨、扬沙、热浪、小雪、暴雪）=【小利维亚桑】引诱//预设分级：合格的
海流星,大鱼（石沙蚕）拍【浮冰鱼】~13.5！》~16.5！！（碧空、晴朗、阴云、薄雾、微风、强风、小雨、暴雨、打雷、雷雨、扬沙、热浪）=引诱、不撒饵》鱼识 平钓拍~8+13.5！【海投刀】~16+28！！！精准（碧空、晴朗、阴云、薄雾、微风、强风、小雨、暴雨、打雷、雷雨、扬沙、热浪）=【海流星】引诱//¤{storage:MissFisherGetTranslationByIndex( 预设备注海流星 , 0${pd:空天姬配置[界面语言]} )}//预设分级：合格的
海铠靴,平钓（刺螠）拍【罗塔诺梭子鰆】7.5~13.5！！（碧空、晴朗、阴云、薄雾、微风、强风、小雨、暴雨、打雷、雷雨、扬沙、热浪、小雪、暴雪）=引诱、不撒饵=专一【深红钓鮟鱇】》鱼识 平钓（磷虾）拍6~11！！【罗塔诺梭子鰆、深海平鱼】7+12~10.5+19.5！！！（碧空、晴朗、阴云、薄雾、微风、强风、小雨、暴雨、打雷、雷雨、扬沙、热浪、小雪、暴雪）=【海铠靴】引诱//预设分级：合格的
谢尔达莱结晶,平钓（石沙蚕）5.5~10！（碧空、晴朗、阴云、薄雾、微风、强风、小雨、暴雨、打雷、雷雨、扬沙、热浪、小雪、暴雪）=重随、不撒饵=专一【金属箱】=双重》鱼识 平钓（磷虾）拍~7+12！！【龟甲蟹】8+15~13.5+25.5！！！（碧空、晴朗、阴云、薄雾、微风、强风、小雨、暴雨、打雷、雷雨、扬沙、热浪、小雪、暴雪）=【谢尔达莱结晶】引诱//预设分级：合格的
素面,平钓（石沙蚕）拍6+10.5！！【真鲹】！！！（碧空、晴朗、阴云、薄雾、微风、强风、小雨、暴雨、打雷、雷雨、扬沙、热浪、小雪、暴雪）=引诱、不撒饵》鱼识 平钓（磷虾）拍6+10.5！！【真鲹】9.5~14.5！！！（碧空、晴朗、阴云、薄雾、微风、强风、小雨、暴雨、打雷、雷雨、扬沙、热浪、小雪、暴雪）=【素面】不撒饵、引诱//预设分级：合格的
银杏鱼,平钓（石沙蚕）拍~6.1！【暗鸦鲀】6.2~10.5！双重（碧空、晴朗、阴云、薄雾、微风、强风、小雨、暴雨、打雷、雷雨、扬沙、热浪、小雪、暴雪）=3【罗斯利特海带】；不撒饵、多提》鱼识 平钓 拍！【罗斯利特海带】6+11~10.5+18！！！精准（碧空、晴朗、阴云、薄雾、微风、强风、小雨、暴雨、打雷、雷雨、扬沙、热浪、小雪、暴雪）=【银杏鱼】引诱//预设分级：合格的
幽暗鲨,平钓（石沙蚕）拍~4+7！【妖歌贻贝】9+17-15.5+29！（碧空、晴朗、阴云、薄雾、微风、强风、小雨、暴雨、打雷、雷雨）=引诱=专一【诗人的笛子】》鱼识 平钓（刺螠）拍6+10~10.5+18！！【箭头乌贼】7+12~13+23！！！（碧空、晴朗、阴云、薄雾、微风、强风、小雨、暴雨、打雷、雷雨）=【幽暗鲨】引诱//预设分级：合格的
水引鱼,大鱼（石沙蚕）拍【漩涡螺】5~9！》6.5-12！！！双提（碧空、晴朗、阴云、薄雾、微风、强风、小雨、暴雨、打雷、雷雨）=2【鼠鲨】；重随、多提、不撒饵》鱼识 平钓拍！【漩涡螺、斑纹虾】8+15-14+26！！！精准（碧空、晴朗、阴云、薄雾、微风、强风、小雨、暴雨、打雷、雷雨）=【水引鱼】引诱//预设分级：合格的
天之虎,平钓（石沙蚕）4-7！（碧空、晴朗、阴云、薄雾、微风、强风、小雨、暴雨、打雷、雷雨）=3【深红巨藻】；不撒饵、引诱=专一【深红巨藻】=双提》鱼识 平钓（磷虾）拍6+10~10+18！！【暗礁乌贼】9+16~！！！（碧空、晴朗、阴云、薄雾、微风、强风、小雨、暴雨、打雷、雷雨）=【天之虎】引诱//预设分级：合格的
茂鲨,平钓（石沙蚕）6-10！（碧空、晴朗、阴云、薄雾、微风、强风、小雨、暴雨、打雷、雷雨）=3【平铲鲫鱼】；引诱、不撒饵=专一【平铲鲫鱼】=双提》鱼识 平钓（刺螠）拍~8+15！！【延夏鳖、延夏蝶鲟】9.5+17~！！！（碧空、晴朗、阴云、薄雾、微风、强风、小雨、暴雨、打雷、雷雨）=【茂鲨】引诱//预设分级：合格的
冲分幻海,27
ps0111,耐心（石沙蚕）全部=专一【灵敏舞者】
ps0112,平钓（石沙蚕）6.5-！三重
ps0114,平钓（磷虾）7-！三重=专一【浮游碟鱼】=三重
ps0215,平钓（刺螠）7.5-！！三重=专一【浮游翻车鱼】=三重
ps0213,平钓（磷虾）5-！！三重
ps0216,平钓（石沙蚕）5.5-！三重=专一【歼灭者】=三重
ps0315,平钓（刺螠）7.5-！！三重=专一【浮游翻车鱼】=三重
ps0314,平钓（磷虾）7-！三重
ps0317,平钓（磷虾）5-！！三重=专一【珍珠爆弹】=三重
ps0412,平钓（石沙蚕）6.5-！三重
ps0411,平钓（磷虾）-2.9！！三重=专一【人鱼发】=三重
ps0413,平钓（刺螠）！！！三重=引诱
ps0511,平钓（刺螠）！！！三重=引诱=专一【漏斗鲨】=三重
ps0512,耐心（石沙蚕）拍【太阳神面纱】全部》全部
ps0514,平钓（刺螠）！！！三重=引诱=专一【处刑者】=三重
ps0615,平钓（刺螠）~3.1！！！三重=引诱
ps0613,平钓（刺螠）！！！三重=引诱
ps0616,平钓（刺螠）7.5-！！！三重=专一【石英锤头鲨】=三重
ps0715,平钓（刺螠）~3.1！！！三重=引诱
ps0714,平钓（刺螠）！！！三重=引诱=专一【处刑者】=三重
ps0717,平钓（磷虾）5.5~！！=专一【刀颚鱼】=三重
ps0812,耐心（石沙蚕）拍【太阳神面纱】全部》全部
ps0811,耐心（石沙蚕）全部=专一【灵敏舞者】
ps0813,平钓（石沙蚕）6.5-！三重=专一【珊瑚海马】=三重
ps0911,平钓（磷虾）-2.9！！三重=专一【人鱼发】=三重
ps0912,耐心（石沙蚕）拍【太阳神面纱】全部》全部=专一【秘银君】
ps0914,平钓（石沙蚕）3.6~4.5！三重
ps1015,平钓（刺螠）-7.6！！！三重=引诱
ps1013,平钓（石沙蚕）6.5-！三重
ps1016,平钓（刺螠）7.5-！！！三重=专一【石英锤头鲨】=三重
ps1115,平钓（刺螠）-7.6！！！三重=引诱
ps1114,平钓（石沙蚕）3.6~4.5！三重
ps1117,平钓（磷虾）5-！！三重=专一【珍珠爆弹】=三重
ps1212,耐心（石沙蚕）拍【太阳神面纱】全部》全部=专一【秘银君】
ps1211,平钓（刺螠）！！！三重=引诱=专一【漏斗鲨】=三重
ps1213,平钓（磷虾）5-！！三重=专一【幻纱披风】=三重
ps0121,平钓（磷虾）！！三重=引诱=专一【妮美雅的纺车】=三重
ps0122,耐心（刺螠）！！+！！！《【小判鯙】》鱼识 耐心（磷虾）拍~5！！！【占位】~4！！》！！+！！！=套娃//琉璃龙
ps0123,平钓（刺螠）5-！！三重
ps0221,耐心（磷虾）全部=专一【鲜艳粉红虾、伪装章鱼】
ps0222,平钓（磷虾）6-！！三重=专一【毒平鲹】=三重
ps0224,平钓（石沙蚕）3.1~！三重
ps0321,耐心（磷虾）全部=专一【鲜艳粉红虾、伪装章鱼】
ps0322,平钓（磷虾）6-！！三重=专一【毒平鲹】=三重
ps0323,平钓（刺螠）5-！！三重
ps0421,平钓（磷虾）~5！！三重
ps0422,平钓（刺螠）4~6！！三重
ps0424,平钓（石沙蚕）3.1~！三重
ps0521,平钓（磷虾）~5！！三重
ps0522,平钓（刺螠）4~6！！三重
ps0523,平钓（刺螠）5-！！三重
ps0621,平钓（磷虾）！！三重=引诱=专一【妮美雅的纺车】=三重
ps0622,耐心（刺螠）！！+！！！《【小判鯙】》鱼识 耐心（磷虾）拍~5！！！【占位】~4！！》！！+！！！=套娃//琉璃龙
ps0624,平钓（石沙蚕）3.1~！三重
成就普海,5
an011201,平钓（石沙蚕）拍！！！精准【占位】~4.5！三重=不撒饵收藏
an021501,平钓（磷虾）~12.1！！=不撒饵、引诱
an021301,平钓（磷虾）~17.6！！=引诱不撒饵=专一【蜘蛛蟹】=三重
an021601,平钓（石沙蚕）拍4.5-7.6！【占位】（！！！）14-！三重=不撒饵=专一【染血抛光蟹】=三重
an031501,平钓（石沙蚕）拍~9！三重【占位】11~！！！精准=不撒饵
an031502,平钓（刺螠）拍12.5~！！！精准【占位】12~！！=不撒饵、引诱
an031401,平钓（石沙蚕）拍21.5~！！！【占位】11~15.5！三重=不撒饵
an031701,平钓（石沙蚕）拍~6！【占位】12~！三重=不撒饵=专一【蜂巢鱼】=三重
an051101,平钓（刺螠）！！！=引诱不撒饵
an051111,平钓（刺螠）拍9+18-！！【青色章鱼、碧玉头】！！！=引诱不撒饵
an051401,平钓（刺螠）拍-21！！！三重【占位】21.5-！！！=引诱不撒饵=专一【铬铁锤头鲨】=三重
an081201,平钓（石沙蚕）9-16！三重=不撒饵
an081211,平钓（磷虾）10+21.5-！！！精准=引诱不撒饵
an101501,平钓（刺螠）拍12.5~！！！精准【占位】12.1~！！三重=不撒饵
an111501,平钓（石沙蚕）拍~10.5！三重【占位】11~！！！精准=不撒饵
an111401,平钓（石沙蚕）拍21.5~！！！【占位】11~15.5！三重=不撒饵
an111701,平钓（石沙蚕）拍~6！【占位】12~！三重=不撒饵=专一【蜂巢鱼】=三重
an121101,平钓（磷虾）拍17~19.5！！【占位】（！！！）19.6~！！三重=引诱不撒饵
an012101,平钓（磷虾）拍14~！！！【占位】9~18！！三重=收藏不撒饵
an012201,平钓（刺螠）拍17~！！！精准【占位】13~！！三重=不撒饵
an012301,平钓（磷虾）拍15.5~！！！【占位】10~17.5！！三重=收藏不撒饵
an022101,平钓（石沙蚕）4.5~7！三重=收藏不撒饵
an022201,平钓（石沙蚕）拍17~！！！精准【占位】15~！三重=引诱收藏不撒饵
an022102,平钓（磷虾）拍13.5~！！！【占位】8.5~14.5！三重=收藏不撒饵
an022202,平钓（石沙蚕）5.5~9！三重=收藏不撒饵
an022402,平钓（石沙蚕）拍17~！！！【占位】14.5~23.5！三重=引诱收藏不撒饵
an032101,平钓（磷虾）拍13.5~！！！【占位】8.5~14.5！三重=收藏不撒饵
an032201,平钓（石沙蚕）5.5~9！三重=收藏不撒饵
an032301,平钓（石沙蚕）拍15.5~！！！【占位】10-17.5！三重=收藏不撒饵
an042101,平钓（石沙蚕）4.5~7！三重=收藏不撒饵
an042201,平钓（石沙蚕）拍17~！！！精准【占位】15~！三重=引诱收藏不撒饵
an052101,平钓（磷虾）拍14~！！！【占位】9~18！！三重=收藏不撒饵
an052201,平钓（刺螠）拍17~！！！精准【占位】13~！！三重=不撒饵
an052301,平钓（磷虾）拍15.5~！！！【占位】10~17.5！！三重=收藏不撒饵
成就幻海,13
as011201,平钓（石沙蚕）6.5-！三重=收藏
as011401,平钓（磷虾）7-！三重=收藏
as021501,平钓（磷虾）~3！！三重=收藏
as021301,平钓（石沙蚕）拍【狂野海胆】5~！=专一【剪碎手巴塞洛缪】=三重》拍水后 平钓 5~6！三重=收藏
as021601,平钓（石沙蚕）拍~3！三重【占位】5.5-！三重=收藏
as031501,平钓（石沙蚕）~3！三重=收藏
as031401,平钓（石沙蚕）3.6~4.5！三重=收藏
as031701,平钓（磷虾）拍2~3！三重【占位】5-7！！三重=收藏
as031502,平钓（刺螠）~3！！！三重=收藏
as031702,平钓（刺螠）拍4.3~5！！【占位】5~！！三重=收藏
as051101,平钓（刺螠）拍！！【占位】！！！三重
as051401,平钓（刺螠）拍5~7！！【占位】！！！三重=专一【处刑者】=三提
as081201,大鱼（石沙蚕）-5！》4-！！三重
as081301,平钓（石沙蚕）6.5-！三重=收藏=专一【珊瑚海龙】=三重
as101501,平钓（刺螠）~3！！！三重=收藏
as101601,平钓（磷虾）拍4.3~5【占位】5~！！三重=收藏
as111501,平钓（石沙蚕）~3！三重=收藏
as111401,平钓（石沙蚕）3.6~4.5！三重=收藏
as111701,平钓（磷虾）拍2~3！三重【占位】5-7！！三重=收藏
as121101,平钓（磷虾）~3！！三重=收藏
as121301,平钓（磷虾）5-！！三重=收藏
as012101,平钓（磷虾）~5！！三重=收藏
as012201,平钓（刺螠）4~6！！三重=收藏
as012301,平钓（磷虾）3~！！三重=收藏
as022101,平钓（石沙蚕）~4.5！三重=收藏
as022201,平钓（石沙蚕）4.5~！三重=收藏
as022401,平钓（石沙蚕）4.6~！三重=收藏
as022102,平钓（磷虾）6-7.5！三重=收藏
as022202,平钓（石沙蚕）~3！三重=收藏
as022402,平钓（石沙蚕）3~4.5！三重=收藏
as032101,平钓（磷虾）6-7.5！三重=收藏
as032201,平钓（石沙蚕）~3！三重=收藏
as032301,平钓（石沙蚕）3~4.4！三重=收藏
as042101,平钓（石沙蚕）~4.5！三重=收藏
as042201,平钓（石沙蚕）4.5~7.5！三重=收藏
as042401,平钓（石沙蚕）4.6~！三重=收藏
as052101,平钓（磷虾）~5！！三重=收藏
as052201,平钓（刺螠）4~6！！三重=收藏
as052301,平钓（磷虾）3~！！三重=收藏
成就幻后,1
aasn011201,平钓（石沙蚕）~4.5！三重=不撒饵收藏
aasn021501,平钓（磷虾）~12.1！！=不撒饵、引诱
aasn021301,平钓（磷虾）~17.6！！=引诱不撒饵=专一【蜘蛛蟹】=三重
aasn021601,平钓（石沙蚕）拍4.5-7.6！【占位】14-！三重=不撒饵=专一【染血抛光蟹】=三重
aasn031501,平钓（石沙蚕）拍9~10.6！【占位】~9！三重=不撒饵
aasn031502,平钓（刺螠）12~！！=不撒饵、引诱
aasn031401,平钓（石沙蚕）11~15.5！三重=不撒饵
aasn031701,平钓（石沙蚕）拍~6！【占位】12~！三重=不撒饵=专一【蜂巢鱼】=三重
aasn051101,平钓（刺螠）！！！三重=引诱不撒饵
aasn051401,平钓（刺螠）！！！三重=引诱不撒饵=专一【铬铁锤头鲨】=三重
aasn081201,平钓（石沙蚕）9-16！三重=不撒饵
aasn101501,平钓（刺螠）12.1~！！三重=不撒饵
aasn111501,平钓（石沙蚕）拍9~10.6！【占位】~9！三重=不撒饵
aasn111401,平钓（石沙蚕）11~15.5！三重=不撒饵
aasn111701,平钓（石沙蚕）拍~6！【占位】12~！三重=不撒饵=专一【蜂巢鱼】=三重
aasn121101,平钓（磷虾）拍17~19.5！！【占位】19.5~！！三重=引诱不撒饵
aasn012101,平钓（磷虾）9~18！！三重=收藏不撒饵
aasn012201,平钓（刺螠）13~！！三重=不撒饵
aasn012301,平钓（磷虾）10~17.5！！三重=收藏不撒饵
aasn022101,平钓（石沙蚕）4.5~7！三重=收藏不撒饵
aasn022201,平钓（石沙蚕）15~！三重=引诱收藏不撒饵
aasn022102,平钓（磷虾）8.5~14.5！三重=收藏不撒饵
aasn022202,平钓（石沙蚕）5.5~9！三重=收藏不撒饵
aasn022402,平钓（石沙蚕）14.5~23.5！三重=引诱收藏不撒饵
aasn032101,平钓（磷虾）8.5~14.5！三重=收藏不撒饵
aasn032201,平钓（石沙蚕）5.5~9！三重=收藏不撒饵
aasn032301,平钓（石沙蚕）10-17.5！三重=收藏不撒饵
aasn042101,平钓（石沙蚕）4.5~7！三重=收藏不撒饵
aasn042201,平钓（石沙蚕）15~！三重=引诱收藏不撒饵
aasn052101,平钓（磷虾）9~18！！三重=收藏不撒饵
aasn052201,平钓（刺螠）13~！！三重=不撒饵
aasn052301,平钓（磷虾）10~17.5！！三重=收藏不撒饵
蓝鱼幻海,23
ls0216,平钓（潮虫）~3！！双重=2【幸福愿景】；=专一【幸福愿景】=双重》阶段 平钓~3！！《》鱼识 平钓拍！！【锯齿蛤蜊、幸福愿景】6~！！！精准=引诱//横路不通/海洋蟾蜍
ls0411,平钓（磷虾）拍3~4.6！【海神印】~2.9！双重=2【天堂之钥】；》阶段 平钓 拍~2.9！【天堂之钥】3~4.6！《 》鱼识 平钓（火萤）拍【巨食鮟鱇、海神印、天堂之钥】5~！！+！！！=引诱//索蒂斯/依拉丝莫龙
ls0413,平钓（刺螠）~8！！！双重=2【守领鳍龙】；=专一【守领鳍龙】=双重》阶段 平钓（刺螠）~8！！！《》鱼识 平钓（重铁板钩）拍~8.5！！！【守领鳍龙】8.5~！！！=引诱//索蒂斯/依拉丝莫龙
ls0512,大鱼（石沙蚕）拍【寄生幸存者】~4.5！》~3.5！！双重=多提》鱼识 平钓（小虾肉笼）拍~3.5！！【海难船帆】！！！=引诱//捕鲨人/冲分/珊瑚蝠鲼
ls0615,平钓（刺螠）拍3~4.5！！【雾须酒杯】~3.5！！！双重=2【喷射蝠鲼】；=专一【喷射蝠鲼】》阶段 平钓（乌贼丝）拍~3.5！！！【喷射蝠鲼】3~4.5！！《》鱼识 平钓（乌贼丝）拍~3.5！！！【雾须酒杯、喷射蝠鲼】8.5~！！！=引诱//哈弗古法/依拉丝莫龙
ls0613,平钓（刺螠）~8！！！双重=2【守领鳍龙】；=专一【守领鳍龙】=双重》阶段 平钓（刺螠）~8！！！《》鱼识 平钓（重铁板钩）拍~8.5！！！【守领鳍龙】8.5~！！！=引诱//哈弗古法/依拉丝莫龙
ls0715,平钓（刺螠）拍3~4.5！！【雾须酒杯】~3.5！！！双重=2【喷射蝠鲼】；=专一【喷射蝠鲼】》阶段 平钓（乌贼丝）拍~3.5！！！【喷射蝠鲼】3~4.5！！《》鱼识 平钓（乌贼丝）拍~3.5！！！【雾须酒杯、喷射蝠鲼】8.5~！！！=引诱//哈弗古法/盾齿龙
ls0717,大鱼（石沙蚕）拍！【金鞋底】~5！《【罗斯利特贝】=2【罗斯利特贝】；引诱=专一【罗斯利特贝】》阶段 大鱼 拍！【金鞋底】~5！》~6！=引诱《》鱼识 大鱼（石沙蚕）拍【金鞋底】！》！+！！！=引诱//哈弗古法/盾齿龙
ls0812,大鱼（石沙蚕）拍【寄生幸存者】~4.5！》~3.5！！双重=多提》鱼识 平钓（小虾肉笼）拍~3.5！！【海难船帆】！！！=引诱//捕鲨人/冲分/珊瑚蝠鲼
ls0911,平钓（磷虾）拍3~4.6！【海神印】~2.9！双重=2【天堂之钥】；》阶段 平钓 拍~2.9！【天堂之钥】3~4.6！《 》鱼识 平钓（火萤）拍【巨食鮟鱇、海神印、天堂之钥】5~！！+！！！=引诱//索蒂斯/石骨鱼
ls0914,平钓（石沙蚕）拍5~9！！【深海鳗】3-5！=1【沉寂者】；》阶段 平钓（沟鼠尾巴）5~9！！《》鱼识 平钓（沟鼠尾巴）拍【沉寂者、深海鳗】9.5~！！！=引诱//索蒂斯/石骨鱼
ls1114,平钓（石沙蚕）拍5~9！！【深海鳗】3-5！=1【沉寂者】；》阶段 平钓（沟鼠尾巴）5~9！！《》鱼识 平钓（沟鼠尾巴）拍【沉寂者、深海鳗】9.5~！！！=引诱//气鲀四海/石骨鱼
ls0122,大鱼（刺螠）拍~3.1！！《【小判鯙】~5！！！双重=1【捷疾鬼】；》阶段 大鱼拍~3.1！！《【小判鯙】~5！！！《》鱼识 大鱼（磷虾）拍~5！！！【占位】~4！！》！！+！！！=套娃//琉璃龙
ls0323,平钓（刺螠）拍3-4.5！！双重【芭蕉乌贼】4.5~！！=1【巨型真鱿】；》阶段 平钓（磷虾）3-4.5！！双重=专一【芭蕉乌贼】《》鱼识 平钓（乌贼丝）拍【芭蕉乌贼、巨型真鱿】！！！=引诱//狱之蟹
ls0421,平钓（刺螠）！！！三提=2【潜底腔棘鱼】；=专一【潜底腔棘鱼】=双重》阶段 平钓！！！=专一【潜底腔棘鱼】《》鱼识 平钓（青花鱼块）拍！！！【潜底腔棘鱼】7~！！！=引诱//塔尼瓦
ls0521,平钓（刺螠）！！！三提=2【潜底腔棘鱼】；=专一【潜底腔棘鱼】=双重》阶段 平钓！！！=专一【潜底腔棘鱼】《》鱼识 平钓（青花鱼块）拍！！！【潜底腔棘鱼】7~！！！=引诱//塔尼瓦
ls0622,大鱼（刺螠）拍~3.1！！《【小判鯙】~5！！！双重=1【捷疾鬼】；》阶段 大鱼拍~3.1！！《【小判鯙】~5！！！《》鱼识 大鱼（磷虾）拍~5！！！【占位】~4！！》！！+！！！=套娃//琉璃龙
ls0624,平钓（石蝇幼虫）拍3~4.5！【玄水虾】~3.1！双重=2【无二虾虎】；=专一【无二虾虎】》阶段 平钓3~4.5！《》鱼识 平钓拍！【玄水虾、无二虾虎】！！！=引诱//梅泉宝龟