全提,Reel In All,全部
耐心全提,Mooch All,ペーシェンス全部
攒鱼计,AA Stacking,AA蓄積
练级,Leveling,レベリング
近东虾,Jhinga,ジンガ
星尘虾,Stardust Shrimp,スターダストシュリンプ
云旗鱼,Cloudsail,クラウドセイルフィッシュ
巧儿海陆行鸟,Castaway Chocobo Chick,海チョコチョコボ
魔法水桶,Magic Bucket,マジックバケツ
桶眼鱼,Barreleye,バレルアイ
灵岩之剑,Fleeting Brand,霊岩の剣
斑斓菊石螺,Aapoak,アーポアク
月面死亡蠕虫,Lunar Deathworm,ルナ・デスワーム
克雷拉鲤,Cleyran Carp,クレイランカープ
佐戈秃鹰,Zorgor Condor,ゾーゴーコンドル
佐戈秃鹰万能拟饵,Zorgor Condor Versatile Lure,ゾーゴーコンドル万能ルアー
佐戈秃鹰仙人刺拟饵,Zorgor Condor Cactuar Jig,ゾーゴーコンドルサボテンダージグ
云蜂,Cloud Wasp,クラウドワスプ
铲鼻鲶,Shovelnose Catfish,シャベルノーズキャット
角蛙,Horned Frog,ホーンドフロッグ
天钢钓竿,Skysteel tool,スカイスチールツール
智慧珊瑚,Thinker's Coral,智慧珊瑚
龙骨贝,Dragonspine,竜骨貝
梅花贝,Petal Shell,梅花貝
亚拉戈猎手,Allagan Hunter,アラガンハンター
点火鱼,Flintstrike,ファイアエミッター
褪色球球,Pickled Pom,ポクリポン
莫雯钓竿,Splendorous Tools,モーエンツール
白金海马,Platinum Seahorse,プラチナホース
击木灯塔守卫,Clavekeeper,クレイヴキーパー
镜中影,Mirror Image,手鏡の残像
亮片巨骨舌鱼,Spangled Pirarucu,シークインピラルク
黄遁鱼,Gold Dustfish,イエローサブマリナー
得到宽恕的忧郁,Forgiven Melancholy,フォーギヴン・メランコリー
油膜鱼,Oil Slick,オイルスリッカー
贡萨洛蛞蝓,Gonzalo's Grace,ゴンザーロスラッグ
黑木块,Deadwood Shadow,黒き木塊
隆卡金块,Ronkan Bullion,ロンカブリオン
丰饶虹鳉,Little Bounty,バウンティグッピー
圣法斯里克的石头脑袋,Saint Fathric's Face,聖ファスリクの石頭
空岛预设,the Diadem,ディアデム諸島
第四期重建用的特供蓝色风暴,Grade 4 Artisanal Skybuilders' Lightning Chaser,第四次復興用の特注ブルーストーム
第四期重建用的特供巨脉蜻蜓,Grade 4 Artisanal Skybuilders' Meganeura,第四次復興用の特注メガネウラ
第四期重建用的特供雕塑家,Grade 4 Artisanal Skybuilders' Sculptor,第四次復興用の特注スカルプター
第四期重建用的特供红波太郎,Grade 4 Artisanal Skybuilders' Crimson Namitaro,第四次復興用の特注レッドナミタロ
鱼眼预设,Fish Eyes Preset,フィッシュアイプリセット
鱼眼斑斓菊石螺,Fish Eyes Aapoak,フィッシュアイアーポアク
鱼眼雷神光,Fish Eyes Levinlight,フィッシュアイレヴィンライト
鱼眼金色皮皮拉鱼,Fish Eyes Golden Pipira,フィッシュアイゴールデンピピラ
鱼眼圣鳟贞德,Fish Eyes Joan of Trout,フィッシュアイジャンヌ・トラウト
鱼眼浓盐鲀,Fish Eyes The Salter,フィッシュアイソルター
鱼眼鱼大叔,Fish Eyes Cupfish,フィッシュアイオヤジウオ
鱼眼断指龙虾,Fish Eyes Fingers,フィッシュアイフィンガーズ
鱼眼滑溜帝王,Fish Eyes Slime King,フィッシュアイヌルヌルキング
鱼眼公主青鳉,Fish Eyes Princess Killifish,フィッシュアイヒメダカ
鱼眼维德弗尼尔,Fish Eyes Vidofnir,フィッシュアイヴィゾーヴニル
鱼眼教皇鱼,Fish Eyes The Archbishop,フィッシュアイアークビショップフィッシュ
鱼眼蝴蝶夫人,Fish Eyes Madam Butterfly,フィッシュアイマダムバタフライ
鱼眼无光层巨骨舌鱼,Fish Eyes Aphotic Pirarucu,フィッシュアイバイオガピラルク
鱼眼卜传,Fish Eyes Bokuden,フィッシュアイボクデン
鱼眼大蛇鳗,Fish Eyes Vip Viper,フィッシュアイビッグバイパー
鱼眼胸脊鲨,Fish Eyes Stethacanthus,フィッシュアイステタカントゥス
鱼眼奸隐鱼,Fish Eyes Mora Tecta,フィッシュアイモラ・テクタ
鱼皇流程依赖,Big Fish Process Dependence,ヌシプロセス依存
七彩天主计数,Warden of the Seven Hues Count,七彩天主カウント
七彩天主起手,Warden of the Seven Hues Opening,七彩天主オープン
鱼眼蓝彩鱼,Fish Eyes Indigo Prismfish,フィッシュアイ藍彩魚
鱼眼橙彩鱼,Fish Eyes Firelight Goldfish,フィッシュアイ橙彩魚
七彩天主最终,Warden of the Seven Hues Final,七彩天主ファイナル
嘎儿鱼起手,Gharlichthys Opening,ガールシクティスオープン
嘎儿鱼三提起手,Gharlichthys TH Opening,ガールシクティスTHオープン
嘎儿鱼补钓自动最终,Gharlichthys Append Auto Final,ガールシクティス追加自動ファイナル
嘎儿鱼自动最终,Gharlichthys Auto Final,ガールシクティス自動ファイナル
嘎儿鱼补钓收藏最终,Gharlichthys Append Collect Final,ガールシクティス追加収集ファイナル
嘎儿鱼收藏最终,Gharlichthys  Collect Final,ガールシクティス収集ファイナル
嘎儿鱼短流程,Gharlichthys  Short Process,ガールシクティスショートプロセス
嘎儿鱼连续窗口方案,Gharlichthys Continuous Windows Explanation,ガールシクティス連続ウィンドウ説明
法拉伊那,Phallaina,パライナ
星鲸长流程未受生魂,Sidereal Whale Long Process Unbegotten,スターホエールロングプロセスアンビゴッテン
星鲸长流程最终,Sidereal Whale Long Process Final,スターホエールロングプロセスファイナル
星鲸短流程方案,Sidereal Whale Short Process Explanation,スターホエールショートプロセス説明
星鲸短流程起手,Sidereal Whale Short Process Opening,スターホエールショートプロセスオープン
星鲸短流程最终,Sidereal Whale Short Process Final,スターホエールショートプロセスファイナル
2.0,2.0,2.0
涅普特龙,Nepto Dragon,ネプトの竜
内角石,Endoceras,エンドセラス
波太郎,Namitaro,ナミタロ
旋齿鲨,Helicoprion,ヘリコプリオン
秀尼鱼龙,Shonisaurus,ショニサウルス
杀手库诺,Kuno the Killer,クノ・ザ・キラー
金鳍蝶,Goldenfin,ゴールデンフィン
猛犸章鱼,Octomammoth,メガオクトパス
扎尔艾拉,Zalera,ザルエラ
无赖王,Beguiler Chub,トリックスター
隐沙鱼,Great Gudgeon,スナガクレ
巨鲨,Gigantshark,ギガシャーク
高刺鱼,High Perch,ハイパーチ
水晶刺鱼,Crystal Perch,クリスタルパーチ
高声鲶鱼,Caterwauler,オオゴエナマズ
山神印,Oschon's Print,オシュオンプリント
希尔德拉,Syldra,シルドラ
银君,Silver Sovereign,シルバーソブリン
剑齿鳕,Sabertooth Cod,サーベルタイガーコッド
剪刀手雅克,Jacques the Snipper,ザ・リッパー
仙后鲈,Faerie Queen,フェアリークィーン
陨石幸存者,Meteor Survivor,メテオサバイバー
鱼大叔,Cupfish,オヤジウオ
比阿纳可大帝,The Greatest Bream in the World,ビアナックブーン
金枪鲨,Shark Tuna,シャークトゥーナ
轰击泡,Bombardfish,ボンバードフィッシュ
海中老人,The Old Man in the Sea,オールドマーリン
浓盐鲀,The Salter,ソルター
沉溺射手,The Drowned Sniper,ドラウンドスナイパー
丽舞蟹,The Terpsichorean,テルプシコレアン
银镜鱼,Mirrorscale,ミラースケイル
皇金鱼,Imperial Goldfish,黄金魚
小珀琉喀斯,Little Perykos,リトルペリュコス
鳞脚螺,Armorer,スケーリーフット
拾荒鮟鱇,Junkmonger,ジャンクモンガー
海神剑,Navigator's Brand,リムレーンズソード
孤独杀手,The Lone Ripper,ローンリッパー
翻舵手,Helmsman's Hand,ヘルムズマンズハンド
皱鳃鲨,Frilled Shark,ラブカ
船长圣杯,The Captain's Chalice,キャプテンズチャリス
空棘鱼,Coelacanthus,コエラカントゥス
海巫婆,Seahag,シーハッグ
特拉玛豹鱼,Toramafish,トラマフィッシュ
圣鳟贞德,Joan of Trout,ジャンヌ・トラウト
尼姆蠕虫,Worm of Nym,ワーム・オブ・ニーム
温泉王,King of the Spring,スプリングキング
吞雷鱼,Thundergut,サンダーガット
抽须王,Twitchbeard,トゥイッチビアード
招雨王,Stormdancer,招嵐王
酿血鱼,Bloody Brewer,ブラッディブルワー
圣母鲤,Matron Carp,マトロンカープ
倔强鲫鱼,Carp Diem,意地ブナ
外科医生,Chirurgeon,カイラージョン
人面鲤,Ghost Carp,人面魚
雷神光,Levinlight,レヴィンライト
绿小丑,The Green Jester,グリーンジェスター
血浴,Bloodbath,ブラッドバス
暗兵鳢,Dark Ambusher,ダークアンブッシャー
莫尔巴,Moldva,モルバ
终结者,The Assassin,ターミネーター
妖祸鱼,Sylphsbane,シルフズベーン
魔幻蘑菇蟹,Magicked Mushroom,マジック・マッシュルームクラブ
大蛇鳗,Vip Viper,ビッグバイパー
浮游石,Floating Boulder,フローティングボルダー
露齿鲤,The Grinner,グリナー
沉川鲑,The Sinker,シンカー
刺鱼教父,The Gobfather,ゴブスレイヤー
雷皇子,Son of Levin,雷皇子
大泷太郎,Giant Takitaro,オオタキタロ
蓝寡妇,Blue Widow,ブルーウィドー
审判鳐,Judgeray,ジャッジレイ
影纹狗鱼,Shadowstreak,シャドーストリーク
科内利亚,Cornelia,コーネリア
芳香蝾螈,Sweetnewt,スウィートニュート
铜镜,Glimmerscale,銅鏡
泥巨蟹兵,Mud Golem,マッドゴーレム
铆钉牡蛎,Rivet Oyster,リベットオイスター
断指龙虾,Fingers,フィンガーズ
肮脏鲱,Dirty Herry,ダーティーヘリング
海盗猎人,Pirate's Bane,パイレーツハンター
恩登德奇,Ndendecki,ンデンデキ
吸血鞭,Bat-o'-Nine-Tails,ヴァンパイアウィップ
梦幻虾虎,Dream Goby,ドリームゴビー
滑溜帝王,Slime King,ヌルヌルキング
垂暮蝲蛄,Old Softie,オールドソフティ
暗骑士,Dark Knight,ダークナイト
净髓蜗牛,Marrow Sucker,ジンコツシャブリ
朝圣泥鱼,Mud Pilgrim,マッドピルグリム
太阳神杖,The Warden's Wand,ワーデンズワンド
千年殇,The Thousand-year Itch,サウザンドイヤー・イーチ
虚空之眼,Old Hollow Eyes,ホローアイズ
铁饼,Discobolus,ディスコボルス
铁索,Iron Noose,アイアンヌース
魔毯,Magic Carpet,ホーリーカーペット
沙海肠虫,Olgoi-Khorkhoi,オルゴイコルコイ
汉尼拔,Hannibal,ハンニバル
乌兹刀背鱼·天极,Wootz Knifefish Zenith,ウーツナイフ・ゼニス
枪鼻头,Spearnose,スピアノーズ
圣人标,Daniffen's Mark,ダナフェンズマーク
冥河灯,Charon's Lantern,カローンズランタン
星光鳟鱼,Starbright,スターブライト
黎明少女,Dawn Maiden,ドーンメイデン
一家之母,The Matriarch,メイトリアーク
暗星,Darkstar,ダークスター
蓝尸,Blue Corpse,ブルーコープス
奇虾,Anomalocaris,アノマロカリス
马哈尔,Mahar,マハール
以太虱,Aetherlouse,エーテルラウス
炼狱火角,Ignus Horn,インフェルノホーン
血红龙,Blood Red Bonytongue,血紅龍
虚无鲈,Void Bass,ヴォイドバス
忍斗鱼,Ninja Betta,ニンジャベタ
加诺,Canavan,ジャノ
3.0,3.0,3.0
沙里贝涅,Charibenet,シャリベネ
云海蝴蝶螺,Sea Butterfly,クラウドバタフライ
欧巴宾海蝎,Opabinia,オパビニア
莫名熔岩鱼,Problematicus,プロブレマティカス
铠鱼,Armor Fish,鎧魚
兰代勒翼龙,Raimdellopterus,ランデロプテルス
鼓钱袋,Fat Purse,ファットパース
吞冰水母,Hailfinder,ヘイルイーター
核爆鱼,Flarefish,フレアフィッシュ
大祭司鱼,Bishopfish,ビショップフィッシュ
雪人杀手,The Impaler,イエティキラー
尼摩船长,Captain Nemo,ネモ
拉·雷亚尔,La Reale,ラ・レアル
冰之巫女,Merciless,氷の巫女
水墨鱼,Inkfish,水墨魚
猴面雀杀手,Paikiller,パイッサキラー
卷层云魟,Cirrostratus,シーロストラタスモトロ
卷风鲨,The Second One,ザ・セカンドワン
姥鲨,Basking Shark,バスキングシャーク
进化型亚拉戈高位钢盔鲎,Augmented High Allagan Helmet,ハイアラガンクラブ改
魔科学物质666,Aetherochemical Compound #666,魔科学物質666
赛缇,Ceti,セティ
无光层巨骨舌鱼,Aphotic Pirarucu,バイオガピラルク
百目螈,Hundred-eyed Axolotl,ハンドレッドアイ
水晶飞鸽,Crystal Pigeon,クリスタルピジョン
亚拉戈剑鲨,Allagan Bladeshark,アラガンブレード・シャーク
龙鳞撕裂者,Scaleripper,スケイルリッパー
叉舌鱼,Twin-tongued Carp,フォークタン
噩梦之种,The Dreamweaver,アクムノタネ
雷鳞蝾螈,Thunderscale,サンダースケイル
巨陨龟,Meteortoise,メテオトータス
圣龙泪,Hraesvelgr's Tear,聖竜の涙
里德尔,Riddle,リドル
熔岩帝王,The Lord of Lords,溶岩帝王
水瓶王,The Ewer King,水瓶王
蝴蝶夫人,Madam Butterfly,マダムバタフライ
能言者,The Speaker,スピーカー
万事通鲈,Bobgoblin Bass,万能のゴブリバス
维德弗尼尔,Vidofnir,ヴィゾーヴニル
莫古尔古球球,Moggle Mogpom,モグルグポンポン
千鳍,Thousand Fin,ボサボサ
拉塔托斯克之魂,The Soul of the Martyr,ラタトスクソウル
双型齿翼龙,Dimorphodon,ディモルフォドン
风暴血骑士,Bloodchaser,ストームブラッドライダー
4.0,4.0,4.0
异刺鲨,Xenacanthus,クセナカンサス
镰甲鱼,Drepanaspis,ドレパナスピス
胸脊鲨,Stethacanthus,ステタカントゥス
红龙,The Ruby Dragon,紅龍
七彩天主,Warden of the Seven Hues,七彩天主
众神之爱,The Unconditional,神々の愛
吞钩苦鱼,Hookstealer,フックスティーラー
拉尔戈鲶鱼,Watcher Catfish,シデンナマズ
红尾僵尸鱼,Bloodtail Zombie,レッドテイルゾンビー
硬头鳟,Hardhead Trout,サーメットヘッド
蓝宝石扇鳉,Sapphire Fan,サファイアファン
教皇鱼,The Archbishop,アークビショップフィッシュ
下游鱼,Downstream Loach,タニクダリ
骸鲢鱼,Corpse Chub,コープスチャブ
怨妇虾,Bondsplitter,ボンドスプリッター
不定鱼,The Undecided,ナガレクダリ
最后一滴泪,The Last Tear,ラストティアー
解脱鱼,Moksha,解脱魚
黑蒙鱼,Hemon,ヘモン
阿拉米格面纱鱼,Lily of the Veil,アラミガンベール
钻石眼,Diamond-eye,ダイヤモンドアイ
苦尔鳗,Ku'er,クアル
菜食王,The Vegetarian,菜食王
七星,Seven Stars,ナナツボシ
春不知,The Winter Queen,春不知
大海蛇,Argonautica,ウミダイジャ
万刺鲀,Pinhead,バリマンボン
速疾鬼鳄,Rakshasa,ソクシツキ
石榴海,Pomegranate Trout,ザクロウミ
鬼视,Glarramundi,オニニラミ
仙寿翁,Hermit's End,仙寿の翁
车轴鱼,Axelrod,シャジクノミ
羽衣美人,Hagoromo Bijin,羽衣美女
天女鲤,Hagoromo Koi,羽衣鯉
一束彩虹,The Unraveled Bow,ニジノヒトスジ
水天一碧,Suiten Ippeki,水天一碧
卜传,Bokuden,ボクデン
菜叶跳鱼,Garden Skipper,ベジースキッパー
晨曦旗鱼,Banderole,明けの旗魚
刀片跳鱼,Blade Skipper,ブレードスキッパー
暮辉鱼,Duskfish,暮れの魚
神谕苦鱼,The Word of God,シンタクヤブリ
亚特可汗,Yat Khan,ヤトカガン
月神的爱宠,Nhaama's Treasure,ナーマの愛寵
花海龙,Rising Dragon,ノボリリュウ
赌命河豚,The Gambler,バクチウチ
公主青鳉,Princess Killifish,ヒメダカ
5.0,5.0,5.0
利斯塔克鲨,Listracanthus,リストラカントゥス
自走鱼偶,Aquamaton,アクアマトン
惊喜蛋,Cinder Surprise,サプライズエッグ
镜中蝶,Ealad Skaan,イラッド・スカーン
隆卡的大水蛇？,Greater Serpent of Ronka,ロンカの大水蛇？
长吻帆蜥鱼,Lancetfish,ミズウオ
三艺之星,Aster Trivi,アスタートリヴィ
散罪鱼,The Sinsteeped,罪撒き
悬挂脂鲤,Loose Pendant,ペンダントヘッド
贵妇蝴蝶鱼,Winged Dame,グランドデイムバタフライ
食人鳄,Sweetheart,マンイーター
月光虹鳉,Moonlight Guppy,ムーンライトグッピー
重罪石软蟹,The Unforgiven,アンフォーギヴン・クラブ
蟒斑盘丽鱼,Python Discus,パイソンディスカス
不朽巨鱼,The Jaws of Undeath,イモータルジョー
哲罗鲑,Giant Taimen,ヒモウオ
元首的军扇,Steel Fan,ドンの軍扇
白色隆索,White Ronso,ホワイトロンゾ
铜褐鳎,Bronze Sole,ブロンズソール
钢刀鱼,Steel Razor,スチールレイザーフィッシュ
变影鱼,Shadeshifter,シャドウシフター
战盾剑齿龙鳖,Henodus Grandis,ヘノドゥス・グランディス
冠骨鱼,The Horned King,カンムリカブリ
拿巴示锯,Nabaath Saw,ナバースソー
刺钉蜥蜴,Ambling Caltrop,クギトカゲ
阔面鱼,Leannisg,ラウニスク
狂怒斗鱼,The Sound of Fury,フューリィベタ
深泳的古书,Sunken Tome,深泳の古書
仙子彩虹鳉,Fae Rainbow,ピクシーレインボー
达穆伦樱桃鲱鱼,Dammroen Herring,ダメルンズチェリー
黄金雕金匠,Gold Hammer,ゴールドハマー
顶天眼,Celestial,頂天眼
洛克瓦卫兵,Priest of Yx'Lokwa,ロックワの衛士
珍珠皮皮拉鱼,Pearl Pipira,パーリーピピラ
黑色喷气乱流,Black Jet,ブラックジェットストリーム
书记官杀手,Recordkiller,レコードキラー
底暗鱼,Deephaunt,底闇魚
金色皮皮拉鱼,Golden Pipira,ゴールデンピピラ
鳍人叹息,Ondo Sigh,オンドの溜息
鳍人之敌,The Ondotaker,オンドの仇敵
奸隐鱼,Mora Tecta,モラ・テクタ
绒毛海神虾,Maru Crab,マルヒルスタ
头领薄饼章鱼,The Mother of All Pancakes,オヤメンダコ
猎星鱼,Starchaser,スターチェイサー
蛋白石虾,Opal Shrimp,オパールシュリンプ
6.0,6.0,6.0
餐叉尾,Furcacauda,フルカカウダ
优雅兔耳,Lopoceras Elegans,レポセラス・エレガンス
嘎儿鱼,Gharlichthys,ガールシクティス
异形雪棘,Snowy Parexus,スノウパレクス
潜龙,Hyphalosaurus,ヒファロサウルス
星鲸,Sidereal Whale,スターホエール
电吉他鱼,Aetherolectric Guitarfish,エレキギターフィッシュ
巨剑锯盖鱼,Greatsword Snook,グレートソードスヌーク
万虑鱼,Catastrophizer,万慮魚
巨身锯盖鱼,Jumbo Snook,ジャンボスヌーク
苔绿鳃鲑,Mossgill Salmon,モスグリーンサーモン
潜底弓鳍鱼,Swampsucker Bowfin,スワンプボウフィン
黑玛瑙刀背鱼,Onyx Knifefish,オニキスナイフフィッシュ
环间罗非鱼,Circuit Tilapia,サーキット・ティラピア
捂耳太阳鱼,Earful,イアフルサンフィッシュ
郁金香蟹,Lale Crab,ラーレギュルクラブ
杜蒂娜鱼,Durdina Fish,ドゥルディナフィッシュ
雷云隆头鱼,Vidyutvat Wrasse,ヴィジュヴァト・ラス
河马蛙,Hippo Frog,ヒッポフロッグ
塔门监兵,Wakeful Warden,トラーナの目付役
巨吻脂鲤,Bigcuda,ビッグビックーダ
棕香蕉鳗鱼,Browned Banana Eel,ブラウンバナナイール
摩耶鳄,Mayaman,マーヤーカイマン
首领矛齿鲸,Basilosaurus Rex,ドンドルドン
雾凇狗鱼,Rimepike,フリジッドガー
暗影帝冠,Sovereign Shadow,影なる帝冠
仿制巨骨舌鱼,Disappirarucu,イミテーションピラルク
荧光死亡蠕虫,Chlorophos Deathworm,クロロフォス・デスワーム
冰月壤龟,Frozen Regotoise,フローズン・レゴリストータス
噬炎者,Eehs Fan,エー・ファン
佛恩·阿穆,Foun Ahlm,フォン・アールム
宇宙雾霾,Cosmic Haze,コズミック・ヘイズ
破军尾,Starscryer,破軍星の欠片
运行星,Starscale Ephemeris,オービティングスター
骇惊威,Forbiddingway,フォービディングウェイ
阿耳戈雄英,Argonauta argo,アルゴノート・アルゴ
额外维度实体-852738,E.B.E.-852738,E.B.E-852738
水中辉星,Planetes,水面の恒星
金光皮颏鱵,Gilt Dermogenys,ゴールデン・デルモゲニー
大丽花冠鮨,Antheian Dahlia,アンテイア・ダーリア
7.0,7.0,7.0
财神蛙,Icuvlo's Barter,イクブロフロッグ
抓月虾,Moongripper,ムーンキャッチャー
锅盖蟹,Cazuela Crab,ナベブタガニ
星尘睡鱼,Stardust Sleeper,スターダスト・スリーパー
余痕丽鱼,Ilyon Asoh Cichlid,イヨンアソ・シクリッド
像素鳅,Pixel Loach,ピクセルローチ
灰达尤南丽鱼,Hwittayoanaan Cichlid,ウィダヨーナン・シクリッド
雷流鳟,Thunderswift Trout,サンダードリフトトラウト
船头小屋,Cabinkeep Permit,キャビンキープ・パーミット
水没羽毛树林,Muttering Matamata,マダ・マタマタ
活船水路下游,Riverlong Candiru,リバーロング・カンディル
红豹村蓄水池,Deep Canopy,央森の枯葉
蓝咬鹃天坑,Awaksbane Apoda,アワクスベイン・アポダ
特利湖,Ttokatoa,ドクトー
带雷危险水域,Thunderous Flounder,サンダラスフラウンダー
易知区,Harlequin Queen,ハーレクインクイーン
批量生成,Batch generation,一括生成
星里海带,Malm Kelp,マルムケルプ
蝲蛄,Crayfish,ザリガニ
鲢鱼,Chub,チャブ
梅尔托尔虾虎,Merlthor Goby,メルトールゴビー
罗敏萨鳀鱼,Lominsan Anchovy,ロミンサンアンチョビ
斑纹虾虎,Striped Goby,ゼブラゴビー
小鲶鱼,Dwarf Catfish,ウナリナマズ
手指虾,Finger Shrimp,フィンガーシュリンプ
骨蝲蛄,Bone Crayfish,ホネザリガニ
白珊瑚,White Coral,白珊瑚
公主鳟,Princess Trout,プリンセストラウト
海云水母,Ocean Cloud,オーシャンクラウド
幽暗虾虎,Dusk Goby,ダスキーゴビー
藤皮海参,Sea Cucumber,シーキューカンバー
海港鲱,Harbor Herring,ハーバーヘリング
皮皮拉鱼,Pipira,ピピラ
红蝲蛄,Crimson Crayfish,ベニザリガニ
比阿纳可蛤蜊,Vongola Clam,ボンゴラ
潜沙鱼,Gudgeon,スナモグリ
珊瑚蝶,Coral Butterfly,コーラルバタフライ
黄铜泥鳅,Brass Loach,ブラスローチ
莫拉比鲽鱼,Moraby Flounder,モラビーフロウンダー
白妙鲤,Maiden Carp,メイデンカープ
阿巴拉提亚公鱼,Abalathian Smelt,アバラシアスメルト
盲鱼,Blindfish,ブラインフィッシュ
石软蟹,Pebble Crab,ストーンクラブ
弹涂鱼,Mudskipper,マッドスキッパー
虹鳟鱼,Rainbow Trout,レインボートラウト
河蟹,River Crab,リバークラブ
虎纹鳕,Tiger Cod,タイガーコッド
斗鱼,Ala Mhigan Fighting Fish,グラディエーターベタ
钢盔鲎,Helmet Crab,ヘルメットクラブ
仙女鲈,Faerie Bass,フェアリーバス
橡果蜗牛,Acorn Snail,エーコンスネイル
罗斯利特牡蛎,Rothlyt Oyster,ロズリトオイスター
暗塘鳢,Dark Sleeper,ダークスリーパー
拉诺西亚刺鱼,La Noscean Perch,ラノシアンパーチ
海神刀,Navigator's Dagger,リムレーンズダガー
沟鲫鱼,Moat Carp,堀ブナ
神仙鱼,Angelfish,エンジェルフィッシュ
铜鱼,Copperfish,銅魚
蓝铃鲑,Bluebell Salmon,ブルーサーモン
折刀贝,Razor Clam,ジャックナイフ
泥软蟹,Mudcrab,マッドクラブ
蓝章鱼,Blue Octopus,ブルーオクトパス
三色鲤,Tricolored Carp,カラードカープ
深红蝲蛄,Eunuch Crayfish,マッカチン
翡翠鳗,Jade Eel,ジェイドイール
海毒鲀,Blowfish,ブローフィッシュ
圆蚌,Pond Mussel,ドブガイ
暖水鳟,Warmwater Trout,ウォームトラウト
玻璃刺鱼,Glass Perch,グラスパーチ
四眼鱼,Four-eyed Fish,ヨツメウオ
刀鳍沙丁鱼,Saber Sardine,セイバーサーディン
黑鳗,Black Eel,ブラックイール
暗鲈,Dark Bass,ダークバス
蓝珊瑚,Blue Coral,青珊瑚
魔梭鱼,Ogre Barracuda,オーガバラクーダ
圣盾虾,Aegis Shrimp,イージスシュリンプ
清道琵琶鱼,Five-ilm Pleco,ファイブイルムプレコ
钓鮟鱇,Monkfish,モンクフィッシュ
海马,Sea Bo,シーホース
上爬刺鱼,Climbing Perch,クライミングパーチ
黑鲶鱼,Shadow Catfish,クロナマズ
比阿纳可鲷鱼,Bianaq Bream,ビアナックブリーム
黑鬼鱼,Black Ghost,ブラックゴースト
黑鳎,Black Sole,ブラックソール
八目鳗,Lamprey,ヤツメウナギ
披骨鱼,Plaguefish,ホネカブリ
锤头鲨,Hammerhead Shark,ハンマーヘッド
宇格拉姆鲑鱼,Yugr'am Salmon,ユグラムサーモン
苍皮海参,Sea Pickle,シーピクル
斑纹琵琶鱼,Spotted Pleco,スポテッドプレコ
绿灯球藻,Lamp Marimo,ランプマリモ
苍茫鲱,Indigo Herring,インディゴヘリング
带鱼,Ropefish,ロープフィッシュ
灰海金枪鱼,Ash Tuna,アッシュトゥーナ
神握鳉,Grip Killifish,グリップキリフィッシュ
净骨蜗牛,Bone Cleaner,ホネシャブリ
蔓根跳鱼,Root Skipper,ルートスキッパー
叶海龙,Leafy Seadragon,リーフィーシードラゴン
骨舌鱼,Bonytongue,アロワナ
满月沙丁鱼,Fullmoon Sardine,フルムーンサーディン
硬毛蟹,Mitten Crab,ミトンクラブ
哈拉尔黑线鳕,Haraldr Haddock,ハーラルハドック
蒙凯恩凯鱼,Monke Onke,モンケオンケ
樱鳟,Seema,シーマ
白蝶贝,Whitelip Oyster,白蝶貝
沙鱼,Sandfish,サンドフィッシュ
银鱼,Silverfish,銀魚
小丑鳅,Clown Loach,クラウンローチ
沙鲷鱼,Sand Bream,サンドブリーム
薰衣草印鱼,Lavender Remora,ラベンダーレモラ
铠甲琵琶鱼,Armored Pleco,アーマードプレコ
巨鲈,Giant Bass,ジャイアントバス
沙鲶鱼,Desert Catfish,スナナマズ
气泡鱼,Balloonfish,バルーンフィッシュ
威罗迪纳鲤鱼,Velodyna Carp,ベロジナカープ
斑点鲀,Spotted Puffer,スポテッドパファー
土遁鱼,Dustfish,ドトンフィッシュ
黄金鳅,Golden Loach,ゴールデンローチ
飞沙鱼,Storm Rider,サンドストームライダー
纳尔札尔鳗鱼,Trader Eel,ナルザルイール
绯红鳟,Crimson Trout,クリムゾントラウト
盘丽鱼,Discus,ディスカス
蚁狮蛞蝓,Antlion Slug,アントリオンスラッグ
红珊瑚,Red Coral,紅珊瑚
石绿湖鳟鱼,Bronze Lake Trout,ブロンズレイクトラウト
火狱蜗牛,Ignus Snail,インフェルノスネイル
沙丘蝠鲼,Dune Manta,デューンマンタ
银鲨,Silver Shark,シルバーシャーク
王家琵琶鱼,Loyal Pleco,ロイヤルプレコ
雷纹鱼,Thunderbolt Sculpin,雷紋魚
龙门鱼,Fall Jumper,タキノボリ
刀背鱼,Knifefish,ナイフフィッシュ
梭子鰆,Wahoo,ワフー
求雨鱼,Raincaller,雨乞魚
橡根鱼,Oakroot,オークルート
杜父鱼,Common Sculpin,スカルピン
黑蝶贝,Blacklip Oyster,黒蝶貝
南方狗鱼,Southern Pike,サウザンパイク
北方狗鱼,Northern Pike,ノーザンパイク
地灵鲀,Kobold Puffer,コボルドパファー
鹦鹉螺,Nautilus,ノーチラス
射水鱼,Archerfish,射手魚
云水母,Cloud Jellyfish,クラウドジェリー
哥布林刺鱼,Goblin Perch,ゴブリンパーチ
永恒鲤,Agelyss Carp,アジェレスカープ
刺鳗,Pike Eel,パイクイール
暗斗鱼,Assassin Betta,アサシンベタ
淤泥跳鱼,Sludgeskipper,スラッジスキッパー
天鱼,Skyfish,スカイフィッシュ
隆头鱼,Mummer Wrasse,ハンプヘッド
破云飞鱼,Cloud Cutter,スプリットクラウド
震雷鱼,Boltfish,サンダラフィッシュ
雀鳝,Garpike,ガー
飞蝠鲼,Blind Manta,フライマンタ
平鱼,Plaice,プレイス
北洲鲈,Ilsabardian Bass,イルサバードバス
帕戈尔赞盘丽鱼,Paglth'an Discus,パガルザンディスカス
争斗琵琶鱼,Boxing Pleco,ボクシングプレコ
扬帆鱼,Rift Sailor,リフトセイラー
海魔鱼,Sea Devil,シーデビル
繁星鳟鱼,Kissing Trout,ニメーヤトラウト
战争神狗鱼,Angry Pike,ハルオーネパイク
金鱼,Goldfish,金魚
撒沟厉钓鮟鱇,Sagolii Monkfish,サゴリーモンクフィッシュ
浮云碟,Saucerfish,ソーサーフィッシュ
海岩龙虾,Rock Lobster,ロックロブスター
吸血八目鳗,Vampire Lampern,キュウケツヤツメ
山岳神杜父鱼,Wandering Sculpin,ワンダラースカルピン
拟鮟鱇,Goosefish,グースフィッシュ
洞穴螯虾,Cave Cherax,ケーブヤビー
豹鱼,Coeurlfish,クァールフィッシュ
小撒拉奥斯,Little Thalaos,リトルサラオス
愿贝,Shall Shell,シャル貝
大钝甲鱼,Giant Donko,大鈍甲
日轮,Sundisc,サンディスク
麻希鲯鳅,Mahi-mahi,マヒマヒ
大比目鱼,Halibut,ハリバット
长吻鳄鳝,Alligator Garfish,アリゲーターガー
乌兹刀背鱼,Wootz Knifefish,ウーツナイフフィッシュ
巨鲶鱼,Giant Catfish,オオナマズ
旅沙鳗,Caravan Eel,キャラバンイール
马兹拉雅枪鱼,Mazlaya Marlin,マズラヤマーリン
腔棘鱼,Coelacanth,シーラカンス
腐鱼,Cadaver Carp,腐魚
喙嘴龙,Rhamphorhynchus,ラムフォリンクス
巨型乌贼,Giant Squid,ジャイアントスキッド
基迦章鱼,Gigant Octopus,ギガントオクトパス
翻车鱼,Sunfish,モラモラ
恐鱼,Dinichthys,ディニクティス
蘑菇蟹,Mushroom Crab,マッシュルームクラブ
雷神鱼,Judgment Staff,雷神魚
斑点雀鳝,Poxpike,スポテッドガー
煌鱼,Emperor Fish,煌魚
弓鳍鱼,Bowfin,ボウフィン
环棘鱼,Heliobatis,ヘリオバティス
巨齿鲨,Megalodon,メガロドン
锯鲛,Titanic Sawfish,タイタニックソー
泷太郎,Takitaro,タキタロ
巨骨舌鱼,Pirarucu,ピラルク
庞鱼,Morinabaligi,モリナバルウ
丛林鲶鱼,Jungle Catfish,オオモリナマズ
精金幼龟,Tiny Tortoise,タイニーアダマンタス
巨蝌蚪,Gigantpole,ギガンジャクシ
大愿贝,Gigant Clam,オオシャル貝
碎冰鱼,Icepick,アイスピックスメルト
白云珊瑚,Cloud Coral,白雲珊瑚
冰战神,Ice Faerie,ハルオネ
天虫,Skyworm,スカイワーム
山峰蟹,Coerthan Crab,クルザスクラブ
利齿蛤蜊,Fanged Clam,ファングクラム
湖胆,Lake Urchin,レイクアーチン
赤刺,Whilom Catfish,アカザ
蓝螯虾,Blueclaw Shrimp,マクロブラキウム
星花,Starflower,スターフラワー
冰川核,Glacier Core,グレイシャーコア
魔角蜗牛,Ogre Horn Snail,オーガホーン
黑巫鱼,Sorcerer Fish,ソーサラーフィッシュ
热破,Hotrod,ヒートロッド
麻伊博伊,Maiboi,マイボイ
三唇鲤,Three-lip Carp,スリーリップス
牛蛙,Bullfrog,ブルフロッグ
云鱼,Cloudfish,クラウドフィッシュ
马湖瓦伊,Mahu Wai,マフワイ
石蚌,Rock Mussel,イシガイ
飘浮蛋,Buoyant Oviform,フライングエッグ
白影,Whiteloom,スカイルーム
蓝天珊瑚,Blue Cloud Coral,青空珊瑚
显贵樱鳟,Seema Patrician,ノーブルシーマ
角菊石,Ammonite,アンモナイト
凸眼金鱼,Bubble Eye,出目金
草鱼,Grass Carp,草魚
皮皮拉皮拉鱼,Pipira Pira,ピピラ・ピラ
倒仰鲶鱼,Dravanian Squeaker,サカサナマズ
亲吻鱼,Kissing Fish,キッシング・グラミー
法冠蛞蝓,Mitre Slug,ミトラスラッグ
熔岩鲎,Lava Crab,ラーヴァクラブ
风暴核,Storm Core,ストームコア
知识神杜父鱼,Scholar Sculpin,サリャクスカルピン
基迦石斑鱼,Gigant Grouper,ギガントグルーパー
瓦努头,Vanuhead,バヌバヌヘッド
图丽鱼,Marble Oscar,アストロノータス
肺鱼,Lungfish,肺魚
虎鱼,Tigerfish,タイガーフィッシュ
夕月天女,Sky Faerie,スカイフェアリー・セレネ
花岗蟹,Granite Crab,グラナイトクラブ
火妖小马,Aithon's Colt,アイトーンコルト
船虫,Shipworm,シップワーム
蝼蛄,Hedgemole Cricket,グリロタルパ
莫古球球,Mogpom,ポンポンポン
岩浆树,Magma Tree,マグマツリー
云上骑士,Cloud Rider,アバーブクラウド
龙堡鲈,Dravanian Bass,ドラヴァニアンバス
山地鲀,Coerthan Puffer,クルザスパファー
求雪鱼,Snowcaller,雪乞魚
龙骨鱼,Dragonhead,ドラゴンカブリ
冰神鱼,Mercy Staff,氷神魚
食冰水母,Rime Eater,アイスイーター
多鳍鱼,Warmwater Bichir,ポリプテルス
白丽鱼,Noontide Oscar,ホワイトオスカー
暗影须,Shadowhisker,ジャウー
哥布面具,Gobbie Mask,ゴブリパス
蓝色美杜莎,Blue Medusa,スカイメデューサ
鳞匠螺,Cindersmith,キンバーナイト
黑鞭,Bullwhip,ブラックウィップ
小钝口螈,Tiny Axolotl,プチアクソロトル
亚拉戈高位钢盔鲎,High Allagan Helmet,ハイアラガンクラブ
白金鱼,Platinum Fish,白金魚
以太之眼,Aether Eye,エーテルアイ
阿济兹鱼,Azysfish,アジスフィッシュ
水晶鳍,Crystalfin,クリスタルフィッシュ
香鱼,Sweetfish,香魚
蝴蝶鱼,Orn Butterfly,バタフライフィッシュ
百鳍,Hundred Fin,バサバサ
秋叶鱼,Autumn Leaf,リーフフィッシュ
魔帆,Manasail,マナセイル
天空清道夫,Sky Sweeper,スカイスウィーパー
岩浆虱,Magma Louse,マグマラウス
陨龟,Cometoise,コメットータス
魔科学物质123,Aetherochemical Compound #123,魔科学物質123
褐飞刀,Brown Bolo,ブラウンブーメラン
学士贝,Philosopher's Stone,学士貝
水剑鱼,Fountfish,ブレードガンナー
西水弓鳍鱼,Weston Bowfin,アミア・カルヴァ
气球鲀,Letter Puffer,バルーンパファー
朝日天女,Star Faerie,スカイフェアリー・エオス
黄昏珊瑚,Gloaming Coral,夕空珊瑚
白章鱼,Albino Octopus,ホワイトオクトパス
龙魂,Dragon's Soul,ドラゴンソウル
龙卷鲨,Tornado Shark,トルネドシャーク
高风水母,Warballoon,ハイウィンドジェリー
化石骨舌鱼,Fossiltongue,フォッシルアロワナ
原型洛浦肯,Proto-hropken,プロプケン
凯门鳄,Caiman,カイマン
真光层巨骨舌鱼,Euphotic Pirarucu,バイオピラルク
青蓝之手刺鱼,Illuminati Perch,イルミナティパーチ
高天鱼,Rudderfish,スカイハイフィッシュ
瓦斯鲀,Bomb Puffer,ガスボムパファー
魔鱼,Mucous Minnow,魔魚
不明飞行物,Unidentified Flying Biomass,未確認飛行生物
温泉医生鱼,Hospitalier Fish,ガラ・ルファ
蛉蝎,Scorpionfly,スコーピオンフライ
攀岩鱼,Rockclimber,ロッククライマー
鲜血跳鱼,Blood Skipper,ブラッドスキッパー
眼镜蛇鱼,Cobrafish,コブラフィッシュ
飞灵,Moogle Spirit,スピリット
油鳗,Oil Eel,オイルイール
宝石水母,Jeweled Jellyfish,ジュエリージェリー
战舰鱼,Battle Galley,バトルガレー
星码龙虾,Yalm Lobster,ヤルムロブスター
内陆刺鱼,Hinterlands Perch,ヒンターランドパーチ
熔岩鲶鱼,Oven Catfish,ヨウガンナマズ
无齿翼龙,Pteranodon,プテラノドン
飞翼鲂,Winged Gurnard,フライングガーナード
温泉胆,Spring Urchin,スパエキノス
樱鳟鱼,Cherry Trout,チェリートラウト
惊龟,Stupendemys,スチュペンデミス
黑魔法鱼,Black Magefish,ブラックメイジフィッシュ
落雷鳗,Thunderbolt Eel,サンダーボルト
飞猫杀手,Catkiller,ゲイラキラー
哲学骨舌鱼,Loosetongue,フィロソファーアロワナ
沙利亚克鳄,Thaliak Caiman,サリャクカイマン
熔岩王,Lavalord,溶岩王
妖精翼龙,Tupuxuara,トゥプクスアラ
吸血魔毯,Vampiric Tapestry,ヴァンパイアブランケット
风暴骑士,Storm Chaser,ストームライダー
狂斗鱼,Berserker Betta,バーサーカーベタ
毛鳞鱼,Capelin,カペリン
欧洛浦肯,Functional Proto-hropken,オプロプケン
库尔札斯海若螺,Coerthan Clione,クルザスクリオネ
龙堡公鱼,Dravanian Smelt,ドラヴァニアスメルト
天空珊瑚,Heavens Coral,天空珊瑚
太阳帆,Sunsail,サンセットセイル
哥布林鲈,Goblin Bass,ゴブリバス
熔岩蜗牛,Lava Snail,ラーヴァスネイル
琥珀蝾螈,Amber Salamander,アンバーサラマンダー
沼鯥,Gnomefish,ヌマムツ
棉云魟,Fleece Stingray,フリーシーモトロ
夜翼鱼龙,Nyctosaur,ニクトサウルス
祭司鱼,Priestfish,プリーストフィッシュ
库尔札斯牡蛎,Coerthan Oyster,クルザスオイスター
古象鼻鱼,Oliphant's Trunk,オリファントノーズ
妖祸克拉肯,Mountain Kraken,ベーンクラーケン
鳞鲶,Armored Catfish,アブトアード
萨维奈秋叶鱼,Thavnairian Leaf,サベネアン・リーフフィッシュ
清澈冰战神,Ghost Faerie,クリア・ハルオネ
云海红珊瑚,Red Sky Coral,雲海紅珊瑚
心贝,Lovers' Clam,心貝
河虾,River Shrimp,リバーシュリンプ
彗星鲦,Comet Minnow,コメットミノウ
金丽鱼,Golden Cichlid,ゴールデンシクリッド
阿巴拉提亚苦鱼,Abalathian Bitterling,アバラシアビターリング
暗缟虾虎,Idle Goby,ナマケチチブ
头铁鳟,Steelhead Trout,スチールヘッド
破损蟹,Broken Crab,ブロークンクラブ
缪恩鱼,Miounnefish,ミューヌフィッシュ
寺院鲫鱼,Temple Carp,寺ブナ
气球蛙,Balloon Frog,バルーンフロッグ
灯笼球藻,Lantern Marimo,トウロウマリモ
逆流鱼,Rapids Jumper,ナガレノボリ
精金多鳍鱼,Adamantite Bichir,アダマンポリプテルス
溶骨蜗牛,Bone Melter,ホネトカシ
落叶鱼,Fallen Leaf,オチバウオ
威罗迪纳草鱼,Velodyna Grass Carp,ベロジナソウギョ
高地刺鱼,Highland Perch,ハイランドパーチ
谷爬鱼,Greenstream Loach,タニノボリ
幻象鲢鱼,Mirage Chub,ミラージュチャブ
角尊鳅,Padjali Loach,パジャルローチ
基拉巴尼亚鳟,Gyr Abanian Trout,ギラバニアントラウト
唾血龙虾,Bloodsipper,ブラッドスピッター
武斗鱼,Monk Betta,モンクベタ
银币鱼,Gilfish,ギルフィッシュ
小流星,Falling Star,小流星
倾仰鲶鱼,Capsized Squeaker,ハンテンナマズ
涅槃蟹,Nirvana Crab,ニルヴァーナクラブ
砂砾鱼,Gravel Gudgeon,ジャリモグリ
鳀鱼,Grinning Anchovy,カタクチイワシ
琉璃鲱,Glass Herring,ルリニシン
地狱水母,Hellyfish,獄海月
红玉珊瑚,Ruby Coral,紅玉珊瑚
苍玉珊瑚,Sapphire Coral,蒼玉珊瑚
白骨珊瑚,Bone Coral,白骨珊瑚
红玉虾,Ruby Shrimp,紅玉海老
黑斑花蛇鳗,Coeurl Snake Eel,モヨウモンガラドオシ
石楠嘉鱼,Heather Charr,ヒースチャー
电鲶鱼,Electric Catfish,ライキナマズ
死亡鳅,Death Loach,デスローチ
夫蟹,Grymm Crab,グリムクラブ
素面蝲蛄,Invisible Crayfish,アラワレザリガニ
阿巴拉提亚蝾螈,Abalathian Salamander,アバラシアサラマンダー
洞穴鳉,Cave Killifish,ケイブキリフィッシュ
拉尔戈落雷,Rhalgr's Bolt,ラールガーサンダーボルト
东洲蝴蝶鱼,Butterfly Fish,チョウチョウウオ
鱼大夫,Dafu,ウオノタユウ
木叶龙,Leaf Tatsunoko,コノハタツノコ
琉璃鲽鱼,Glass Flounder,ルリカレイ
滑翔鱼,Gliding Fish,トビウオ
刺鲀,Globefish,ハリセンボン
圆扇贝,Fan Clam,ウチワ貝
虎纹河豚,Striped Fugu,トラフグ
白姑鱼,Ruby Meagre,オオニベ
河红眼鲈,River Barramundi,カワアカメ
野鲤,Nogoi,ノゴイ
非信仰巨骨舌鱼,Pagan Pirarucu,パガンピラルク
妇虾,Enid Shrimp,エニッドシュリンプ
威罗迪纳黑鲤,Black Velodyna Carp,ブラックベロジナカープ
延夏鲤,Yanxian Koi,ヤンサコイ
长须鲶鱼,Longhair Catfish,ナガヒゲナマズ
多玛鳟,Doman Trout,ドマス
延夏红眼鲈,Yanxian Barramundi,ヤンサアカメ
红翅鱼,Tail Mountains Minnow,アカヒレ
青鳉,Killifish,メダカ
多玛蝲蛄,Doman Crayfish,ドマザリガニ
东洲鳟,Othardian Trout,オサードトラウト
嘎牙子,Zagas Khaal,ザガス
草跳鱼,Steppe Skipper,グラススキッパー
太阳鲈,Sun Bass,サンバス
晨曦蝲蛄,Dawn Crayfish,アケザリガニ
天幕鱼,Curtain Pleco,天幕魚
亚特虾虎,Yat Goby,ヤトゴビー
月神恩惠,Nhaama's Boon,ナーマの恵み
多玛鳗,Doman Eel,ドマウナギ
黄铜鱼,Brassfish,真鍮魚
枯草跳鱼,Dry Steppe Skipper,ドライグラススキッパー
青空泪,Skytear,青空の涙
暮晖蝲蛄,Dusk Crayfish,クレザリガニ
弓鱼,Bowfish,弓魚
翡翠河鹿鱼,Jade Sculpin,クサイロカジカ
硬鳞鱼,Hardscale,硬鱗魚
无二草鱼,Doman Grass Carp,無二草魚
武士鱼,Samurai Fish,侍魚
塔奥苦鱼,Tao Bitterling,タオビターリング
白纸鱼,Blank Oscar,白紙魚
龙鱼,Dragonfish,龍魚
王室鲑,Lordly Salmon,御鮭様
黄彩鱼,Yellow Prismfish,黄彩魚
青彩鱼,Blue Prismfish,青彩魚
猛牛口食,Bull's Bite,ブルズバイト
窥视鱼,Peeping Pisces,ノゾキウオ
基迦鲈,Gigant Bass,ギガントバス
大王乌贼,Daio Squid,ダイオウイカ
毯子章鱼,Koromo Octopus,コロモダコ
琉璃金枪鱼,Glass Tuna,ルリマグロ
雷遁鱼,Raitonfish,雷遁魚
东方刺鱼,Eastern Pike,イースタンパイク
岩盐咸鱼,Rock Saltfish,ロックソルトフィッシュ
大天竺鱼,Tawny Wench Shark,オオテンジクザメ
赤点石斑鱼,Zekki Grouper,キジハタ
盐盾,Saltshield Snapper,ソルトシールド
冥想鱼,Meditator,瞑想魚
高山骨舌鱼,Stonytongue,マウンテンアロワナ
弯刀鱼,Scimitarfish,シミターフィッシュ
石头鱼,Blockhead,イシアタマ
东洲巨骨舌鱼,Kotsu Zetsu,コツゼツ
熊猫蝶尾鱼,Pandamoth,パンダ蝶尾
鳍龙,Liopleurodon,鰭竜
阿拉米格缎带鱼,Ala Mhigan Ribbon,アラミガンリボン
天女鱼,Seraphim,天女魚
扇贝海蛇,Blackfin Snake Eel,ホタテウミヘビ
汗鱼,Sweatfish,スウェットフィッシュ
哈克苦鱼,Hak Bitterling,ハクビターリング
白马,Whitehorse,ホワイトホース
雕塑家,Sculptor,スカルプター
珍珠眼,Pearl-eye,パールアイ
白钢鲨,Steelshark,スティールシャーク
迎春鱼,Harutsuge,春告魚
绢鲤,Silken Koi,絹鯉
花海马,Hanatatsu,ハナタツ
裁定鱼,Deemster,裁定魚
剑旗鱼,Swordfish,メカジキ
赏梅鱼,Plum Gazer,梅見魚
绝鬼鳄,Zekki Gator,ゼッキワニ
幽灵鱼,Wraithfish,レイスフィッシュ
基拉巴尼亚鲢鱼,Gyr Abanian Chub,ギラバニアチャブ
珊瑚海马,Coral Horse,サンゴノオトシゴ
恋心球藻,Maiden's Heart,コイマリモ
威罗迪纳鲑鱼,Velodyna Salmon,ベロジナサーモン
紫圆盾,Purple Buckler,パープルバックラー
枢机鱼,Cardinalfish,カーディナルフィッシュ
岩石鱼,Rockfish,ロックフィッシュ
浮木鱼,Ukiki,ウキキ
紫彩鱼,Violet Prismfish,紫彩魚
虹鳉,Guppy,グッピー
红尾鲶,Redtail,レッドテイル
幻河鲯,Mirage Mahi,ミラージュマヒ
鳄龟,Alligator Snapping Turtle,ワニガメ
盐磨鲨,Saltmill,ソルトミル
花须鯙,Ribbon Eel,ハナヒゲウツボ
盆栽鱼,Bonsai Fish,盆栽魚
仿麻鱼,Triplespine,ギマ
薄毯章鱼,Usuginu Octopus,ウスギヌダコ
红彩鱼,Red Prismfish,赤彩魚
河中长老,Elder Gourami,川の長老
尖叫者,Shrieker,シュリーカー
白彩鱼,White Goldfish,白彩魚
橙彩鱼,Firelight Goldfish,橙彩魚
康复鱼,Curefish,エスナカブリ
释法来豹鱼,Lake Sphairai,スファライフィッシュ
热鳍鱼,Warmscale Pleco,ヒートプレコ
白银贝,Shirogane Clam,白銀貝
青蓝之面,Illuminati Mask,イルミナティマスク
蓝彩鱼,Indigo Prismfish,藍彩魚
绿彩鱼,Green Prismfish,緑彩魚
北境生蚝,Northern Oyster,ノーザンオイスター
红玉海藻,Ruby Laver,紅玉藻
脉轮鲶,Chakrafish,チャクラナマズ
狱卒鮟鱇,Wicked Wartfish,ゴクソツアンコウ
奥萨德鲑鱼,Othardian Salmon,オサードサーモン
八眼鳗,Eighteyes Eel,オクトアイズ
水晶刀鱼,Crystal Knife,クリスタルナイフ
拉克汕鲤,Laxan Carp,ラクサンカープ
蓝色公主海星,Asteroidea,アステロイデア
硬糖藻,Hard Candy,ハードキャンディ
紫角蜗牛,Abyssal Snail,アビススネイル
净碟鱼,Clean Saucer,クリーンソーサー
兔跳鱼,Rabbit Skipper,ラビットスキッパー
水球鱼,Water Ball,ウォーターボンバー
黄体鲈,Xanthic Bass,キサントバス
白化雀鳝,Albino Garfish,アルビノガー
白化鳄,Albino Caiman,アルビノカイマン
食骨虾,Skulleater,スカルイーター
太妃蜗牛,Toffee Snail,トフィースネイル
沃茨鳟,Watts Trout,ワッツトラウト
南珂露西亚鳕鱼,South Kholusian Cod,サウスコルシアコッド
珂露西亚鲽鱼,Kholusian Flounder,コルシアフロウンダー
碎贝海带,Shellfracture Kelp,クラックシェルケルプ
血色气球鱼,Blood Cloud,ブラッドバルーン
蔷薇虾,Rose Shrimp,ローズシュリンプ
沙卵,Sand Egg,サンドエッグ
爱人之花,Lover's Flower,ラバーズフラワー
水晶都脂鲤,Crystarium Tetra,クリスタリウムテトラ
吐罪鱼,Sinspitter,罪吐き
外套蜗牛,Jacketed Snail,ジャケットスネイル
乳白珊瑚,Milky Coral,乳白珊瑚
砂砾贝,Gravel Mussel,ジャリガイ
骨鳀鱼,Bonefish,ホネイワシ
雾鳉,Misty Killifish,ミストキリフィッシュ
蛇斑盘丽鱼,Snakeskin Discus,スネークディスカス
白色石软蟹,Albino Rock Crab,アルバロッククラブ
贵族圆扇鱼,Noble's Fan,ノーブルファン
斑纹鲶,Zebra Catfish,ゼブラキャットフィッシュ
深褐鳎,Sepia Sole,セピアソール
尖枪乌贼,Spearhead Squid,スピアヘッド
变形鱼,Shapeshifter,シェイプシフター
珂露西亚隆头鱼,Kholusian Wrasse,コルシアンハンプヘッド
剃刀鱼,Razorfish,レイザーフィッシュ
枯叶海龙,Weedy Seadragon,ウィーディーシードラゴン
比朗螃蟹,Shadow Crab,ビランクラブ
沙遁鱼,Desert Dustfish,デザートサブマリナー
琥珀八目鳗,Amber Lamprey,コハクヤツメ
徘徊鲶鱼,Wandering Catfish,ワンダリングキャットフィッシュ
骸骨鱼,Skeletonfish,スケルトンフィッシュ
赤色海蜘蛛,Crimson Sea Spider,ベニウミグモ
贤岛巨鱼,Vicejaw,バイスジョー
奶蚝,Creamy Oyster,クリームオイスター
艺术鱼,Minstrelfish,ミンストレルフィッシュ
角骨鱼,Hornhelm,ツノカブリ
沙蹼壁虎,Web-footed Sand Gecko,ミズカキスナヤモリ
灰跳鱼,Grey Skipper,グレイスキッパー
青蓝鳅,Cerulean Loach,セルリアンローチ
仙子鱼,Pixie Fish,ピクシーフィッシュ
珍珠鳞,Official Ball,オフィシャルボール
樱桃鲱鱼,Cherry Herring,チェリーヘリング
游末邦蝴蝶鱼,Eulmore Butterfly,ユールモアバタフライ
红锤头鲨,Red Hammerhead,レッドハンマーヘッド
血眼蛙,Blood-eyed Frog,ブラッドアイフロッグ
蝴蝶彩虹鳉,Spotted Blue-eye,バタフライレインボー
柠檬鱼,Lemonfish,レモンフィッシュ
叛逆鱼,Rebel,ゲコクジョウ
狂野红斗鱼,Wild Red Betta,ワイルドレッドベタ
黄金龙虾,Golden Lobster,ゴールデンロブスター
弧边招潮蟹,Clawbow,ビッグアーチャー
黄色皮皮拉鱼,Yellow Pipira,イエローピピラ
忠义鱼,Oathfish,オウスフィッシュ
大王镜贝,Brightmirror Clam,ダイオウカガミガイ
胭脂鱼,Wimple Carp,エンツュイ
斑点攀鲈,Spotted Ctenopoma,スポテッドクテノポマ
拉凯提卡鳟,Rak'tika Trout,ラケティカトラウト
黑根鳗,Darkroot,ダークルート
骑士鲈,Night's Bass,ナイツバス
强盗蟹,Robber Crab,ロバークラブ
迦利克螃蟹,Garik Crab,ガリククラブ
王冠脂鲤,Clown Tetra,クラウンテトラ
引螈,Eryops,エリオプス
钻石皮皮拉鱼,Diamond Pipira,ダイヤモンドピピラ
哲罗鱼,Hucho Taimen,イトウオ
拿巴示蝠鲼,Nabaath Manta,ナバースマンタ
银鲶,Silver Kitten,シルバーキティ
黑色三连星,Black Tri-star,ブラックトライスター
黑风鱼,Stormfish,黒風魚
西考拉克斯贝,Sycorax,シコラクス
斧鱼,Winged Hatchetfish,ハチェットフィッシュ
琥珀鮟鱇,Amber Monkfish,アンバーモンクフィッシュ
沙漠锯,Desert Saw,デザートソー
食人贝,Maneater Clam,人食貝
食用蚝,Sweetflesh Oyster,エディブルオイスター
青色海蜘蛛,Azure Sea Spider,アオウミグモ
暗紫珊瑚,Deep Purple Coral,暗紫珊瑚
卡利班骨头鱼,Caliban,キャリバンズスケイル
古代虾,Ancient Shrimp,エンシェントシュリンプ
青色海恶魔,Cyan Sea Devil,シアンシーデビル
斑点鳗,Stippled Eel,スティップリングイール
白金虹鳉,Platinum Guppy,プラチナグッピー
剑齿龙鳖,Henodus,ヘノドゥス
刺棘蜥蜴,Thorned Lizard,トゲトカゲ
水泡眼,Toadhead,水泡眼
永暗鱼,Darkdweller,常闇魚
骗子鱼,Hoodwinker,フードウィンカー
巨型鮟鱇,Bubble Angler,シャボンアンコウ
绒毛女神虾,Yeti Crab,キワヒルスタ
彩虹虾,Rainbow Shrimp,レインボーシュリンプ
鳍人族的宿敌,Ondobane,オンドの宿敵
海洋陷阱,Seatrap,シートラップ
观星鱼,Stargazer,スターゲイザーフィッシュ
薄饼章鱼,Pancake Octopus,メンダコ
猎手鱼,Predator,プレデターフィッシュ
鳍人族的鱼叉,Ondo Harpoon,オンドの銛
贻贝,Sweetmeat Mussel,ムセル
拉克汕墨螺,Laxan Inkhorn,ラクサンインクホーン
白油刺鱼,White Oil Perch,ホワイトオイルパーチ
仙女贝,Faeshine Clam,フェアリークラム
艾兰凶龟,Areng Dire,アレン・デル
珂露西亚帝王蟹,Kholusian King Crab,コルシアンキングクラブ
蓝蟹,Blue Crab,ブルークラブ
倒挂金钟的花蕾,Fuchsia Bloom,フクシアの蕾
重盾贝,Hoplite,ホプロンシェル
钓钩鱼,Hook Fish,釣針魚
云草,Cloudweed,クラウドハーブ
巨鲱,Fatty Herring,オオニシン
墨贝,Inkshell,インクシェル
龙堡扇贝,Dravanian Scallop,ドラヴァニアンスカラプ
云海海带,Cloud Kelp,クラウドケルプ
猩红蛙,Scarlet Frog,スカーレットフロッグ
白蜃蛤蜊,White Clam,白蜃蛤
熏香鱼,Fragrant Sweetfish,薫香魚
海扇蛤,Pecten,ペクテン
北洋鲱,Northern Herring,ノーザンヘリング
狗脸鲀,Dog-faced Puffer,ドッグフェイスパファー
钴铁光鳃鱼,Cobalt Chromis,コバルトクロミス
吉他鱼,Guitarfish,ギターフィッシュ
螯虾,Astacus,アスタクス
眼点丽鱼,Peacock Bass,キクラ・ピニマ
大学究,Academician,アカデミシャンヘッド
剑脊锯盖鱼,Swordspine Snook,ソードスパインスヌーク
千虑鱼,Ponderer,千慮魚
涌潮大丽花,Tidal Dahlia,シーダーリア
子代蝴蝶鱼,Butterfly Fry,ジュニアバタフライ
鲴鱼,Xenocypris,クセノキプリス
水面鳉,Topminnow,タップミノー
小方砖丽鱼,Tessera,キクラ・テッセラ
特级以太药虱,Giant Aetherlouse,エクスエーテルラウス
宽身锯盖鱼,Fat Snook,ファットスヌーク
虹鳞鲮脂鲤,Prochilodus Luminosus,カラープロキロダス
中丽鱼,Mesonauta,メソナウタ
绿鳃鲑,Greengill Salmon,グリーンサーモン
长嘴鱲,Raiamas,ライアマス
红弓鳍鱼,Red Bowfin,レッドボウフィン
贪食沼虾,Macrobrachium Lar,マクロブラキウム・ラー
吹箭鱼,Blowgun,ブロウガンナー
玄铁刀背鱼,Darksteel Knifefish,ダークナイフフィッシュ
以太螯虾,Astacus Aetherius,アスタクス・エーテリウス
迷津罗非鱼,Labyrinthos Tilapia,ラヴィリンソス・ティラピア
象魔鼻鱼,Trunkblessed,マタンガンノーズ
樱使鳟,Seema Duta,シーマドゥータ
长耳太阳鱼,Longear Sunfish,ロングイヤーサンフィッシュ
银脂鲤,Silver Characin,シルバードラド
萨维奈虾虎,Thavnairian Goby,サベネアンゴビー
船鳎,Qeyiq Sole,ケイークソール
玫瑰蟹,Gwl Crab,ギュルクラブ
豹纹石斑鱼,Pantherscale Grouper,パンサーグルーパー
婚宴娟纱,Fate's Design,婚宴の絹
暗影沙丁鱼,Shadowdart Sardine,シャドウサーディン
帕克夏鱼,Paksa Fish,パクシャフィッシュ
雷咏隆头鱼,Garjana Wrasse,ガルジャナ・ラス
黄金尖吻鲈,Golden Barramundi,ゴールデンバラマンディ
卡嘉雅落选者,Kadjaya's Castaway,カジャーヤの落伍者
魔象蛙,Marid Frog,マーリドフロッグ
蓝鳃太阳鱼,Bluegill,ブルーギル
青铜皮皮拉鱼,Bronze Pipira,ブロンズピピラ
绿剑尾鱼,Green Swordtail,グリーンソードテール
饮乳鱼,Ksirapayin,乳飲魚
塔门守卫,Wakeful Watcher,トラーナの番人
红鼓鱼,Red Drum,レッドドラム
矿炉飞鱼,Forgeflame,鉱炉の飛魚
长吻脂鲤,Bicuda,ビックーダ
拉札巴里克鱼,Radzbalik,ラズバリク
半月斗鱼,Half-moon Betta,ハーフムーンベタ
香蕉鳗鱼,Banana Eel,バナナイール
小桓娑鱼,Handy Hamsa,タイニーハンサ
花角鱼,Flowerhorn,フラワーホーン
萨维奈鳄,Thavnairian Caiman,サベネアンカイマン
火纹虾虎,Fiery Goby,ファイヤーゴビー
汃汃呀鱼,Puff-paya,パパヤフィッシュ
纳茹奈章鱼,Narunnairian Octopus,ナルネアオクトパス
雄鸡鱼,Roosterfish,ルースターフィッシュ
矛齿鲸,Basilosaurus,ドルドン
加雷马蛤蜊,Garlean Clam,ガレマールクラム
艾布拉纳鳟,Eblan Trout,エブラーナトラウト
小魂灵,Animulus,タイニーアニムス
青磷核,Cerule Core,セルリアンコア
冰原狗鱼,Icepike,アイシィガー
漆黑帝冠,Dark Crown,黒き帝冠
帝国琵琶鱼,Imperial Pleco,インペリアルプレコ
蓝尾鲶,Bluetail,ブルーテイル
星蓝虹鳉,Star-blue Guppy,スターブルーグッピー
月夜丽鱼,Lunar Cichlid,ムーン・シクリッド
泪眼,Teareye,ティアーアイ
复制巨骨舌鱼,Replipirarucu,レプリカピラルク
魇鱼,Feverfish,魘魚
紫鱼,Calicia,ツーユィー
不完整菌类987,Protomyke #987,不完全菌類987
月壤龟,Regotoise,レゴリストータス
岛屿跳鱼,Isle Skipper,アイルスキッパー
登虹鱼,Iribainion,イーリバイニオン
白化鳅,Albino Loach,アルビノローチ
金光闪闪,Golden Shiner,ゴールデンシャイナー
犬梭鲃,Mangar,マンガル
皮颏鱵,Dermogenys,デルモゲニー
花冠鮨,Antheia,アンテイア
巨脂鲤,Colossoma,コロソマ
助木剌,Smaragdos,スマラグドス
超弦,Superstring,スーパーストリングス
吞星鱼,Star Eater,スターイーター
真空虾,Vacuum Shrimp,エアーシュリンプ
宇宙噪声,Cosmic Noise,コズミック・ノイズ
玻璃鱼,Glassfish,グラスフィッシュ
佛恩·米克,Foun Myhk,フォン・ミィーク
龙鳞鱼,Dragonscale,ドラゴンスケール
伊普皮亚拉,Ypupîara,イプピアーラ
噬卵者,Eehs Forhnesh,エー・フォーネシ
镜鱼,Katoptron,カトプトロン
陨星尾,Comet Tail,天狗星の欠片
阿俄伊德,Aoide,アオイデ
原型肉身,Protoflesh,プロトボディ
洄游星,Wandering Starscale,ワンダリングスター
虫洞蠕虫,Wormhole Worm,ワームホールワーム
不明飞行物II,Unidentified Flying Biomass II,未確認飛行生物II
三叉神海兽,Triaina,トリアイナ
贤者癸辛,Sophos Deka-okto,ソフォス・デカオクト
二十四足文明人,Class Twenty-four,二十四脚文明人
恐惊威,Terrifyingway,テリファイングウェイ
梅德龙星人,Alien Mertone,メロトーン星人
胡萝卜怪兽,Monster Carrot,キャロットモンスター
阿耳戈航员,Argonaut,アルゴノート
碧鱼莲,Echinos,エキノス
宇宙象,Space Bishop,スペースビショップ
阿勒刻托,Alyketos,アルケトス
事件穹界的回归者,Horizon Event,地平よりの帰還者
额外维度实体-9318,E.B.E.-9318,E.B.E-9318
未受生魂,Unbegotten,アンビゴッテン
萨维奈卡拉墨鱼,Thavnairian Calamari,サベネアンカラマリ
种子蛙,Seedtoad,シードトード
圣洁绒球,Holier-than Mogpom,ハロポンポン
灰白珊瑚,Chalky Coral,灰白珊瑚
摩耶灵龟,Mayashell,マーヤーの霊亀
鳍人海带,Ondo Kelp,オンドケルプ
尊紫鳕,Purpure Cod,プルプラコッド
虹花贝,Il Lydha,イル・リダ
叶草鱼,Phyllinos,ピュッリノス
战女神之圣盾,The Fury's Aegis,イージス・オブ・ハルオーネ
小骨鱼,Ossicula,オシクラムフィッシュ
小猫鲱鱼,Kitty Herring,キティヘリング
黄尾鱼,Sarikuyruk,サリクユク
金箔龙虾,Stargilt Lobster,ギルトロブスター
金币鱼,Golding,金貨魚
食蚊鱼,Mosquito Fish,モスキートフィッシュ
佩鲁蛙,Pel Frog,ペルフロッグ
暗银脂鲤,Petticoat Tetra,ブラックテトラ
理王鱼,Reasonscale Silverside,理王魚
酒鬼鱼,Shallows Sot,呑んべぇ魚
幽魂鱼,Ghostfish,ゴーストフィッシュ
镰鳍鲳鲹,Permit,パーミット
竖笛鱼,Floating Fife,縦笛魚
蓝色钱包,Blue Purse,ブルーパース
金矛鱼,Goldfin Cavalli,金の鉾
海羊驼,Sea Alpaca,シーアルパカ
大理石手斧,Marbled Hatchetfish,マーブルハチェット
抓星虾,Starsnipper,スターキャッチャー
奥阔鳟,Urqotrout,オルコトラウト
凿石刀,Yok Huy Stonecutter,石切の刃
其瓦固鳅,Chirwagur Loach,チーワグーローチ
欧来欧来欧来,Alright Alright Alright,オーラーオーラーオーラー
乌帕鲁,Zorlortor,ウーパールー
流星银尾,Shooting Starscale,流星の銀尾
第一口,First Feastfish,ファーストエッグ
奥阔水蛙,Urqofrog,オルコミズガエル
泽托托,Zeh Tortoh,ゼー・トートー
半饱鳟,Morsel Trout,ホドホド
深奥的证人,Deepwarden,深奥の証人
克扎玛乌跳鱼,Kozama'uka Skipper,コザマル・スキッパー
水没睡鱼,Bopo'u Sleeper,ボポル・スリーパー
剧毒染色蛙,Poison Dyefrog,ダイフロッグ
花褶玛塔蛇颈龟,Pleated Matamata,マタ・マタマタ
巨蛋大蛇,Uyuy Xage,ウユー・シャゲ
大盘蟹,Plattershell,オオザラガニ
牙签鱼,Candiru,カンディル
利齿脂鲤,Trahira,タライーラ
浮木鲶鱼,Driftwood Catfish,ウッドキャット
火风鱼,Oho Hunu,オホ・フヌ
青铜琵琶鱼,Bronze Pleco,ブロンズプレコ
矛丽鱼,Crenicichla,クレニシクラ
火焰丽鱼,Hunu Peacock Bass,ツクナレ・フォーゴ
佩鲁灾星,Pelubane,ペルベイン
巨型利齿脂鲤,Giant Trahira,タライロン
大舌头苦鱼,Ku'uxage Bitterling,クルビターリング
断舌处刑人,Tonguesnatcher,クルの処刑人
玉米鲦鱼,Corn Dace,コーンデイス
浮虹鱼,Ka Puyhu,カ・プィフ
虹彩虹鳉,Ligaka Guppy,リガカグッピー
团子鱼,Dumplingfish,団子魚
条纹牙签鱼,Banded Candiru,バンデッド・カンディル
尖陶乐鲶,Oxydoras,オキシドラス
圆点刺魟,Spotted Stingray,ポルカドット・モトロ
黄单丽鱼,Yellow Peacock Bass,キクラ・モノクルス
闪烁鱼影,Shimmering Shadow,スパークルフィッシュ
乌托姆黎明,Ut'ohmu Dawnfish,ウトォームの夜明け
魣鳉,Belonesox,ベロネソックス
钓神基富丽鱼,Xd'aa Talat Cichlid,シャダータラト・シクリッド
红豹帆鳍鱼,Iq Br'aax Sailfin,セイルフィン
隐白,Hunmu Ob,フンム・オブ
蚓螈,Apoda,アポダ
镜鲤,Mirror Carp,ミラーカープ
天坑太阳,Tsoly Mu,ゾユ・ム
赤血的枯叶,Iq Rrax Leaffish,イクラシュの枯葉
天使之母,Archmatron Angelfish,御使いの母
亚克特尔蝾螈,Yak T'el Salamander,ヤクテルサラマンダー
黑骨舌鱼,Shadowtongue,ブラックアロワナ
云空鱼,Cloud-eye Carp,雲空魚
白烬龙虾,Xobr'it Lobster,ショブリトロブスター
金曦钝口螈,Sunbright Axolotl,ゴールデンアクソロトル
泥土鱼,Mudfish,マッドフィッシュ
图拉尔毒蜥蜴,Turali Beaded Lizard,トラルドクトカゲ
亚克特尔鲶鱼,Yak T'el Catfish,ヤクテルキャットフィッシュ
脚尖鲶,Ankledeep Catfish,アシクビナマズ
格子丽鱼,Checkered Cichlid,チェッカードシクリッド
战地雀鳝,Moxutural Gar,モシュトラル・ガー
金红剑尾鱼,Variatus,ヴァリアタス
星粒鱼,Welkin Catfish,星粒魚
完美的碟子,Flawless Saucer,トゥルーソーサー
幻煌鱼,Glittergill,幻煌魚
细枝鲶,Twig Catfish,ファロウェラ
盲鼬鱼,Blind Brotula,ブラインドブロトゥラ
亚克特尔鳄,Yak T'el Caiman,ヤクテルカイマン
乌托姆提卡,Ut'ohmu Tiika,ウトォーム・ティーカ
鲨鱼鼻虾虎,Sharknose Goby,シャークノーズゴビー
亚克特尔蟹,Yak T'el Crab,ヤク・クラブ
冥境睡鱼,Xty'iinbek Sleeper,シャティーンベク・スリーパー
网纹鲨,Chain Shark,チェインシャーク
骨尾查布鱼,Bonytail Chub,ボニーテールチャブ
尼葵瑞皮鳟,Niikwerepi Trout,ニーケレピトラウト
帕利尤南丽鱼,Pyariyoanaan Cichlid,パリヨーナン・シクリッド
夏劳尼鲑鱼,Shaaloani Salmon,シャーローニサーモン
旅迹鳟,Trailtrout,トレイルトラウト
特利平鲶,Toari Sucker,トーリ・サッカー
图拉尔鲟,Turali Paddlefish,トラルパドルフィッシュ
佐戈之核,Zorgor Core,ゾーゴーコア
云中缎带,Cloudribbon,クラウドリボン
佐戈蝎,Zorgor Scorpion,ゾーゴースコーピオン
瀑布徨灵,Vagrant Cascade,瀑布の徨霊
飞天鱿鱼,Azure Glider,フライングスキッド
风暴鲨,Hellsnow Shark,エクストリームシャーク
遗产鳅,Heritage Loach,ヘリテージローチ
边郊鼻鱼,Outskirts Sniffer,アウトノーズ
瓜仁太阳鱼,Pumpkin Perch,パンプキンシードギル
虎纹大狗鱼,Tiger Muskellunge,タイガーマスキー
黑莓鲈,Moon Croppie,ブラッククラッピー
漂流鳟,Driftdowns Trout,ドリフトトラウト
雷斗鱼,Electrobetta,エレクトロベタ
红腹雷锤,Thundering Redbelly,サンダーレッド
亚斯拉尼弓鳍鱼,Yyasulani Bowfin,ヤースラニボウフィン
雷鲽鱼,Crackling Flounder,エレクトロフラウンダー
黄金石斑鱼,Goldgrouper,ゴールデングルーパー
永护螯虾,Everkeep Yabby,エバーヤビー
棘背鱼,Stickleback,スティックルバック
清洁方案,Custodian Carp,ソリューションクリーナー
锦砖鳅,Mosaic Loach,モザイクローチ
玫瑰蛙,Rosebud Frog,ローズフロッグ
骑士虾虎,Knight Goby,ナイトゴビー
风途鳗鱼,Windspath Eel,ウィンドパスイール
滑稽鲶鱼,Harlequin Lancer,ハーレクインランサー
蛇头鳢,Giant Snakehead,スネークヘッド
粗纹松鲷,Datnioides,ダトニオ
新骨舌鱼,Neo Arowana,ネオアロワナ
运河鲷鱼,Canal Bream,カナルブリーム
虹色隆头鱼,Iris Wrasse,アイリス・ラス
运河鼓,Canal Drum,カナルドラム
蝴蝶鳐,Butterfly Ray,バタフライレイ
水鲯鲭,Hydro Louvar,ハイドロルーヴァー
钟情蚌,Devotion Clam,デヴォーションクラム
被遗忘的鱼,Forgotten One,忘れられた魚
红铜鲨,Copper Shark,カッパーシャーク
金色昨日,Golden Day,イェスタゴールド
星河镜银鲫,Starglass Gibel,スターグラスギバル
绯红女王,Scarlet Queen,スカーレット・クイーン
亚历山德里亚鲤鱼,Ultimoat Carp,フィッシュ・アレクサンドリアン
普海稀有,Ordinary sea area,一般海域
醉鱼,Drunkfish,ドランカードフィッシュ
小利维亚桑,Little Leviathan,リトルリヴァイアサン
海流星,Shooting Star,海の流星
海铠靴,Sabaton,シーサバトン
谢尔达莱结晶,Cieldalaes Geode,シェルダレージオード
素面,Bareface,ベアフェイス
银杏鱼,Ginkgo Fin,ギンコフィッシュ
幽暗鲨,Dusk Shark,ダスキーシャーク
水引鱼,Mizuhiki,水引魚
天之虎,Heavensent Shark,アメノトラ
茂鲨,Fishy Shark,茂鮫