空天姬预设,4.529.300.20241115
说明,感谢 @Sectumsempra @Pa-paya! 等对预设补完的贡献\r\n所有鱼王鱼皇均已补完 已审核(86%) 充分验证(29%)\r\n最近新增 星鲸 嘎儿鱼 铲鼻鲶 鱼眼断指龙虾 其他支持的鱼类请看预设表格 http://docs.qq.com/sheet/DVlNaQ012amF4SW1G
赞助,-空天姬是免费的，谨防倒卖-\r\n国内库链请手动更换为腾讯云 \r\n- 感谢赞助 -\r\n\✦/天生有灵视\✦/\r\n✦HAL9000-4✦  ✦极夜✦\r\n✦Mirage✦  ✦konopa✦\r\n✦贾XXX✦  ✧.宝✧  ✧KARMA✧\r\n✧逆光✧  ✧小口袋里の童话✧\r\n✧小胖次✧  ✧AFD5dca3✧\r\n✧鸢✧  GT  Xc.  Tachanka\r\n江畔晚风拂柳\r\n- 特别鸣谢 -\r\nMnFeN  Nyy  FraGilE\r\n欧尼棒棒\r\n\r\n\r\n    - 2024年11月15日 -\r\n  - by BlackCleaverLoli -
杂项,1//预设分级：非预设
攒鱼计,平钓（万能拟饵）all=攒鱼计//预设分级：最优化
练级,耐心（万能拟饵）all=收藏//预设分级：最优化
近东虾,平钓（青花鱼块）拍16~！占位22~！双重//预设分级：最优化
星尘虾,平钓（深红沙蚕）！=引诱、不撒饵=专一【星尘虾】\\星尘虾//预设分级：最优化
巧儿海陆行鸟,耐心（沙蚕）！》！！》23~！！！0801-1600=（巧儿海陆行鸟、Castaway、海チョコチョコボ）//预设分级：有效的
魔法水桶,平钓 （残暴水蛭）拍【妖祸克拉肯】！！！=魔法水桶、Bucket、マジックバケツ、钓组//预设分级：最优化
桶眼鱼,耐心（天钢之球）！》16~25.5！！（打雷）=收藏品//预设分级：有效的
灵岩之剑,耐心 （万能拟饵）拍【魇鱼】（！）6.5+12~10.7+20.6！！》8.5~！！=收藏品=专一【灵岩之剑】\\灵岩之剑//预设分级：有效的
月面死亡蠕虫,耐心 （奇美拉蠕虫）！【紫鱼】》！！！（晴朗）=收藏品、引诱、不撒饵//预设分级：最优化
克雷拉鲤,大鱼 （嘭嘭拟饵）拍【蛇头鳢】！！=收藏、鱼影、不撒饵//预设分级：无错误
佐戈秃鹰,平钓 （蜻蜓）拍【佐戈蝎、瀑布徨灵】21~！！=收藏品、鱼影、不撒饵//佐戈秃鹰//预设分级：最优化
铲鼻鲶,平钓 （嘭嘭拟饵）拍【圆点刺魟】13~！！=收藏品、知识、引诱、不撒饵//预设分级：无错误
莫雯,1//预设分级：非预设
白金海马,耐心（卓越丸子）~7.5！=29（白金海马、Platinum、プラチナホース）；收藏不撒饵=专一（白金海马、Platinum、プラチナホース）\\原地精选可能暴击否则请多钓一条//预设分级：无错误
击木灯塔守卫,大鱼（卓越丸子）拍（^(?!击木、Clave、クレイヴキーパー)[^击]）！！=29（击木灯塔守卫、Clavekeeper、クレイヴキーパー）；引诱收藏不撒饵\\原地精选可能暴击否则请多钓一条//预设分级：无错误
镜中影,耐心（卓越丸子）拍（^(?!镜中影、Mirror、手鏡)[^镜]）~7.5！=39（镜中影、Mirror、手鏡）；收藏不撒饵=专一（镜中影、Mirror、手鏡）\\原地精选可能暴击否则请多钓一条//预设分级：无错误
亮片巨骨舌鱼,大鱼（卓越丸子）！！=39（亮片巨骨舌鱼、Spangled、シークインピラルク）；引诱收藏不撒饵=专一（亮片巨骨舌鱼、Spangled、シークインピラルク）\\原地精选可能暴击否则请多钓一条//预设分级：无错误
黄遁鱼,耐心（卓越丸子）~7.5！=39（黄遁鱼、Gold、イエロー）；收藏不撒饵=专一（黄遁鱼、Gold、イエロー）\\原地精选可能暴击否则请多钓一条//预设分级：无错误
得到宽恕的忧郁,大鱼（卓越丸子）！！=39（得到宽恕的忧郁、Forgiven、フォーギヴン）；引诱收藏不撒饵=专一（得到宽恕的忧郁、Forgiven、フォーギヴン）\\原地精选可能暴击否则请多钓一条//预设分级：无错误
油膜鱼,耐心（卓越丸子）~7.5！=39（油膜鱼、Slick、オイルスリッカー）；收藏不撒饵=专一（油膜鱼、Slick、オイルスリッカー）\\原地精选可能暴击否则请多钓一条//预设分级：无错误
贡萨洛蛞蝓,耐心（卓越丸子）8~14！=39（贡萨洛蛞蝓、Grace、ゴンザーロスラッグ）；收藏不撒饵=专一（贡萨洛蛞蝓、Grace、ゴンザーロスラッグ）\\原地精选可能暴击否则请多钓一条//预设分级：无错误
黑木块,耐心（卓越丸子）拍~5.5！占位~8.5！！》！！=39（黑木块、Deadwood、黒き木塊）；15（隆卡金块、Ronkan、ロンカブリオン）；收藏不撒饵=专一（黑木块、Deadwood、黒き木塊）\\原地精选可能暴击请自行检查材料数量//预设分级：无错误
隆卡金块,耐心（卓越丸子）拍~5.5！占位~8.5！！》！！=39（黑木块、Deadwood、黒き木塊）；15（隆卡金块、Ronkan、ロンカブリオン）；收藏不撒饵=专一（黑木块、Deadwood、黒き木塊）\\原地精选可能暴击请自行检查材料数量//预设分级：无错误
丰饶虹鳉,耐心（卓越丸子）~6.5！+！！=39（丰饶虹鳉、Little、バウンティ）；15（圣法斯里克的石头脑袋、Saint、聖）；收藏不撒饵=专一（丰饶虹鳉、Little、バウンティ）\\原地精选可能暴击请自行检查材料数量//预设分级：无错误
圣法斯里克的石头脑袋,耐心（卓越丸子）~6.5！+！！=39（丰饶虹鳉、Little、バウンティ）；15（圣法斯里克的石头脑袋、Saint、聖）；收藏不撒饵=专一（丰饶虹鳉、Little、バウンティ）\\原地精选可能暴击请自行检查材料数量//预设分级：无错误
鱼眼预设,1//预设分级：非预设
鱼眼断指龙虾,平钓（极地磷虾）拍！！【海岩龙虾】！！！1731-1800=【断指龙虾】鱼眼、引诱//预设分级：最优化
鱼皇流程依赖,1//预设分级：非预设
七彩天主计数,计数 3【蓝彩鱼】；3【橙彩鱼】；5【绿彩鱼】；//预设分级：非预设
七彩天主起手,大鱼（嗡嗡石蝇）！！》！三提=鱼眼、不撒饵//从零开始使用，当钓满蓝彩鱼或橙彩鱼时请手动更换【鱼眼蓝彩鱼】或【鱼眼橙彩鱼】//预设分级：有效的
鱼眼蓝彩鱼,大鱼（嗡嗡石蝇）！！【紫彩鱼】》！三提=鱼眼、不撒饵//蓝彩鱼和橙彩鱼都钓满时，在绿彩鱼的鱼眼窗口使用【七彩天主最终】//预设分级：有效的
鱼眼橙彩鱼,大鱼（嗡嗡石蝇）！！【红彩鱼】》！三提=鱼眼、不撒饵//蓝彩鱼和橙彩鱼都钓满时，在绿彩鱼的鱼眼窗口使用【七彩天主最终】//预设分级：有效的
七彩天主最终,平钓（嗡嗡石蝇）拍！！【黄彩鱼、青彩鱼、紫彩鱼】！（碧空、晴朗）=鱼眼、不撒饵 》鱼识 平钓拍！！【黄彩鱼、青彩鱼、紫彩鱼】！+！！！=【七彩天主】//蓝彩鱼和橙彩鱼都钓满时，在绿彩鱼的鱼眼窗口使用//预设分级：最优化
鱼眼奸隐鱼,平钓（短嘴诱饵鱼）拍！！【卡利班骨头鱼】！！！2201-2400（晴朗）=【奸隐鱼】鱼眼、引诱//预设分级：无错误
嘎儿鱼起手,耐心（青花鱼块）6.1+10.3~！》！！！》！！！（晴朗）=10【矛齿鲸】；引诱、套娃、不撒饵//请在天气为晴朗时启动//预设分级：未分级
嘎儿鱼补钓最终,大鱼（青花鱼块）6.1+10.3~！》！！！（晴朗）=2【矛齿鲸】；引诱、收藏品、不撒饵 》阶段 大鱼（青花鱼块）6.1+10.3~！》！！！》！！！1355-1600（晴朗）=1【矛齿鲸】；引诱、收藏品、不撒饵 》阶段 耐心（青花鱼块）6.1+10.3~！》！！！》！！！1355-1600（晴朗）=引诱、套娃《《 》鱼识 平钓（青花鱼块）拍~7.6+14！！【纳茹奈章鱼、萨维奈卡拉墨鱼】！！！1401-1600（晴朗）=【嘎儿鱼】引诱//预设分级：未分级
嘎儿鱼最终,大鱼（青花鱼块）6.1+10.3~！》！！！（晴朗）=1【矛齿鲸】；引诱、收藏品、不撒饵 》阶段 大鱼（青花鱼块）6.1+10.3~！》！！！》！！！1355-1600（晴朗）=1【矛齿鲸】；引诱、收藏品、不撒饵 》阶段 耐心（青花鱼块）6.1+10.3~！》！！！》！！！1355-1600（晴朗）=引诱、套娃《《 》鱼识 平钓（青花鱼块）拍~7.6+14！！【纳茹奈章鱼、萨维奈卡拉墨鱼】！！！1401-1600（晴朗）=【嘎儿鱼】引诱//预设分级：未分级
法拉伊那,大鱼（星尘）拍【三叉神海兽】~7+13！！》！！！0001-0400=【法拉伊那】收藏品、引诱、不撒饵//预设分级：最优化
星鲸长流程未受生魂,大鱼（星尘）拍【三叉神海兽】~13！！》17~！！双重=2【未受生魂】；引诱、不撒饵//钓到法拉伊那后使用，完成后换钓点在星鲸前25分钟使用【星鲸长流程最终】//预设分级：最优化
星鲸长流程最终,大鱼（星尘）拍【三叉神海兽】！！《【事件穹界的回归者】=1【36519】；引诱、不撒饵 》阶段 大鱼 拍【三叉神海兽】！！《【事件穹界的回归者】2357-0800=2【36519】；引诱、不撒饵《 》鱼识 大鱼（星尘）拍【三叉神海兽】~13！！》！！！2357-0800（磁暴）=【星鲸】引诱、不撒饵//预设分级：有效的
星鲸短流程方案,星鲸短流程预设说明：在星鲸窗口期到来前（最好是提前一个小时或半小时）启动【星鲸短流程起手】来钓总计5条的2种星鲸鱼识前置（空天姬会自动计数并提醒）。在完成后，更换钓点到远离原位置几米远的地方，在星鲸窗口期到来前的第25分钟启动【星鲸短流程最终】，祝你好运！<se.9>//预设分级：非预设
星鲸短流程起手,耐心（星尘）拍【三叉神海兽】！！》17~！！=2【未受生魂】；3【36519】；引诱、不撒饵//星鲸到来前一个或半个小时启动，没钓到法拉伊那也可以从这个开始//预设分级：有效的
星鲸短流程最终,大鱼（星尘）拍【三叉神海兽】~7+13！！》！！！0001-0400=引诱、不撒饵 》鱼识 大鱼（星尘）拍【三叉神海兽】~7+13！！》！！！0001-0800（磁暴）=【星鲸】引诱、不撒饵//更换钓点在星鲸到来前第25分钟启动，只缺法拉伊那也可以用。//预设分级：无错误
2,113//预设分级：非预设
涅普特龙,平钓（极地磷虾）拍【愿贝】9.5+17-！！（小雨、暴雨）=专一【小撒拉奥斯】=双重》鱼识 耐心（沙蚕）！》！！+！！！》！！！》！！！（小雨、暴雨）=【涅普特龙】//注意带沙蚕//预设分级：有效的
内角石,耐心（单环刺螠）！》！！！2001-0400（阴云、薄雾、微风）=【内角石】//预设分级：无错误
波太郎,平钓（火萤）拍~12+22！！【争斗琵琶鱼】！！！（雷雨、打雷）》鱼识 平钓（漂浮诱饵蛙）！！！=【波太郎】//预设分级：无错误
旋齿鲨,耐心（沙蛭）~7.5+15！！《飞沙鱼》！！！0801-2000（热浪）=【旋齿鲨】引诱//预设分级：无错误
秀尼鱼龙,耐心（浮游虫）~7.5+14.5！！《【破云飞鱼】=4【破云飞鱼】；不撒饵、引诱》阶段 耐心（浮游虫）~7.5+14.5！！》！！！》！！！（暴雪）=【秀尼鱼龙】不撒饵、引诱《//预设分级：无错误
杀手库诺,耐心（蜜虫）~8+15.5！》！》！！！0801-1800（妖雾）》鱼识 耐心（蜜虫）~8+15.5！》！+！！》！！+！！！》！！！=【杀手库诺】//预设分级：无错误
金鳍蝶,平钓（潮虫）拍！【海云水母】！！！精准0901-1400=【金鳍蝶】引诱//预设分级：无错误
猛犸章鱼,大鱼（潮虫）~8+12！！》！！！0901-1700=【猛犸章鱼】//预设分级：无错误
扎尔艾拉,平钓（沟鼠尾巴）拍！【藤皮海参、海云水母】！！！精准0901-1400=【扎尔艾拉】引诱//预设分级：无错误
无赖王,平钓（蛾蛹）拍！[蝲鲢]！！！0901-1400=无赖王//预设分级：无错误
隐沙鱼,平钓（蝲蛄丸子）拍！鳟！！！=隐沙鱼//预设分级：无错误
巨鲨,耐心（沙蚕）拍【手指虾】！》！！！（碧空，晴朗）=【巨鲨】//预设分级：最优化
高刺鱼,平钓（下沉诱饵鱼）拍！！刺！！！0501-0800=【高刺鱼】引诱//预设分级：无错误
水晶刺鱼,平钓（黄油虫）拍！【铜鱼】！！！精准（阴云、薄雾、微风）=【水晶刺鱼】引诱//预设分级：无错误
高声鲶鱼,平钓（蛾蛹）拍！蝲！！！=高声鲶鱼//预设分级：无错误
山神印,平钓（虾虎丸子）拍！石！！！=山神印//预设分级：无错误
希尔德拉,平钓（单环刺螠）拍！【叶海龙】！！！精准（小雨）=【希尔德拉】引诱//预设分级：无错误
银君,平钓（弓角）拍！！[鳕鱼]！！！=银君//预设分级：无错误
剑齿鳕,平钓（虾虎丸子）拍！！【莫拉比鲽鱼】！！！1601-2200=【剑齿鳕】引诱//预设分级：无错误
剪刀手雅克,平钓（虾虎丸子）拍！【石软蟹】！！！精准2101-0300=【剪刀手雅克】引诱//预设分级：无错误
仙后鲈,平钓（复合亮片）拍！！【仙女鲈】！！！（阴云、薄雾、微风）=【仙后鲈】引诱//预设分级：无错误
陨石幸存者,平钓（沟鼠尾巴）拍！【钢盔鲎】！！！0301-0500（阴云、薄雾、微风）=【陨石幸存者】引诱//预设分级：无错误
鱼大叔,平钓（花蝇）拍！绿！！！1701-1830=鱼大叔//预设分级：无错误
比阿纳可大帝,平钓（小虾肉笼）拍！珊！！！2001-2300=比阿纳可大帝//预设分级：无错误
金枪鲨,耐心（单环刺螠）！》！！！1901-2100（碧空、晴朗）=金枪鲨//预设分级：无错误
轰击泡,平钓（鲱鱼丸子）拍~9.5+17.5！！【气泡鱼】~7.3+13！！！0901-1500（碧空）=【轰击泡】引诱//预设分级：无错误
海中老人,耐心（潮虫）！！》！！》18~！！！（碧空）=海中老人//预设分级：无错误
浓盐鲀,平钓（蜜虫）拍6+10~！斑12+22！1701-2000=浓盐鲀//预设分级：无错误
沉溺射手,平钓（毛球拟饵）拍！水~8.5+14.2！！！（碧空、晴朗）=沉溺射手//预设分级：无错误
丽舞蟹,平钓（蜜虫）拍！！【巨鲈、盘丽鱼】！！！（薄雾）=【丽舞蟹】引诱//预设分级：无错误
银镜鱼,耐心（摇蚊）！》！！！精准0901-1600（碧空、晴朗）=【银镜鱼】//预设分级：最优化
皇金鱼,耐心（蜜虫）！》！》！！=3鲶；》鱼识 耐心！》！！！=皇金鱼//预设分级：无错误
小珀琉喀斯,耐心（沙蚕）！》！！》！！（小雨、暴雨）=小珀琉喀斯//预设分级：无错误
鳞脚螺,平钓（极地磷虾）拍大！！！1901-0300=鳞脚螺//预设分级：无错误
拾荒鮟鱇,耐心（沙蚕）！》！！+！！！》！！！1601-0200=拾荒鮟鱇//预设分级：无错误
海神剑,平钓（弓角）拍！！[港刀]！！！0901-1400（碧空、晴朗）=海神剑//预设分级：无错误
孤独杀手,平钓（重铁板钩）拍！！（薰、Remora、レモラ）！！！（强风）=（孤独杀手、Ripper、リッパー）//预设分级：无错误
翻舵手,耐心（潮虫）！海》！！！0901-1500（阴云、薄雾、微风）=翻舵手//预设分级：无错误
皱鳃鲨,耐心（沙蚕）！》！！》！！！》！！！1701-0300（阴云、薄雾、微风）=皱鳃鲨//预设分级：无错误
船长圣杯,大鱼（铁板钩）！》！！！2331-0105=船长圣杯//预设分级：无错误
空棘鱼,耐心（单环刺螠）！+！！！》！！！2201-0300（阴云、薄雾、微风）=空棘鱼//预设分级：无错误
海巫婆,耐心（沙蚕）！》！！》！！！1901-0200（碧空、晴朗）=海巫婆//预设分级：无错误
特拉玛豹鱼,耐心（旋转亮片）~10+19！》！！！1701-1930（阴云、薄雾）=特拉玛豹鱼//预设分级：无错误
圣鳟贞德,平钓（乌鸦拟饵）拍！！暖！！！0401-0600=圣鳟贞德//预设分级：无错误
尼姆蠕虫,平钓（黄油虫）拍！！【翡翠鳗】！！！0901-2200=【尼姆蠕虫】引诱//预设分级：无错误
温泉王,平钓（复合亮片）拍！！骨！！！1601-1845=温泉王//预设分级：无错误
吞雷鱼,平钓（蛀虫）拍！！【雷纹鱼】！！！1931-0245（小雨）=【吞雷鱼】引诱//预设分级：无错误
抽须王,大鱼（单环刺螠）！》！！！0401-0600（碧空、晴朗）=抽须王//预设分级：无错误
招雨王,平钓（蛀虫）拍~7.5+14！！【求雨鱼】！！！1701-0200（小雪、小雨）=【招雨王】引诱//预设分级：无错误
酿血鱼,平钓（蝲蛄丸子）拍！潜！！！=酿血鱼//预设分级：无错误
圣母鲤,平钓（血蚯蚓）拍！！【白妙鲤】！！！1501-2100=【圣母鲤】引诱//预设分级：无错误
倔强鲫鱼,平钓（乌鸦拟饵）拍！沟！！！精准0901-1400（阴云、薄雾）=【倔强鲫鱼】引诱//预设分级：无错误
外科医生,耐心（蛾蛹）！》！！！=外科医生//预设分级：无错误
人面鲤,平钓（黄油虫）拍！！【三色鲤】！！！2101-0300（小雨）=【人面鲤】引诱//预设分级：无错误
雷神光,平钓（花蝇）拍！毛！！！1801-2300=雷神光//预设分级：无错误
绿小丑,平钓（蜜虫）拍！！【樱鳟】！！！1801-2100=【绿小丑】引诱//预设分级：无错误
血浴,耐心（蜜虫）！》！！！（打雷）=血浴//预设分级：无错误
暗兵鳢,耐心（蛾蛹）！》！！！2101-0300=暗兵鳢//预设分级：无错误
莫尔巴,耐心（摇蚊）！》！！！1801-0200=莫尔巴//预设分级：无错误
终结者,平钓（黄油虫）拍！圆！！！2101-2300=终结者//预设分级：无错误
妖祸鱼,耐心（黄油虫）！》！！！（小雨）=妖祸鱼//预设分级：无错误
魔幻蘑菇蟹,耐心（旋转亮片）~10+19！》！！！（阴云、薄雾）=魔幻蘑菇蟹//预设分级：无错误
大蛇鳗,平钓（黄油虫）拍！！黑！！！1801-1900=大蛇鳗//预设分级：无错误
浮游石,平钓（鲈鱼丸子）拍！！黑！！！0001-0800（阴云、薄雾）=浮游石//预设分级：无错误
露齿鲤,平钓（花蝇）拍！！[虹女]！！！=露齿鲤//预设分级：无错误
沉川鲑,平钓（下沉诱饵鱼）拍！！【威罗迪纳鲤鱼、宇格拉姆鲑鱼】！！！2131-0300（碧空、晴朗）=【沉川鲑】引诱//预设分级：无错误
刺鱼教父,耐心（蜜虫）！银》！！！（雷雨、打雷）=刺鱼教父//预设分级：无错误
雷皇子,平钓（石蚕）拍！！【雷神鱼】！！！（雷雨）=【雷皇子】引诱//预设分级：无错误
大泷太郎,平钓（火萤）拍~12+22！！争！！！（雷雨、打雷）=大泷太郎//预设分级：无错误
蓝寡妇,平钓（漂浮诱饵鱼）拍！！【蓝铃鲑】！！！0901-1400=【蓝寡妇】引诱//预设分级：无错误
审判鳐,平钓（雉鸡拟饵）拍！！虹！！！1701-2100=审判鳐//预设分级：无错误
影纹狗鱼,平钓（漂浮诱饵蛙）拍~11.6+21.6！！【南方狗鱼】！！！0431-1000（薄雾）=【影纹狗鱼】引诱//预设分级：无错误
科内利亚,平钓（火萤）~22.5！！=不撒饵=专一争》鱼识 平钓（彩虹勺形鱼饵）~13+24.5！！骨！！！=科内利亚//预设分级：无错误
芳香蝾螈,耐心（摇蚊）拍暗！》！！！2301-0400（薄雾）=芳香蝾螈//预设分级：无错误
铜镜,平钓（黄油虫）拍！铜！！！（碧空、晴朗）=铜镜//预设分级：无错误
泥巨蟹兵,平钓（黄油虫）拍！！【仙女鲈】！！！2101-0300=【泥巨蟹兵】引诱//预设分级：无错误
铆钉牡蛎,平钓（重铁板钩）拍~12.5+23！！虎！！！=铆钉牡蛎//预设分级：无错误
断指龙虾,平钓（极地磷虾）拍！！海！！！1731-1800=断指龙虾//预设分级：无错误
肮脏鲱,平钓（极地磷虾）拍！！海！！！2001-2200=肮脏鲱//预设分级：无错误
海盗猎人,耐心（沙蚕）！》~18.5！！》鱼识 耐心！》！！+！！！》！！！=海盗猎人//预设分级：无错误
恩登德奇,耐心（蜜虫）！》！！+！！！》！！+！！！1801-0500（薄雾）=恩登德奇//预设分级：无错误
吸血鞭,耐心（蜜虫）！》！！！（碧空、晴朗、阴云、薄雾）=吸血鞭//预设分级：无错误
梦幻虾虎,平钓（蝲蛄丸子）拍！骨！！！1701-0300=梦幻虾虎//预设分级：无错误
滑溜帝王,平钓（蝲蛄丸子）拍！虾！！！1901-2400=滑溜帝王//预设分级：无错误
垂暮蝲蛄,平钓（血蚯蚓）拍！【骨蝲蛄、黄铜泥鳅】！！！精准1701-2100=【垂暮蝲蛄】引诱//预设分级：无错误
暗骑士,平钓（乌鸦拟饵）拍！！【暗鲈】！！！（扬沙、阴云、薄雾）=【暗骑士】引诱//预设分级：无错误
净髓蜗牛,平钓（花蝇）拍！！【仙女鲈】！！！2001-0300（小雨、暴雨）=【净髓蜗牛】引诱//预设分级：无错误
朝圣泥鱼,平钓（摇蚊）拍！！【仙女鲈】！！！1701-0700（小雨、暴雨）=【朝圣泥鱼】引诱//预设分级：无错误
太阳神杖,平钓（蜜虫）拍~13+24！！【纳尔札尔鳗鱼】！！！1731-2000（碧空）=【太阳神杖】引诱//预设分级：无错误
千年殇,平钓（蛀虫）拍！！【王家琵琶鱼、盘丽鱼】！！！（薄雾）=【千年殇】引诱//预设分级：无错误
虚空之眼,耐心（黄油虫）！》！！！（薄雾）=虚空之眼//预设分级：无错误
铁饼,平钓（火萤）拍~10.5+20！！【帕戈尔赞盘丽鱼】！！！1201-1800（热浪）=【铁饼】引诱//预设分级：无错误
铁索,平钓（旋转亮片）拍~12+21.5！！【暖水鳟】！！！（薄雾）=【铁索】引诱//预设分级：无错误
魔毯,耐心（沙蛭）~7.5+15！！》！！！0801-2000（热浪）=魔毯//预设分级：无错误
沙海肠虫,耐心（沙蛭）~7.5+15！！》！！！（热浪）=沙海肠虫//预设分级：无错误
汉尼拔,耐心（复合亮片）~10+19！》！！！2201-0400（薄雾）=汉尼拔//预设分级：无错误
乌兹刀背鱼·天极,耐心（蜜虫）~7.7+15.3！》！！！0101-0320（薄雾）=乌兹刀背鱼·天极//预设分级：无错误
枪鼻头,平钓（石蚕）拍！【铜鱼、金鱼、银鱼】！！！精准2101-2400（阴云、薄雾）=【枪鼻头】引诱//预设分级：无错误
圣人标,平钓（雉鸡拟饵）拍！！鳟！！！（暴雪）=圣人标//预设分级：无错误
冥河灯,平钓（火萤）拍9+17~！绿！！！2201-0400=冥河灯//预设分级：无错误
星光鳟鱼,耐心（石蝇幼虫）！》！！！2001-0400（碧空、晴朗）=星光鳟鱼//预设分级：无错误
黎明少女,平钓（雉鸡拟饵）拍！！【樱鳟、绯红鳟】！！！0501-0700=【黎明少女】引诱//预设分级：无错误
一家之母,耐心（残暴水蛭）！》！！！=一家之母//预设分级：无错误
暗星,平钓（陆行鸟拟饵）！双重1901-0400（小雪、暴雪）=5绿；=专一绿》鱼识 耐心（残暴水蛭）！》！！！1901-0400（小雪、暴雪）=暗星//预设分级：无错误
蓝尸,平钓（石蚕）拍~12+21！！【山岳神杜父鱼】！！！精准（碧空、晴朗）=【蓝尸】引诱//预设分级：无错误
奇虾,耐心（浮游虫）~7.5+14！！》！！！1001-1500（碧空、晴朗）=奇虾//预设分级：无错误
马哈尔,耐心（浮游虫）~7.5+14！！》！！！（暴雪）=马哈尔//预设分级：无错误
以太虱,平钓（火萤）拍！！北~13+25！！！0301-1300（妖雾）=以太虱//预设分级：无错误
炼狱火角,平钓（火萤）拍！【火狱蜗牛】！！！精准（碧空、晴朗）=【炼狱火角】引诱//预设分级：无错误
血红龙,耐心（蜜虫）~7.6+15.2！》！！！0431-1130（薄雾）=血红龙//预设分级：无错误
虚无鲈,平钓（火萤）拍！！【北洲鲈】！！！（妖雾）=【虚无鲈】引诱//预设分级：无错误
忍斗鱼,耐心（摇蚊）~9.5+17.5！》！！》！！+！！！1801-0900（妖雾）=忍斗鱼//预设分级：无错误
加诺,耐心（蜜虫）~8+15.5！》！》！！！0801-1800（妖雾）=加诺//预设分级：无错误
3,44//预设分级：非预设
沙里贝涅,平钓（土蜘蛛）拍！【阿巴拉提亚公鱼】！《【冰战神】0001-0300（暴雪）=5【冰战神】；》鱼识 耐心（土蜘蛛）拍！【阿巴拉提亚公鱼】！【冰战神】》！！！精准0001-0300（暴雪）=【沙里贝涅】//低效预设，你需要提前到场//预设分级：无错误
云海蝴蝶螺,平钓（金属亮片）拍！【夕月天女】！=3【蛉蝎】；不撒饵》阶段 平钓（金属亮片）拍！【蛉蝎】！0501-0700（碧空） 》鱼识 平钓（巨型大蚊）拍！【蛉蝎】！！！精准0501-0700（碧空）=【云海蝴蝶螺】引诱《//你需要提前到场//预设分级：无错误
欧巴宾海蝎,耐心（恶魔蠕虫）拍~19.5！占位 ~27.5！！《【白金鱼】（打雷）=3【欧洛浦肯】；引诱、不撒饵》鱼识 耐心（天钢之球）！》！！！精准（打雷）=【欧巴宾海蝎】//预设分级：无错误
莫名熔岩鱼,耐心（金属亮片）！《【花岗蟹】=4【花岗蟹】；不撒饵》阶段 平钓 （熔岩蠕虫）拍【花岗蟹】~23！！1001-1500（碧空、晴朗）=1【花岗蟹】；3【化石骨舌鱼】；引诱》鱼识 耐心（金属亮片）！》！！！1001-1500（碧空、晴朗）=【莫名熔岩鱼】《//预设分级：无错误
铠鱼,耐心（土蜘蛛）拍！！【知识神杜父鱼】！《【蝼蛄】0101-0400（碧空）=5【蝼蛄】；引诱、不撒饵》鱼识 耐心（土蜘蛛）拍！！【知识神杜父鱼】！》！！！精准0101-0400（碧空）=【铠鱼】引诱、不撒饵//预设分级：无错误
兰代勒翼龙,耐心（巨型大蚊）~10.5+18.3！+！！《【高天鱼】》！！《【高天鱼】0501-0800（强风）=5【高天鱼】；》鱼识 耐心（巨型大蚊）~10.5+18.3！+！！》（！！！）~9+14！！》~18+28！！！0501-0800（强风）=【兰代勒翼龙】//预设分级：无错误
鼓钱袋,平钓 （残暴水蛭）拍！（山、Coerthan、クルザス）！！！=（鼓钱袋、Purse、ファットパース）//预设分级：无错误
吞冰水母,耐心 （巨型大蚊）！》！+！！！（冰川核、Core、グレイシャーコア）》！+！！！（暴雪）=（吞冰水母、Hailfinder、ヘイルイーター）//预设分级：无错误
核爆鱼,耐心（土蜘蛛）！（冰战神、Faerie、ハルオネ）》！！！1001-1800（暴雪）=（核爆鱼、Flarefish、フレアフィッシュ）//预设分级：无错误
大祭司鱼,平钓（残暴水蛭）拍！！【祭司鱼】！！！1001-1400（碧空）=【大祭司鱼】引诱//预设分级：无错误
雪人杀手,平钓（残暴水蛭）拍10+20~！（温泉、Spring、スパ）！！！=（雪人杀手、Impaler、イエティ）//需要钓饵//预设分级：无错误
尼摩船长,平钓（残暴水蛭）拍！！！【妖祸克拉肯】！！！（暴雪）=【尼摩船长】//预设分级：无错误
拉·雷亚尔,平钓（残暴水蛭）拍！！【利齿蛤蜊】10+20~！！！=【拉·雷亚尔】引诱//预设分级：最优化
冰之巫女,耐心（石蚕）！》！！！（暴雪）=【冰之巫女】//预设分级：有效的
水墨鱼,平钓（残暴水蛭）拍！！【凸眼金鱼】！！！1401-1600=【水墨鱼】引诱//预设分级：最优化
猴面雀杀手,耐心（叶片钓钩）！》！！！0801-1200=【猴面雀杀手】引诱//预设分级：无错误
卷层云魟,平钓（巨型大蚊）拍！！【棉云魟】！！！1001-1300（晴朗、碧空）=【卷层云魟】引诱//预设分级：有效的
卷风鲨,平钓（巨型大蚊）拍！！【飞翼鲂】！！！（微风）=【卷风鲨】引诱//预设分级：有效的
姥鲨,耐心（红气球虫）！【夕月天女】》！！！（碧空）=【姥鲨】//预设分级：无错误
进化型亚拉戈高位钢盔鲎,耐心（恶魔蠕虫）！》！！！=【进化型亚拉戈高位钢盔鲎】引诱//预设分级：无错误
魔科学物质666,耐心（天钢之球）！》！！！精准=【魔科学物质666】引诱//预设分级：无错误
赛缇,平钓（恶魔蠕虫）拍！【白金鱼】！！！精准1701-2200（打雷）=【赛缇】引诱//预设分级：无错误
无光层巨骨舌鱼,耐心（土蜘蛛）！》！！！2101-0200（阴云）=无光层巨骨舌鱼//预设分级：无错误
百目螈,耐心（土蜘蛛）！》！！！精准0601-1000=【百目螈】//预设分级：有效的
水晶飞鸽,耐心（巨型大蚊）！！强力》！！！（打雷）=水晶飞鸽//预设分级：未分级
亚拉戈剑鲨,耐心（天钢之球）！》！！！（打雷）=（亚拉戈剑鲨、Bladeshark、アラガンブレード）//预设分级：无错误
龙鳞撕裂者,耐心（残暴水蛭）拍！！【暗影须】！！！（扬沙、阴云、薄雾）=【龙鳞撕裂者】引诱//预设分级：无错误
叉舌鱼,平钓（残暴水蛭）拍！！【三唇鲤】！！！1201-1600（碧空）=【叉舌鱼】引诱//预设分级：有效的
噩梦之种,平钓（残暴水蛭）拍！！【多鳍鱼】！！！2201-0200（扬沙、阴云、薄雾）=【噩梦之种】引诱//预设分级：有效的
雷鳞蝾螈,耐心（石蝇幼虫）！》！！！0601-0800（打雷）=【雷鳞蝾螈】//预设分级：无错误
巨陨龟,大鱼（金属亮片）！》！！！=【巨陨龟】引诱//预设分级：无错误
圣龙泪,平钓（熔岩蠕虫）拍！【花岗蟹】！！！0201-0600=【圣龙泪】//预设分级：有效的
里德尔,耐心（熔岩蠕虫）！》！！！0801-1600（碧空）=【里德尔】//预设分级：有效的
熔岩帝王,耐心（熔岩蠕虫）！》！！！0801-1600（晴朗、碧空）=熔岩帝王//预设分级：有效的
水瓶王,耐心（叶片钓钩）~9.5+11.5！！》！！+！！！=【水瓶王】套娃、引诱//预设分级：无错误
蝴蝶夫人,耐心（土蜘蛛）~6.5+11.5！【蝼蛄】》！！！2101-0200（碧空）=【蝴蝶夫人】//预设分级：有效的
能言者,耐心（土蜘蛛）！》！！！（暴雨）=【能言者】//预设分级：有效的
万事通鲈,耐心（哥布林钓钩）~8.8+16.3！！【香鱼】》！！+！！！0201-0600（暴雨）=【万事通鲈】套娃//预设分级：有效的
维德弗尼尔,平钓（残暴水蛭）拍！！【白丽鱼】！！！=【维德弗尼尔】引诱//预设分级：最优化
莫古尔古球球,平钓（残暴水蛭）拍！【莫古球球】！！！1000-1300=【莫古尔古球球】//预设分级：有效的
千鳍,平钓（残暴水蛭）拍！！【百鳍】！！！（强风）=【千鳍】引诱//预设分级：无错误
拉塔托斯克之魂,平钓（巨型大蚊）拍！【龙魂】！！！精准0401-0600（碧空、晴朗）=【拉塔托斯克之魂】引诱//预设分级：有效的
双型齿翼龙,耐心（巨型大蚊）！！》19~！！！（强风）=【双型齿翼龙】//预设分级：无错误
风暴血骑士,平钓（巨型大蚊）拍！！！【风暴骑士】~8+13！！！（强风）=【风暴血骑士】//预设分级：有效的
4,47//预设分级：非预设
异刺鲨,大鱼（嗡嗡石蝇）拍！！【头铁鳟】！！！》！！！1601-2000=【异刺鲨】引诱//预设分级：无错误
镰甲鱼,平钓（悬浮诱饵鱼）拍！【夫蟹、妇虾】！！！（扬沙）=引诱、不撒饵 》鱼识 平钓（悬浮诱饵鱼）拍【怨妇虾】！！！（扬沙）=【镰甲鱼】引诱、不撒饵//预设分级：无错误
胸脊鲨,耐心（蚕蛹）~22！！》！！！双重 1201-1800（雷雨）=不撒饵、重随、收藏品》鱼识 耐心（蚕蛹）~22！！强力》！！！1601-1800=【胸脊鲨】不撒饵、重随//低效预设//预设分级：需改进
红龙,平钓（蓝矶沙蚕）拍！！【黑斑花蛇鳗】！！！0001-0800（阴云）=1【苦尔鳗】；收藏、引诱》阶段 大鱼 拍！！【黑斑花蛇鳗】！！！》！！！0401-0800（阴云）=【红龙】引诱、套娃《//预设分级：无错误
七彩天主,你可以用多条内置预设并辅以人工监控以半自动地来钓到七彩天主，完整流程大约需要一个多小时。鱼皇是游戏中最难钓到的鱼类，建议您在有充足时间、钓饵与强心剂的情况下开始。\r\n以下是流程方法：先使用预设【七彩天主计数】来帮助计数，然后面对钓场七彩沟使用【七彩天主起手】来开始，人工监控是否钓满蓝彩鱼或橙彩鱼其中一种，例如：钓了 3 条橙彩鱼，就接着使用预设【鱼眼蓝彩鱼】，否则，使用【鱼眼橙彩鱼】。当警惕时，你应该到远离原位置几米远的地方再启动相同的预设。\r\n当钓满 3 条蓝彩鱼与 3 条橙彩鱼时，请打开鱼糕网站的鱼眼模式查看绿彩鱼的窗口期，在其窗口期内使用【七彩天主最终】来收尾，祝你好运！<se.9>//预设分级：非预设
众神之爱,平钓（嗡嗡石蝇）拍~11.5+22！！【月神恩惠】~6.6+11.3！！！0531-0630（碧空）=【众神之爱】重随//预设分级：最优化
吞钩苦鱼,耐心（赤虫）！！》！！！精准=【吞钩苦鱼】引诱//预设分级：无错误
拉尔戈鲶鱼,耐心（赤虫）！！》！！！（打雷）=【拉尔戈鲶鱼】//预设分级：有效的
红尾僵尸鱼,耐心（鲑鱼籽）！》！！！0801-1200（阴云）=【红尾僵尸鱼】//预设分级：有效的
硬头鳟,平钓（嗡嗡石蝇）拍！！【头铁鳟】！！！1601-2000=【硬头鳟】引诱//预设分级：无错误
蓝宝石扇鳉,平钓（嗡嗡石蝇）拍！【洞穴鳉、落叶鱼】！！！精准（打雷）=【蓝宝石扇鳉】引诱//预设分级：无错误
教皇鱼,平钓（悬浮诱饵鱼）拍！+！！【溶骨蜗牛、涅槃蟹】！！！1201-1600=1【涅槃蟹】；【教皇鱼】引诱》阶段 平钓（悬浮诱饵鱼）拍！！【涅槃蟹】！！！1201-1600=【教皇鱼】引诱《//预设分级：无错误
下游鱼,平钓（嗡嗡石蝇）拍！！【谷爬鱼】！！！=【下游鱼】引诱//预设分级：有效的
骸鲢鱼,平钓（悬浮诱饵鱼）拍！！【高地刺鱼、拉尔戈落雷】！！！2001-2400（碧空）=【骸鲢鱼】引诱//预设分级：无错误
怨妇虾,平钓（悬浮诱饵鱼）拍！【夫蟹、妇虾】！！！=【怨妇虾】引诱//预设分级：有效的
不定鱼,耐心（赤虫）！！》！！！0801-1200=【不定鱼】引诱//预设分级：无错误
最后一滴泪,平钓（鲑鱼籽）拍！！【精金多鳍鱼】！！！=【最后一滴泪】引诱//预设分级：有效的
解脱鱼,平钓（悬浮诱饵鱼）拍！！【石楠嘉鱼】！！！（碧空）=【解脱鱼】//预设分级：有效的
黑蒙鱼,平钓（悬浮诱饵鱼）拍！！【猛牛口食、窥视鱼】！！！1601-2000（阴云）=【黑蒙鱼】引诱//预设分级：无错误
阿拉米格面纱鱼,平钓（悬浮诱饵鱼）拍！【阿拉米格缎带鱼】！！！精准=【阿拉米格面纱鱼】引诱//预设分级：有效的
钻石眼,耐心（蚕蛹）！！强力》！！！（碧空）=钻石眼//预设分级：有效的
苦尔鳗,平钓（蓝矶沙蚕）拍！！【黑斑花蛇鳗】！！！0001-0800（阴云）=【苦尔鳗】引诱、收藏//预设分级：有效的
菜食王,耐心（活虾）！》！！！2001-2400（打雷）=菜食王//预设分级：有效的
七星,平钓（蓝矶沙蚕）拍！！【琉璃金枪鱼】！！！1001-1800（晴朗）=【七星】引诱//预设分级：无错误
春不知,平钓（蓝矶沙蚕）拍！！【迎春鱼】！！！1601-2000=【春不知】引诱//预设分级：有效的
大海蛇,耐心（活虾）！》！！！（微风）=大海蛇//预设分级：有效的
万刺鲀,平钓（活虾）拍！【白银贝】！！！精准=【万刺鲀】引诱 //预设分级：有效的
速疾鬼鳄,耐心（活虾）！》！！！（打雷）=速疾鬼鳄//预设分级：有效的
石榴海,平钓（肥蚯蚓）拍！！【多玛鳟】！！！（小雨）=【石榴海】引诱//预设分级：有效的
鬼视,平钓（悬浮诱饵鱼）拍！！【河红眼鲈】！！！（碧空）=【鬼视】引诱//预设分级：有效的
仙寿翁,平钓（嗡嗡石蝇）拍！！【野鲤】！！！2001-2400（碧空）=【仙寿翁】//预设分级：有效的
车轴鱼,平钓（嗡嗡石蝇）拍！！！【延夏红眼鲈】！！！0001-0800（晴朗）=【车轴鱼】//预设分级：有效的
羽衣美人,平钓（嗡嗡石蝇）拍！！【东洲巨骨舌鱼】！！！=【羽衣美人】//预设分级：有效的
天女鲤,平钓（嗡嗡石蝇）拍！！【东洲巨骨舌鱼】！！！（薄雾）=【天女鲤】//预设分级：有效的
一束彩虹,平钓（悬浮诱饵鱼）拍！！【多玛鳟】！！！1201-1600（薄雾）=【一束彩虹】引诱//预设分级：有效的
水天一碧,平钓（嗡嗡石蝇）拍！！王室鲑！！！1601-2400（暴雨）=水天一碧//预设分级：有效的
卜传,平钓（嗡嗡石蝇）拍！武！！！1201-1400=卜传//预设分级：无错误
菜叶跳鱼,平钓（赤虫）拍！【嘎牙子、草跳鱼】！！！精准0801-1200（碧空）=【菜叶跳鱼】引诱//预设分级：无错误
晨曦旗鱼,耐心（肥蚯蚓）！》！！！0001-0800=【晨曦旗鱼】//预设分级：有效的
刀片跳鱼,平钓（悬浮诱饵鱼）拍！【枯草跳鱼】！！！0401-0800=【刀片跳鱼】引诱//预设分级：有效的
暮辉鱼,耐心（肥蚯蚓）！》！！！0801-1600（阴云）=暮辉鱼//预设分级：有效的
神谕苦鱼,平钓（嗡嗡石蝇）拍！【暮晖蝲蛄、塔奥苦鱼】！！！精准 2001-2400=【神谕苦鱼】引诱//预设分级：无错误
亚特克汗,平钓（嗡嗡石蝇）拍！【亚特虾虎】！！！精准（微风）=【亚特可汗】引诱//预设分级：有效的
月神的爱宠,平钓（悬浮诱饵鱼）拍！！【月神恩惠】！！！0401-0800（晴朗、碧空）=【月神的爱宠】引诱//预设分级：无错误
花海龙,耐心（金属亮片）拍【鳀鱼】！》！！！=【花海龙】//预设分级：最优化
赌命河豚,平钓（蓝矶沙蚕）拍！！、！！！=【赌命河豚】引诱//预设分级：无错误
公主青鳉,平钓（肥蚯蚓）拍！【黄铜鱼】！！！精准0401-0600=【公主青鳉】引诱//预设分级：无错误
5,45//预设分级：未分级
利斯塔克鲨,平钓（虫箱）拍！【硬糖藻、净碟鱼】~14.6+27！！！1601-2400（阴云、薄雾）=1【不朽巨鱼】；收藏》阶段 耐心 拍！【硬糖藻、净碟鱼】~14.6+27！！！》 ！！！1601-2400（薄雾）=【利斯塔克鲨】《//预设分级：无错误
自走鱼偶,平钓（乌贼丝）拍！【南珂露西亚鳕鱼、珂露西亚鲽鱼】19.5~！=5【变形鱼】；=专一【变形鱼】》阶段平钓（乌贼丝）拍~20！【南珂露西亚鳕鱼、珂露西亚鲽鱼】！！！精准1001-1400（强风）》鱼识 平钓（短嘴诱饵鱼）拍！！【血色气球】！！！1001-1600=【自走鱼偶】引诱《//预设分级：有效的
惊喜蛋,平钓 （沙漠蛙）~5.5+10！2358-0200（热浪）=10【沙卵】；不撒饵=专一【沙卵】》鱼识 平钓拍！【沙卵、比朗螃蟹、沙遁鱼】~10+18！！！精准2358-0200（热浪）=【惊喜蛋】重随//预设分级：无错误
镜中蝶,平钓（虫箱）拍~11+20！【青蓝鳅】~7.6+13！！！精准2331-0000（碧空）=【镜中蝶】重随//预设分级：无错误
隆卡的大水蛇？,耐心 （盗蟹丸）~6.1+11.1！》！！+！！！》！！+！！！1001-1200=【33243】//预设分级：最优化
长吻帆蜥鱼,平钓（短嘴诱饵鱼）拍8.5+14.6~！！【卡利班骨头鱼】！！！2201-0000（晴朗）=引诱 》鱼识 平钓（乌贼丝）拍7.3+17~！！【卡利班骨头鱼】！！！0001-0200（阴云0=【长吻帆蜥鱼】引诱//预设分级：未分级
三艺之星,平钓（大理石幼虫）拍！！[刀拉]！！！2200-2359=三艺之星//预设分级：未分级
散罪鱼,平钓（水果蠕虫）拍！【吐罪鱼】！！！精准2201-2400（碧空、晴朗）=【散罪鱼】引诱//预设分级：有效的
悬挂脂鲤,平钓（虫箱）拍！！水！！！1801-2200=悬挂脂鲤//预设分级：未分级
贵妇蝴蝶鱼,平钓（乌贼丝）拍！【赤色海蜘蛛】！！！1201-1900（碧空）=【贵妇蝴蝶鱼】//预设分级：有效的
食人鳄,平钓（虫箱）拍！！【白化鳄】！！！（碧空、晴朗）=【食人鳄】引诱//预设分级：有效的
月光虹鳉,平钓（虫箱）拍！【水球鱼、紫角蜗牛、硬糖藻】！！！0600-0800=【月光虹鳉】//预设分级：有效的
重罪石软蟹,平钓（虫箱）拍！【硬糖藻、净碟鱼】！！！（薄雾）=【重罪石软蟹】引诱//预设分级：有效的
蟒斑盘丽鱼,平钓（水果蠕虫）拍！[糖兔]！！！=蟒斑盘丽鱼//预设分级：未分级
不朽巨鱼,平钓（虫箱）拍！净碟鱼！！！（阴云、薄雾）=不朽巨鱼//预设分级：未分级
哲罗鲑,平钓（虫箱）拍！食！！！=哲罗鲑//预设分级：未分级
元首的军扇,平钓（大理石幼虫）拍！【沃茨鳟】！！！（薄雾）=【元首的军扇】//预设分级：有效的
白色隆索,平钓（虫箱）拍！斑纹鲶！！！0001-0200=白色隆索//预设分级：未分级
铜褐鳎,平钓（大理石幼虫）拍！【食骨虾】！！！（小雨）=【铜褐鳎】引诱//预设分级：有效的
钢刀鱼,平钓（藻虾）拍！鲽~10！！！0601-0800=钢刀鱼//预设分级：未分级
变影鱼,平钓（乌贼丝）拍！珂！！！1001-1400（强风）=变影鱼//预设分级：未分级
战盾剑齿龙鳖,大鱼（短嘴诱饵鱼）拍【枯叶海龙、南珂露西亚鳕鱼】8+16~15+29！》！！！2200-2400=【战盾剑齿龙鳖】//预设分级：有效的
冠骨鱼,耐心（力山羊肉干）！！强力》！！+！！！强力0001-0600=冠骨鱼//预设分级：未分级
拿巴示锯,耐心（力山羊肉干）！！+！！！强力》！！+！！！强力0601-1000（热浪）=拿巴示锯//预设分级：未分级
刺钉蜥蜴,耐心（沙漠蛙）拍！【沙遁鱼】5.8+10~11.1+20.6！》！！！1201-1600（碧空）=【刺钉蜥蜴】//预设分级：最优化
阔面鱼,平钓（大理石幼虫）拍！【灰跳鱼】！！！0600-0759（小雨）=【阔面鱼】//预设分级：有效的
狂怒斗鱼,平钓（虫箱）拍~11+20！【青蓝鳅】！！！2001-2400（碧空、晴朗）=【狂怒斗鱼】//预设分级：有效的
深泳的古书,平钓（大理石幼虫）拍！【斑点攀鲈】！！！1200-1600=【深泳的古书】//预设分级：未分级
仙子彩虹鳉,平钓（大理石幼虫）拍！青！！！（薄雾）=仙子彩虹鳉//预设分级：有效的
达穆伦樱桃鲱鱼,平钓（虫箱）拍！青！！！=达穆伦樱桃鲱鱼//预设分级：未分级
黄金雕金匠,平钓（虫箱）拍！【灰跳鱼】！！！精准（碧空）=【黄金雕金匠】//预设分级：无错误
顶天眼,平钓（虫箱）拍！灰！！！0701-1700（碧空）=顶天眼//预设分级：无错误
洛克瓦卫兵,耐心 （盗蟹丸）~6.1+11.1！》！！》！！！1001-1200=【洛克瓦卫兵】//预设分级：未分级
珍珠皮皮拉鱼,耐心（盗蟹丸）~8+14！！（钻石、Diamond、ダイヤモン）》（！！！）~14！！1701-2000（薄雾）=（珍珠皮皮拉鱼、Pearl、パーリー、套娃）//预设分级：未分级
黑色喷气乱流,平钓（盗蟹丸）拍！黄！！！精准0201-1200（碧空、晴朗）=黑色喷气乱流//预设分级：未分级
书记官杀手,平钓（虫箱）拍！黄~7.5+12！！！1800-2400=书记官杀手//预设分级：未分级
底暗鱼,平钓（虫箱）拍！永！！！0201-0600（薄雾）=底暗鱼//预设分级：未分级
金色皮皮拉鱼,平钓（盗蟹丸）拍！蟹！！！0600-0700=金色皮皮拉鱼//预设分级：未分级
鳍人叹息,平钓（乌贼丝）拍！【巨型鮟鱇】！！！精准1201-1400（碧空、晴朗）=【鳍人叹息】引诱//预设分级：有效的
鳍人之敌,平钓 （乌贼丝）拍！！【卡利班骨头鱼】！！！0800-1000=【鳍人之敌】引诱//预设分级：有效的
奸隐鱼,平钓（短嘴诱饵鱼）拍！！【卡利班骨头鱼】！！！2201-2400（晴朗）=【奸隐鱼】引诱//预设分级：未分级
绒毛海神虾,耐心（乌贼丝）拍！！黑！》！！！精准1601-2000=绒毛海神虾//预设分级：未分级
头领薄饼章鱼,平钓（乌贼丝）拍！【薄饼章鱼】！！！精准0001-0300=【头领薄饼章鱼】引诱//预设分级：未分级
猎星鱼,平钓（乌贼丝）拍！【青色海蜘蛛】！！！精准0600-1000（阴云）=【猎星鱼】引诱 //预设分级：有效的
蛋白石虾,平钓（乌贼丝）拍！【青色海蜘蛛】！！！精准1800-2000=【蛋白石虾】引诱//预设分级：无错误
6,40//预设分级：未分级
餐叉尾,平钓（天空勺形鱼饵）拍~6+11！【岛屿跳鱼】！！！精准 1531-1630（灵风）=【餐叉尾】引诱//预设分级：无错误
优雅兔耳,平钓（奇美拉蠕虫）拍！！+！【魇鱼、紫鱼】~7+13.3！！！0801-1000（晴朗）=【优雅兔耳】引诱//预设分级：有效的
嘎儿鱼,你可以用多条内置预设并辅以人工监控以半自动地来钓到嘎儿鱼。\r\n鱼皇是游戏中最难钓到的鱼类，建议您在有充足时间、钓饵与强心剂的情况下开始。\r\n首先，请注意不要去错钓场，钓场名应为「熏香海岸」，你可以通过抛竿来确认，但在确认后请移动到同钓场的另一钓点以防警惕。\r\n建议提前半个小时以上到场，在天气为晴朗时启动预设【嘎儿鱼起手】。\r\n当空天姬提醒完成时，你需要更换钓点，在嘎儿鱼窗口期到来前半小时左右启动【嘎儿鱼最终】（检查背包：如果钓到了「首领矛齿鲸」则使用【嘎儿鱼补钓最终】），你还需要在空天姬钓上「矛齿鲸」收藏品时，点击「否」。\r\n祝你好运！<se.9>//预设分级：非预设
异形雪棘,平钓 （蜉蝣）拍8+11~10.4+19.7！！【冰原狗鱼】10.4+19.7~！！1558-0000=3【青磷核】；=专一【青磷核】》鱼识 平钓拍【青磷核】！！！1601-0000=【异形雪棘】引诱//预设分级：无错误
潜龙,耐心（蜉蝣）拍【鲴鱼】！！》~20！！0900-1200=3【以太螯虾】；套娃》鱼识 耐心拍【鲴鱼】！！》（！！！）~20！！0900-1200=【潜龙】套娃//预设分级：有效的
星鲸,你可以用多条内置预设并辅以人工监控以半自动地来钓到星鲸。\r\n鱼皇是游戏中最难钓到的鱼类，建议您在有充足时间、钓饵与强心剂的情况下开始。\r\n有两种方案流程，长流程预设建议提前两三个法拉伊那的窗口期开始，以增加钓到法拉伊那的机会，而短流程预设则适合在星鲸的窗口期到来前半个多小时开始。\r\n以下是星鲸长流程预设说明：先在法拉伊那窗口期到来前，面对钓场湖丙β使用预设【法拉伊那】，在钓到法拉伊那后，使用预设【星鲸长流程未受生魂】来钓2条未受生魂（空天姬会自动计数并提醒）。\r\n最后，更换垂钓位置到远离原位置几米远的地方，在星鲸窗口期到来前的第25分钟启动【星鲸长流程最终】。\r\n如果你甚至没有钓到法拉伊那，可以使用【星鲸短流程方案】阅读。<se.9>//预设分级：非预设
电吉他鱼,平钓（青花鱼块）拍！！钴铁！！！2000-2400=电吉他鱼//预设分级：未分级
巨剑锯盖鱼,平钓（蜉蝣）拍！！剑！！！=巨//预设分级：未分级
万虑鱼,平钓（蜉蝣）拍！大！！！0800-1400=万//预设分级：未分级
巨身锯盖鱼,平钓（蜉蝣）拍！！【宽身锯盖鱼、小方砖丽鱼】！！！1801-2200=【巨身锯盖鱼】引诱//预设分级：无错误
苔绿鳃鲑,平钓（天空勺形鱼饵） 拍！！【鲴鱼】！！！（小雨）=【苔绿鳃鲑】引诱//预设分级：无错误
潜底弓鳍鱼,平钓（天空勺形鱼饵）拍！！【长嘴鱲】！！！0801-1600（阴云）=【潜底弓鳍鱼】引诱//预设分级：无错误
黑玛瑙刀背鱼,平钓（蜉蝣）拍！！（玄铁刀背鱼）！！！2200-0200=【黑玛瑙刀背鱼】引诱//预设分级：无错误
环间罗非鱼,耐心（蜉蝣）拍！！鲴鱼！！》！！+！！！0800-1200=环间罗非鱼//预设分级：未分级
捂耳太阳鱼,平钓（蜉蝣）拍~10.9+20！！长耳~12.8+23.8！！！0400-0800=捂耳太阳鱼//预设分级：未分级
郁金香蟹,平钓（虾肉丸子）拍！虾虎！！！=郁金香//预设分级：未分级
杜蒂娜鱼,耐心（虾肉丸子）拍【婚宴娟纱】~10.5+19.5！！【暗影沙丁鱼】》（！！！）~19.5！！0001-0400（碧空）=【杜蒂娜鱼】套娃、引诱、不撒饵//预设分级：无错误
雷云隆头鱼,平钓（虾肉丸子）拍！虾虎！！！2000-2400=云//预设分级：未分级
河马蛙,平钓（蜉蝣）拍！！【魔象蛙、蓝鳃太阳鱼】~14.3+27！！！（暴雨）=【河马蛙】引诱//预设分级：无错误
塔门监兵,平钓（医蛭） 拍！！【饮乳鱼】！！！=【塔门监兵】引诱//预设分级：无错误
巨吻脂鲤,平钓（天空勺形鱼饵） 拍！绿剑尾鱼！！！0801-1600=巨吻脂鲤//预设分级：未分级
棕香蕉鳗鱼,平钓（蜉蝣）拍！半~8+11！！！2200-0200=棕//预设分级：未分级
摩耶鳄,耐心（蜉蝣）~23！+！！》15~！！0401-0800（晴朗）=5【萨维奈鳄】；引诱、不撒饵》鱼识 平钓 拍~13.5+26！！【拉札巴里克鱼】！！！0401-0800（晴朗）=【摩耶鳄】引诱//预设分级：无错误
首领矛齿鲸,耐心（青花鱼块）6.1+10.3~！》！！！》！！！（晴朗）=【首领矛齿鲸】引诱、套娃、不撒饵//预设分级：无错误
雾凇狗鱼,大鱼 （蜉蝣）拍8+11~10.4+19.7！！【冰原狗鱼】10.4+19.7~！！》！！！（小雪）=【雾凇狗鱼】引诱//预设分级：无错误
暗影帝冠,平钓（蜉蝣）拍8+15~！！【蓝尾鲶】！！！0201-0800=【暗影帝冠】引诱//预设分级：无错误
仿制巨骨舌鱼,平钓（蜉蝣）拍！！【复制巨骨舌鱼】！！！0001-0200=【仿制巨骨舌鱼】引诱//预设分级：无错误
荧光死亡蠕虫,耐心 （奇美拉蠕虫）！》！！！0201-0800（月尘）=【荧光死亡蠕虫】引诱、不撒饵//预设分级：无错误
冰月壤龟,平钓（奇美拉蠕虫）拍~5.5+10！！【魇鱼】！！！1001-1300（灵风）=【冰月壤龟】引诱//预设分级：无错误
噬炎者,平钓（奇美拉蠕虫）拍！！【吞星鱼】！！！1201-2000=【噬炎者】引诱//预设分级：无错误
佛恩·阿穆,平钓（奇美拉蠕虫）拍！！【吞星鱼】！！！1001-1400（灵风）=【佛恩·阿穆】引诱//预设分级：无错误
宇宙雾霾,大鱼（灰蚯蚓）拍【吞星鱼】~15+28.5！！》！！！2001-0400（磁暴）=【宇宙雾霾】引诱、不撒饵//预设分级：无错误
破军尾,平钓（蜉蝣）拍！！【镜鱼】！！！0201-0400=【破军尾】引诱//预设分级：无错误
运行星,平钓（蜉蝣）拍！！【镜鱼】！！！1801-2200=【运行星】引诱//预设分级：无错误
骇惊威,平钓（星尘）拍！！【二十四足文明人】~15+27！！！0801-1200=【骇惊威】引诱//预设分级：无错误
阿耳戈雄英,平钓（星尘）拍！！【三叉神海兽】！！！0201-0400=【阿耳戈雄英】引诱//预设分级：无错误
额外维度实体-852738,平钓（星尘）拍【不明飞行物II】！！！1201-1600（灵风）=【41406】//预设分级：无错误
水中辉星,耐心（蜉蝣）5.1+7.2~！》！！！（灵风）=水中辉星//预设分级：未分级
金光皮颏鱵,平钓（天空勺形鱼饵）拍！！登！！！2000-2200=（金光皮颏鱵、Gilt、ゴールデン・デルモゲニー）//预设分级：未分级
大丽花冠鮨,平钓（蜉蝣） 拍！【岛屿跳鱼】！！！精准0401-1000（碧空）=【大丽花冠鮨】引诱//预设分级：无错误
7,8//预设分级：非预设
休喙泉,平钓（红蛆）拍15~！【暗银脂鲤】！！！精准（薄雾）=（伊库乌洛蛙、Icuvlo、イクブロフロッグ、引诱）//Icuvlo's Barter前置天气碧空或晴朗时转到的薄雾//预设分级：未分级
沉星浮泪的池,平钓（白蠕虫）拍-17！【海羊驼】！！！精准1201-1400=捕月虾、Moongripper、ムーンキャッチャー、鱼影//Moongripper天气未定//预设分级：未分级
哈努水边,平钓（红蛆）！！！1601-1900（阴云）=锅盖蟹、Cazuela、ナベブタガニ//Cazuela Crab//预设分级：未分级
冥境天坑,耐心（幽灵钳）！》！！》！！！2001-0000=星尘睡鱼、Stardust、スターダスト・スリーパー//Stardust Sleeper天气未知//预设分级：未分级
钓神基富天坑,平钓（红蛆）！！！1601-0700（碧空）=余痕丽鱼、Asoh、イヨンアソ・シクリッド//Ilyon Asoh Cichlid前置天气碧空阴云晴朗//预设分级：未分级
居住区域,平钓（红蛆）！！！0001-0400（晴朗）=像素鳅、Pixel、ピクセルローチ//Pixel Loach//预设分级：未分级
尼葵瑞皮河,平钓（红蛆）！！！0401-0800（晴朗、碧空）=灰达尤南丽鱼、Hwittayoanaan、ウィダヨーナン・シクリッド//Hwittayoanaan Cichlid 必须是连续的晴朗或碧空//预设分级：未分级
终流地,平钓（红蛆）！！！0901-1100（阴云、薄雾、灵电）=闪电鳟、Thunderswift、サンダードリフトトラウト、鱼影//Thunderswift Trout前置天气未知//预设分级：未分级
冲分幻海,27
ps0111,耐心（石沙蚕）全部=专一【灵敏舞者】
ps0112,平钓（石沙蚕）6.5-！三重
ps0114,平钓（磷虾）7-！三重=专一【浮游碟鱼】=三重
ps0215,平钓（刺螠）7.5-！！三重=专一【浮游翻车鱼】=三重
ps0213,平钓（磷虾）5-！！三重
ps0216,平钓（石沙蚕）5.5-！三重=专一（歼灭、exterminator、エクスターミネーター）=三重
ps0315,平钓（刺螠）7.5-！！三重=专一【浮游翻车鱼】=三重
ps0314,平钓（磷虾）7-！三重
ps0317,平钓（磷虾）5-！！三重=专一（珍珠、pearl、パールボム）=三重
ps0412,平钓（石沙蚕）6.5-！三重
ps0411,平钓（磷虾）-2.9！！三重=专一（人鱼、merman、マーマンヘアー）=三重
ps0413,平钓（刺螠）！！！三重=引诱
ps0511,平钓（刺螠）！！！三重=引诱=专一【漏斗鲨】=三重
ps0512,耐心（石沙蚕）拍（太阳神、Azeyma、アーゼマ）all》all
ps0514,平钓（刺螠）！！！三重=引诱=专一（处刑、executioner、エクスキューショナー）=三重
ps0615,平钓（刺螠）~3.1！！！三重=引诱
ps0613,平钓（刺螠）！！！三重=引诱
ps0616,平钓（刺螠）7.5-！！！三重=专一（石英、quartz、クォーツ）=三重
ps0715,平钓（刺螠）~3.1！！！三重=引诱
ps0714,平钓（刺螠）！！！三重=引诱=专一（处刑、executioner、エクスキューショナー）=三重
ps0717,平钓（磷虾）5.5~！！=专一（刀、knife、ナイフ）=三重
ps0812,耐心（石沙蚕）拍（太阳神、Azeyma、アーゼマ）all》all
ps0811,耐心（石沙蚕）全部=专一【灵敏舞者】
ps0813,平钓（石沙蚕）6.5-！三重=专一（珊瑚、coral、コーラル）=三重
ps0911,平钓（磷虾）-2.9！！三重=专一（人鱼、merman、マーマンヘアー）=三重
ps0912,耐心（石沙蚕）拍（太阳神、Azeyma、アーゼマ）all》all=专一（秘银、mythril、ミスリル）
ps0914,平钓（石沙蚕）3.6~！三重
ps1015,平钓（刺螠）-7.6！！！三重=引诱
ps1013,平钓（石沙蚕）6.5-！三重
ps1016,平钓（刺螠）7.5-！！！三重=专一（石英、quartz、クォーツ）=三重
ps1115,平钓（刺螠）-7.6！！！三重=引诱
ps1114,平钓（石沙蚕）3.6~！三重
ps1117,平钓（磷虾）5-！！三重=专一（珍珠、pearl、パールボム）=三重
ps1212,耐心（石沙蚕）拍（太阳神、Azeyma、アーゼマ）all》all=专一（秘银、mythril、ミスリル）
ps1211,平钓（刺螠）！！！三重=引诱=专一【漏斗鲨】=三重
ps1213,平钓（磷虾）5-！！三重=专一（披风、mopbeard、モッピィビアード）=三重
ps0121,平钓（磷虾）！！三重=引诱=专一（纺车、Nymeia、紡車）=三重
ps0122,耐心（刺螠）！！+！！！《（小判鯙、koban、コバンウツボ）》鱼识 耐心（磷虾）（！！！）~4！！》！！+！！！=套娃\\琉璃龙
ps0123,平钓（刺螠）5-！！三重
ps0221,耐心（磷虾）全部=专一【鲜艳粉红虾、伪装章鱼】
ps0222,平钓（磷虾）6-！！三重=专一（毒、stingfin、ドクヒラアジ）=三重
ps0224,平钓（石沙蚕）3.1~！三重
ps0321,耐心（磷虾）全部=专一【鲜艳粉红虾、伪装章鱼】
ps0322,平钓（磷虾）6-！！三重=专一（毒、stingfin、ドクヒラアジ）=三重
ps0323,平钓（刺螠）5-！！三重
ps0421,平钓（磷虾）~5！！三重
ps0422,平钓（刺螠）4~6！！三重
ps0424,平钓（石沙蚕）3.1~！三重
ps0521,平钓（磷虾）~5！！三重
ps0522,平钓（刺螠）4~6！！三重
ps0523,平钓（刺螠）5-！！三重
ps0621,平钓（磷虾）！！三重=引诱=专一（纺车、Nymeia、紡車）=三重
ps0622,耐心（刺螠）！！+！！！《（小判鯙、koban、コバンウツボ）》鱼识 耐心（磷虾）（！！！）~4！！》！！+！！！=套娃\\琉璃龙
ps0624,平钓（石沙蚕）3.1~！三重
成就普海,5
an011201,平钓（石沙蚕）拍！！！精准拍~4.5！三重=不撒饵收藏
an021501,平钓（磷虾）~11.5！！=不撒饵
an021301,平钓（磷虾）~17.6！！=引诱不撒饵=专一（蜘蛛、net、スパイダーク）=三重
an021601,平钓（石沙蚕）拍4.5-7.6！拍14-！三重=不撒饵=专一（染血、bloodpolish、ブラッディポリッ）=三重
an031501,平钓（石沙蚕）拍~9！三重拍11~！！！精准=不撒饵
an031502,平钓（刺螠）拍12~！！拍12.5~！！！精准=不撒饵
an031401,平钓（石沙蚕）拍11~15.5！三重拍！！！=不撒饵
an031701,平钓（石沙蚕）拍~6！拍12~！三重=不撒饵=专一（蜂巢、honeycomb、ハニカムフィッシュ）=三重
an051101,平钓（刺螠）！！！=引诱不撒饵
an051111,平钓（刺螠）拍9+18-！！（碧、jasperhead、ジャスパーヘ、青色、cyan、シアンオクトパス）！！！=引诱不撒饵
an051401,平钓（刺螠）拍-21！！！三重拍21.5-！！！=引诱不撒饵=专一（烙铁、chrome、クロム）=三重
an081201,平钓（石沙蚕）9-16！三重=不撒饵
an081211,平钓（磷虾）10+21.5-！！！精准=引诱不撒饵
an101501,平钓（刺螠）拍12.5~！！！精准拍12.1~！！三重=不撒饵
an111501,平钓（石沙蚕）拍~10.5！三重拍11~！！！精准=不撒饵
an111401,平钓（石沙蚕）（！！！）11~15.5！三重=不撒饵
an111701,平钓（石沙蚕）拍~6！拍12~！三重=不撒饵=专一（蜂巢、honeycomb、ハニカムフィッシュ）=三重
an121101,平钓（磷虾）拍17~19.5！！拍19.5~！！三重=引诱不撒饵
an012101,平钓（磷虾）拍14~！！！拍9~18！！三重=收藏不撒饵
an012201,平钓（刺螠）拍17~！！！精准拍13~！！三重=不撒饵
an012301,平钓（磷虾）拍15.5~！！！拍10~17.5！！三重=收藏不撒饵
an022101,平钓（石沙蚕）4.5~7！三重=收藏不撒饵
an022201,平钓（石沙蚕）拍17~！！！精准拍15~！三重=引诱收藏不撒饵
an022102,平钓（磷虾）拍13.5~！！！拍8.5~14.5！三重=收藏不撒饵
an022202,平钓（石沙蚕）5.5~9！三重=收藏不撒饵
an022402,平钓（石沙蚕）拍17~！！！拍14.5~23.5！三重=引诱收藏不撒饵
an032101,平钓（磷虾）拍13.5~！！！拍8.5~14.5！三重=收藏不撒饵
an032201,平钓（石沙蚕）5.5~9！三重=收藏不撒饵
an032301,平钓（石沙蚕）拍15.5~！！！拍10-17.5！三重=收藏不撒饵
an042101,平钓（石沙蚕）4.5~7！三重=收藏不撒饵
an042201,平钓（石沙蚕）拍17~！！！精准拍15~！三重=引诱收藏不撒饵
an052101,平钓（磷虾）拍14~！！！拍9~18！！三重=收藏不撒饵
an052201,平钓（刺螠）拍17~！！！精准拍13~！！三重=不撒饵
an052301,平钓（磷虾）拍15.5~！！！拍10~17.5！！三重=收藏不撒饵
成就幻海,13
as011201,平钓（石沙蚕）6.5-！三重=收藏
as011401,平钓（磷虾）7-！三重=收藏
as021501,平钓（磷虾）~3！！三重=收藏
as021301,平钓（石沙蚕）拍3~5.1！【狂野海胆】5.1~！=专一【剪碎手巴塞洛缪】=三重
as021601,平钓（石沙蚕）拍~3！三重拍5.5-！三重=收藏
as031501,平钓（石沙蚕）~3！三重=收藏
as031401,平钓（石沙蚕）3.6~5！三重=收藏
as031701,平钓（磷虾）拍2~3！三重拍5-！！三重=收藏
as031502,平钓（刺螠）~3！！！三重=收藏
as031702,平钓（刺螠）拍4.3~5！！拍5~！！三重=收藏
as051101,平钓（刺螠）拍3.1-3.8！！三重占位！！！三重=引诱收藏
as051401,平钓（刺螠）！！！三重=引诱收藏
as081201,大鱼（石沙蚕）-5！》4-！！三重
as081301,平钓（石沙蚕）6.5-！三重=收藏=专一【珊瑚海龙】=三重
as101501,平钓（刺螠）~3！！！三重=收藏
as101601,平钓（磷虾）拍4.3~5拍5~！！三重=收藏
as111501,平钓（石沙蚕）~3！三重=收藏
as111401,平钓（石沙蚕）3.6~5！三重=收藏
as111701,平钓（磷虾）拍2~3！三重拍5-！！三重=收藏
as121101,平钓（磷虾）~3！！三重=收藏
as121301,平钓（磷虾）5-！！三重=收藏
as012101,平钓（磷虾）~5！！三重=收藏
as012201,平钓（刺螠）4~6！！三重=收藏
as012301,平钓（磷虾）3~！！三重=收藏
as022101,平钓（石沙蚕）~4.5！三重=收藏
as022201,平钓（石沙蚕）4.5~！三重=收藏
as022401,平钓（石沙蚕）4.6~！三重=收藏
as022102,平钓（磷虾）6-7.5！三重=收藏
as022202,平钓（石沙蚕）~3！三重=收藏
as022402,平钓（石沙蚕）3~4.5！三重=收藏
as032101,平钓（磷虾）6-7.5！三重=收藏
as032201,平钓（石沙蚕）~3！三重=收藏
as032301,平钓（石沙蚕）3~4.4！三重=收藏
as042101,平钓（石沙蚕）~4.5！三重=收藏
as042201,平钓（石沙蚕）4.5~！三重=收藏
as042401,平钓（石沙蚕）4.6~！三重=收藏
as052101,平钓（磷虾）~5！！三重=收藏
as052201,平钓（刺螠）4~6！！三重=收藏
as052301,平钓（磷虾）3~！！三重=收藏
成就幻后,1
aasn011201,平钓（石沙蚕）~4.5！三重=不撒饵收藏
aasn021501,平钓（磷虾）~12.1！！=不撒饵
aasn021301,平钓（磷虾）~17.6！！=引诱不撒饵=专一（蜘蛛、net、スパイダーク）=三重
aasn021601,平钓（石沙蚕）拍4.5-7.6！拍14-！三重=不撒饵=专一（染血、bloodpolish、ブラッディポリッ）=三重
aasn031501,平钓（石沙蚕）拍9~10.6！拍~9！三重=不撒饵
aasn031502,平钓（刺螠）12~！！=不撒饵
aasn031401,平钓（石沙蚕）11~15.5！三重=不撒饵
aasn031701,平钓（石沙蚕）拍~6！拍12~！三重=不撒饵=专一（蜂巢、honeycomb、ハニカムフィッシュ）=三重
aasn051101,平钓（刺螠）！！！三重=引诱不撒饵
aasn051401,平钓（刺螠）！！！三重=引诱不撒饵=专一（烙铁、chrome、クロム）=三重
aasn081201,平钓（石沙蚕）9-16！三重=不撒饵
aasn101501,平钓（刺螠）12.1~！！三重=不撒饵
aasn111501,平钓（石沙蚕）拍9~10.6！拍~9！三重=不撒饵
aasn111401,平钓（石沙蚕）11~15.5！三重=不撒饵
aasn111701,平钓（石沙蚕）拍~6！拍12~！三重=不撒饵=专一（蜂巢、honeycomb、ハニカムフィッシュ）=三重
aasn121101,平钓（磷虾）拍17~19.5！！拍19.5~！！三重=引诱不撒饵
aasn012101,平钓（磷虾）9~18！！三重=收藏不撒饵
aasn012201,平钓（刺螠）13~！！三重=不撒饵
aasn012301,平钓（磷虾）10~17.5！！三重=收藏不撒饵
aasn022101,平钓（石沙蚕）4.5~7！三重=收藏不撒饵
aasn022201,平钓（石沙蚕）15~！三重=引诱收藏不撒饵
aasn022102,平钓（磷虾）8.5~14.5！三重=收藏不撒饵
aasn022202,平钓（石沙蚕）5.5~9！三重=收藏不撒饵
aasn022402,平钓（石沙蚕）14.5~23.5！三重=引诱收藏不撒饵
aasn032101,平钓（磷虾）8.5~14.5！三重=收藏不撒饵
aasn032201,平钓（石沙蚕）5.5~9！三重=收藏不撒饵
aasn032301,平钓（石沙蚕）10-17.5！三重=收藏不撒饵
aasn042101,平钓（石沙蚕）4.5~7！三重=收藏不撒饵
aasn042201,平钓（石沙蚕）15~！三重=引诱收藏不撒饵
aasn052101,平钓（磷虾）9~18！！三重=收藏不撒饵
aasn052201,平钓（刺螠）13~！！三重=不撒饵
aasn052301,平钓（磷虾）10~17.5！！三重=收藏不撒饵
蓝鱼幻海,23
ls0216,平钓（潮虫）~3！！双重=2（幸福、beatific、ビティフィック）；=专一（幸福、beatific、ビティフィック）=双重》阶段 平钓~3！！《》鱼识 平钓拍！！（锯齿蛤蜊、serrated、セレーテッドクラム、幸福、beatific、ビティフィック）6~！！！精准=引诱\\横路不通/海洋蟾蜍
ls0411,平钓（磷虾）拍3~4.6！（海神、Navigator、リムレーンプリ）~2.9！双重=2（天、heavens、ヘヴン）；》阶段 平钓 拍~2.9！（天、heavens、ヘヴン）3~4.6！《 》鱼识 平钓（火萤）拍（巨食鮟鱇、fishmonger、フィッシュモンガー、海神、Navigator、リムレーンプリ、天、heavens、ヘヴン）5~！！+！！！=引诱\\索蒂斯/依拉丝莫龙
ls0413,平钓（刺螠）~8！！！双重=2（守领、gugrusaurus、ググリューサウルス）；=专一（守领、gugrusaurus、ググリューサウルス）=双重》阶段 平钓（刺螠）~8！！！《》鱼识 平钓（重铁板钩）拍~8.5！！！（守领、gugrusaurus、ググリューサウルス）8.5~！！！=引诱\\索蒂斯/依拉丝莫龙
ls0512,大鱼（石沙蚕）~4.5！》~3.5！！双重=1（枪鱼、grandmarlin、グランドマーリン）；》阶段 大鱼~4.5！》~3.5！！《》鱼识 平钓（小虾肉笼）拍~3.5！！（海难船帆、shipwreck、レックドクロス）！！！=引诱\\捕鲨人/冲分/珊瑚蝠鲼
ls0615,平钓（刺螠）拍3~4.5！！（酒杯、Mistbeard、霧髭）~3.5！！！双重=2（喷射、jetborne、ジェットフライマンタ）；=专一（喷射、jetborne、ジェットフライマンタ）》阶段 平钓（乌贼丝）拍~3.5！！！（喷射、jetborne、ジェットフライマンタ）3~4.5！！《》鱼识 平钓（乌贼丝）拍（酒杯、Mistbeard、霧髭、喷射、jetborne、ジェットフライマンタ）8.5~！！！=引诱\\哈弗古法/依拉丝莫龙
ls0613,平钓（刺螠）~8！！！双重=2（守领、gugrusaurus、ググリューサウルス）；=专一（守领、gugrusaurus、ググリューサウルス）=双重》阶段 平钓（刺螠）~8！！！《》鱼识 平钓（重铁板钩）拍~8.5！！！（守领、gugrusaurus、ググリューサウルス）8.5~！！！=引诱\\哈弗古法/依拉丝莫龙
ls0715,平钓（刺螠）拍3~4.5！！（酒杯、Mistbeard、霧髭）~3.5！！！双重=2（喷射、jetborne、ジェットフライマンタ）；=专一（喷射、jetborne、ジェットフライマンタ）》阶段 平钓（乌贼丝）拍~3.5！！！（喷射、jetborne、ジェットフライマンタ）3~4.5！！《》鱼识 平钓（乌贼丝）拍（酒杯、Mistbeard、霧髭、喷射、jetborne、ジェットフライマンタ）8.5~！！！=引诱\\哈弗古法/盾齿龙
ls0717,大鱼（石沙蚕）~4.5！》~6！》鱼识 大鱼（石沙蚕）拍【金鞋底】~4.5！》！+！！！\\哈弗古法/盾齿龙
ls0812,大鱼（石沙蚕）~4.5！》~3.5！！双重=1（枪鱼、grandmarlin、グランドマーリン）；》阶段 大鱼~4.5！》~3.5！！《》鱼识 平钓（小虾肉笼）拍~3.5！！（海难船帆、shipwreck、レックドクロス）！！！=引诱\\龙马惊神/珊瑚蝠鲼
ls0911,平钓（磷虾）拍3~4.6！（海神、Navigator、リムレーンプリ）~2.9！双重=2（天、heavens、ヘヴン）；》阶段 平钓 拍~2.9！（天、heavens、ヘヴン）3~4.6！《 》鱼识 平钓（火萤）拍（巨食鮟鱇、fishmonger、フィッシュモンガー、海神、Navigator、リムレーンプリ、天、heavens、ヘヴン）5~！！+！！！=引诱\\索蒂斯/石骨鱼
ls0914,平钓（石沙蚕）拍5~9！！（深海、deep、ディープシー）3-5！=1（沉寂、silencer、サイレンサー）；》阶段 平钓（沟鼠尾巴）5~9！！《》鱼识 平钓（沟鼠尾巴）拍（沉寂、silencer、サイレンサー、深海、deep、ディープシー）9.5~！！！=引诱\\索蒂斯/石骨鱼
ls1114,平钓（石沙蚕）拍5~9！！（深海、deep、ディープシー）3-5！=1（沉寂、silencer、サイレンサー）；》阶段 平钓（沟鼠尾巴）5~9！！《》鱼识 平钓（沟鼠尾巴）拍（沉寂、silencer、サイレンサー、深海、deep、ディープシー）9.5~！！！=引诱\\气鲀四海/石骨鱼
ls0122,大鱼（刺螠）拍~3.1！！《【小判鯙】~5！！！双重=1【捷疾鬼】；》阶段 大鱼拍~3.1！！《【小判鯙】~5！！！《》鱼识 大鱼（磷虾）拍~4！！占位~5！！！》！！+！！！=套娃\\琉璃龙
ls0323,平钓（刺螠）拍3-4.5！！双重（芭蕉、fleeting、バショウイカ）4.5~！！=1（巨型、flying、オオスル）；》阶段 平钓（磷虾）3-4.5！！双重=专一（芭蕉、fleeting、バショウイカ）《》鱼识 平钓（乌贼丝）拍（巨型、flying、オオスル、芭蕉、fleeting、バショウイカ）！！！=引诱\\狱之蟹
ls0421,平钓（刺螠）！！！双重=2（潜底、sunken、ディー）；=专一（潜底、sunken、ディー）=双重》阶段 平钓！！！=专一（潜底、sunken、ディー）《》鱼识 平钓（青花鱼块）拍！！！（潜底、sunken、ディー）7~！！！=引诱\\塔尼瓦
ls0521,平钓（刺螠）！！！双重=2（潜底、sunken、ディー）；=专一（潜底、sunken、ディー）=双重》阶段 平钓！！！=专一（潜底、sunken、ディー）《》鱼识 平钓（青花鱼块）拍！！！（潜底、sunken、ディー）7~！！！=引诱\\塔尼瓦
ls0622,大鱼（刺螠）拍~3.1！！《【小判鯙】~5！！！双重=1【捷疾鬼】；》阶段 大鱼拍~3.1！！《【小判鯙】~5！！！《》鱼识 大鱼（磷虾）拍~4！！占位~5！！！》！！+！！！=套娃\\琉璃龙
ls0624,平钓（石蝇幼虫）拍3~4.5！（玄水、Gensui、玄水）2.5~3！双重=2（无二、Yanxian、ムニゴビー）；=专一（无二、Yanxian、ムニゴビー）》阶段 平钓3~4.5！《》鱼识 平钓拍（无二、Yanxian、ムニゴビー、玄水、Gensui、玄水）！！！=引诱\\梅泉宝龟