空天姬预设,9.1475.202510110438
说明,更新几个做宇宙肝武的预设 任务详见 https://nga.178.com/read.php?tid=45168885；修复一堆不开收藏品的预设；更新鳐鳐黄金鳗以及7.3鱼王；其余预设请见 https://docs.qq.com/sheet/DVlNaQ012amF4SW1G?tab=yirja0
杂项,1//预设分级：非预设
测试,平钓【万能拟饵|29717】》全部=【任何】；引诱；//预设分级：最优化
全提,平钓【万能拟饵|29717】》全部//预设分级：最优化
耐心全提,耐心【万能拟饵|29717】》全部》全部》全部》全部//预设分级：最优化
攒鱼计,平钓【万能拟饵|29717】》全部=攒鱼计；//预设分级：最优化
练级,耐心【万能拟饵|29717】》全部=大尺寸；//预设分级：最优化
近东虾,平钓【青花鱼块|36593】》22~！双重@拍水16~！【占位】@专一【近东虾|38935】//预设分级：最优化
星尘虾,平钓【深红沙蚕|43850】》！@专一【星尘虾|43668】=引诱、不撒饵；//星尘虾//预设分级：最优化
黄金鳗,平钓【红蛆|43858】》~19！！@拍水！！【亚斯拉尼弓鳍鱼|43773】@专一【黄金鳗|46188】三提=不撒饵；//预设分级：有效的
云旗鱼,平钓【仙人刺拟饵|43853】》~23！！@专一【云旗鱼|44347】双提=不撒饵、多提；//素材鱼//预设分级：合格的
巧儿海陆行鸟,耐心【沙蚕|2585】@0802-1600》！》！！》23~！！！=【巧儿海陆行鸟|20524】；//预设分级：有效的
魔法水桶,平钓【残暴水蛭|12711】》！！！@拍水【妖祸克拉肯|14219】=【魔法水桶|15439】；钓组；//预设分级：最优化
鳐鳐,平钓【蜻蜓|43857】》！！！@拍水！！【佐戈蝎|43759】=【鳐鳐|46779】；//预设分级：无错误
桶眼鱼,耐心【天钢之球|30136】@（打雷|9）》！》16~25.5！！=收藏品、大尺寸；//预设分级：有效的
灵岩之剑,耐心【万能拟饵|29717】》（！）6.5+12~10.7+20.6！！@专一【灵岩之剑|36473】》8.5~！！=收藏品、大尺寸、不撒饵；//効率4600//预设分级：有效的
斑斓菊石螺,耐心【金属亮片|28634】@1202-1600（碧空|1）》！》！！！=【斑斓菊石螺|27508】；引诱；//预设分级：合格的
月面死亡蠕虫,耐心【奇美拉蠕虫|36595】@（晴朗|2）》！【紫鱼|36470】》！！！=收藏品、大尺寸、引诱、不撒饵；//预设分级：最优化
克雷拉鲤,大鱼【嘭嘭拟饵|43855】》！！@拍水【蛇头鳢|43785】=收藏品、大尺寸、鱼影、不撒饵；//预设分级：合格的
佐戈秃鹰,大鱼【蜻蜓|43857】》20~！！@拍水【佐戈蝎|43759、瀑布徨灵|43760】=收藏品、大尺寸、鱼影、不撒饵；//效率4500/h，你也可以在预设名后加上仙人刺拟饵或万能拟饵来使用不同钓饵，但算上钓紫票的时间也依然是蜻蜓效率最高//预设分级：最优化
佐戈秃鹰万能拟饵,大鱼【万能拟饵|29717】》22~！！@拍水【佐戈蝎|43759、瀑布徨灵|43760】=收藏品、大尺寸、鱼影、不撒饵；//效率比仙人刺高，但是即使算上灵岩之剑钓紫票的时间，也是蜻蜓效率最高//预设分级：合格的
佐戈秃鹰仙人刺拟饵,大鱼【仙人刺拟饵|43853】》22~！！@拍水【佐戈蝎|43759、瀑布徨灵|43760】=收藏品、大尺寸、鱼影、不撒饵；//效率不如万能拟饵，即使算上灵岩之剑钓紫票的时间，也是蜻蜓效率最高//预设分级：合格的
云蜂,大鱼【蜻蜓|43857】》16~！@拍水！【佐戈之核|43757】=收藏品、大尺寸、鱼影、不撒饵；//预设分级：最优化
铲鼻鲶,大鱼【嘭嘭拟饵|43855】》13~！！@拍水【圆点刺魟|43712】=收藏品、大尺寸、大鱼知识、引诱、不撒饵；//预设分级：合格的
角蛙,耐心【黄金幼虫|43849】@0002-0200》！》12~！！=收藏品、大尺寸、不撒饵；//预设分级：合格的
紫舌尖,大鱼【红蛆|43858】》23~！！@拍水【？紫舌尖|46249】@专一【紫舌尖|46249】=不撒饵、收藏品、大尺寸、引诱；//预设分级：合格的
天钢钓竿,6//预设分级：非预设
智慧珊瑚,平钓【天钢之球|30136】》~14！@专一【智慧珊瑚|29673】三重=40【智慧珊瑚|29673】；不撒饵、重随；//预设分级：有效的
龙骨贝,平钓【天钢之球|30136】》！@拍水【魔角蜗牛|12725】@专一【龙骨贝|29678】三重=60【龙骨贝|29678】；不撒饵；//预设分级：有效的
梅花贝,平钓【天钢之球|30136】》~17.1！三重@专一【梅花贝|31129】=60【梅花贝|31129】；不撒饵、引诱；//预设分级：有效的
亚拉戈猎手,平钓【天钢之球|30136】》8.7~！！@拍水！！【黑鞭|12773】@专一【亚拉戈猎手|31134】三重=70【亚拉戈猎手|31134】；不撒饵；//预设分级：有效的
点火鱼,耐心【天钢之球|30136】》14~！！=60【点火鱼|31770】；收藏品、大尺寸、不撒饵、引诱、大鱼知识；//不定收藏价值换材料可能溢出或不足//预设分级：有效的
褪色球球,耐心【天钢之球|30136】》9.5~！@拍水【水剑鱼|12791】=60【褪色球球|31771】；收藏品、大尺寸、不撒饵、引诱、大鱼知识；//不定收藏价值换材料可能溢出或不足//预设分级：有效的
莫雯钓竿,12//预设分级：非预设
白金海马,耐心【卓越丸子|38808】》~7.5！@专一【白金海马|38792】=30【白金海马|38792】；收藏品、大尺寸、不撒饵；//预设分级：有效的
击木灯塔守卫,大鱼【卓越丸子|38808】》！！=30【击木灯塔守卫|38793】；引诱、收藏品、大尺寸、不撒饵；//预设分级：有效的
镜中影,耐心【卓越丸子|38808】》~7.5！@拍水【？镜中影|38798】@专一【镜中影|38798】=40【镜中影|38798】；收藏品、大尺寸、不撒饵；//预设分级：有效的
亮片巨骨舌鱼,大鱼【卓越丸子|38808】》！！@专一【亮片巨骨舌鱼|38799】=40【亮片巨骨舌鱼|38799】；引诱、收藏品、大尺寸、不撒饵；//预设分级：有效的
黄遁鱼,耐心【卓越丸子|38808】》~7.5！@专一【黄遁鱼|39809】=39【黄遁鱼|39809】；收藏品、大尺寸、不撒饵；//原地精选可能暴击否则请多钓一条//预设分级：有效的
得到宽恕的忧郁,耐心【卓越丸子|38808】》！！@专一【得到宽恕的忧郁|39810】=39【得到宽恕的忧郁|39810】；引诱、收藏品、大尺寸、不撒饵；//原地精选可能暴击否则请多钓一条//预设分级：有效的
油膜鱼,耐心【卓越丸子|38808】》~7.5！@专一【油膜鱼|39815】=39【油膜鱼|39815】；收藏品、大尺寸、不撒饵；//原地精选可能暴击否则请多钓一条//预设分级：有效的
贡萨洛蛞蝓,耐心【卓越丸子|38808】》8~14！@专一【贡萨洛蛞蝓|39816】=39【贡萨洛蛞蝓|39816】；重随、收藏品、大尺寸、不撒饵；//原地精选可能暴击否则请多钓一条//预设分级：有效的
黑木块,耐心【卓越丸子|38808】》~8.5！！@拍水~5.5！【占位】@专一【黑木块|41298】》！！=25【黑木块|41298】；29【隆卡金块|41299】；重随、收藏品、大尺寸、不撒饵；//原地精选可能暴击请自行检查材料数量//预设分级：有效的
隆卡金块,耐心【卓越丸子|38808】》~8.5！！@拍水~5.5！【占位】@专一【黑木块|41298】》！！=25【黑木块|41298】；29【隆卡金块|41299】；重随、收藏品、大尺寸、不撒饵；//原地精选可能暴击请自行检查材料数量//预设分级：有效的
丰饶虹鳉,耐心【卓越丸子|38808】》~7.5！+！！@专一【丰饶虹鳉|41300】=55【丰饶虹鳉|41300】；14【圣法斯里克的石头脑袋|41301】；收藏品、大尺寸、不撒饵；//原地精选可能暴击请自行检查材料数量//预设分级：有效的
圣法斯里克的石头脑袋,耐心【卓越丸子|38808】》~7.5！+！！@专一【丰饶虹鳉|41300】=55【丰饶虹鳉|41300】；14【圣法斯里克的石头脑袋|41301】；收藏品、大尺寸、不撒饵；//原地精选可能暴击请自行检查材料数量//预设分级：有效的
空岛预设,1//预设分级：非预设
第四期重建用的特供蓝色风暴,耐心【云冠大蚊|30280】》~10.5！》！！！=不撒饵、引诱；//预设分级：合格的
第四期重建用的特供巨脉蜻蜓,耐心【云冠大蚊|30280】@（灵飞电|135）》~10.5！》！！！=不撒饵、引诱；//如果在天气前启动可能会导致开耐心攒鱼计XD//预设分级：合格的
第四期重建用的特供雕塑家,平钓【云冠大蚊|30280】》10.5~！+！！！=不撒饵；@鱼识=》平钓【云冠气球虫|30278】》（！！！）19~！！三提@拍水~14.5！！【第四期重建用的不死鱼|32895】=不撒饵；@拍水后=》平钓【云冠气球虫|30278】》（！！！）19~！！三提=引诱、不撒饵、回收；//三提七条所需获得力 ≥ 3450//预设分级：有效的
第四期重建用的特供红波太郎,平钓【云冠大蚊|30280】@（灵烈火|133）》！！！@拍水~14！！【第四期重建用的不死鱼|32895】=不撒饵、引诱；@拍水后=》平钓@（灵烈火|133）》！！！=引诱；//如果在天气前启动可能会导致开耐心攒鱼计XD//预设分级：有效的
鱼眼预设,1//预设分级：非预设
鱼眼斑斓菊石螺,耐心【金属亮片|28634】@（碧空|1）》！《【古代虾|27506】=3【古代虾|27506】；不撒饵；@阶段=》耐心【金属亮片|28634】@1202-1600（碧空|1）》！》！！！=【斑斓菊石螺|27508】；引诱、鱼眼；《=//如有天气条件，请在符合天气条件时启动//预设分级：合格的
鱼眼雷神光,平钓【花蝇|2597】@1802-2300》！！！精准@拍水！【硬毛蟹|4974】=【雷神光|7920】；引诱、鱼眼；//如有天气条件，请在符合天气条件时启动//预设分级：合格的
鱼眼金色皮皮拉鱼,平钓【盗蟹丸|27587】@0602-0700》~8+13.5！！！@拍水！【黄色皮皮拉鱼|27486】=【金色皮皮拉鱼|33324】；引诱、鱼眼；//如有天气条件，请在符合天气条件时启动//预设分级：合格的
鱼眼圣鳟贞德,平钓【乌鸦拟饵|2614】@0402-0600》！！！@拍水！！【暖水鳟|4955】=【圣鳟贞德|7904】；鱼眼；//如有天气条件，请在符合天气条件时启动//预设分级：合格的
鱼眼浓盐鲀,平钓【蜜虫|2599】@1702-2000》12+22~！@拍水~9+16.5！【斑点鲀|4983】=【浓盐鲀|7925】；鱼眼、引诱；//如有天气条件，请在符合天气条件时启动//预设分级：合格的
鱼眼鱼大叔,平钓【花蝇|2597】@1702-1830》！！！@拍水！【绿灯球藻|5544】=【鱼大叔|7902】；鱼眼；//如有天气条件，请在符合天气条件时启动//预设分级：合格的
鱼眼断指龙虾,平钓【极地磷虾|2606】@1732-1800》！！！@拍水！！【海岩龙虾|4911】=【断指龙虾|7906】；鱼眼、引诱；//如有天气条件，请在符合天气条件时启动//预设分级：最优化
鱼眼滑溜帝王,平钓【蝲蛄丸子|2588】@1902-2400》！！！精准@拍水！【幽暗虾虎|4931】=【滑溜帝王|7698】；引诱、鱼眼；//如有天气条件，请在符合天气条件时启动//预设分级：合格的
鱼眼公主青鳉,平钓【肥蚯蚓|20614】@0402-0600》！！！精准@拍水！【黄铜鱼|20125】=【公主青鳉|24213】；引诱、鱼眼；//如有天气条件，请在符合天气条件时启动//预设分级：合格的
鱼眼维德弗尼尔,平钓【残暴水蛭|12711】@0802-1000》！！！@拍水！！【白丽鱼|12768】=【维德弗尼尔|15633】；引诱、鱼眼；//如有天气条件，请在符合天气条件时启动//预设分级：合格的
鱼眼教皇鱼,平钓【悬浮诱饵鱼|20619】@1202-1600》！！！@拍水！+！！【溶骨蜗牛|20082、涅槃蟹|20086】=【教皇鱼|23059】；引诱、鱼眼；//如有天气条件，请在符合天气条件时启动//预设分级：合格的
鱼眼蝴蝶夫人,耐心【土蜘蛛|12705】@（碧空|1）》~6.5+11.5！《【蝼蛄|12757】=3【蝼蛄|12757】；不撒饵；@阶段=》耐心【土蜘蛛|12705】@2102-0200（碧空|1）》~6.5+11.5！【蝼蛄|12757】》！！！=【蝴蝶夫人|16748】；鱼眼；《=//如有天气条件，请在符合天气条件时启动//预设分级：合格的
鱼眼无光层巨骨舌鱼,耐心【土蜘蛛|12705】@（阴云|3）》！《【以太之眼|12777】=3【以太之眼|12777】；不撒饵；@阶段=》耐心【土蜘蛛|12705】@2102-0200（阴云|3）》！》！！！=【无光层巨骨舌鱼|15638】；鱼眼；《=//如有天气条件，请在符合天气条件时启动//预设分级：合格的
鱼眼暮辉鱼,耐心【肥蚯蚓|20614】@（阴云|3）》！《【嘎牙子|20127】=3【嘎牙子|20127】；不撒饵；@阶段=》耐心【肥蚯蚓|20614】@0802-1600（阴云|3）》！》！！！=【暮辉鱼|24217】；《=//如有天气条件，请在符合天气条件时启动//预设分级：合格的
鱼眼卜传,平钓【嗡嗡石蝇|20675】@1202-1400》！！！精准@拍水！【武士鱼|20028】=【卜传|23067】；引诱、鱼眼；//如有天气条件，请在符合天气条件时启动//预设分级：合格的
鱼眼大蛇鳗,平钓【黄油虫|2594】@1802-1900》！！！@拍水20~！！【黑鳗|4958】=【大蛇鳗|7908】；引诱、鱼眼；//如有天气条件，请在符合天气条件时启动//预设分级：合格的
鱼眼胸脊鲨,大鱼【蚕蛹|20616】》~22！！《【岩盐咸鱼|20025】=3【岩盐咸鱼|20025】；不撒饵、重随；@阶段=》大鱼【蚕蛹|20616】@（雷雨|10）》~22！！》23~！！！双重=重随、收藏品、鱼眼、不收集、多提；《=@鱼识=》耐心【蚕蛹|20616】@1602-1800》~22！！》！！！=【胸脊鲨|24992】；不撒饵、重随；//适用于0000-0800的雷雨，关掉其他插件自动确认收藏的功能，需要卡收藏品、大尺寸窗口手动在胸脊鲨窗口期到来时取消收藏。如有天气条件，请在符合天气条件时启动//预设分级：合格的
鱼眼奸隐鱼,平钓【短嘴诱饵鱼|27588】@2202-2400（晴朗|2）》！！！@拍水9.5+17.5~！！【卡利班骨头鱼|27499】=【奸隐鱼|33325】；鱼眼；//如有天气条件，请在符合天气条件时启动//预设分级：合格的
鱼皇流程依赖,1//预设分级：非预设
七彩天主计数,计数 3【蓝彩鱼|24203】；3【橙彩鱼|23056】；5【绿彩鱼|24204】；//预设分级：非预设
七彩天主起手,大鱼【嗡嗡石蝇|20675】@0002-0800》！！》！三提=鱼眼、多提；//从零开始使用，当钓满蓝彩鱼或橙彩鱼时请手动更换【鱼眼蓝彩鱼】或【鱼眼橙彩鱼】//预设分级：有效的
鱼眼蓝彩鱼,大鱼【嗡嗡石蝇|20675】@0002-0400》！！【紫彩鱼|21177】》！三提=鱼眼、多提；//蓝彩鱼和橙彩鱼都钓满时，在绿彩鱼的鱼眼窗口使用【七彩天主最终】//预设分级：有效的
鱼眼橙彩鱼,大鱼【嗡嗡石蝇|20675】@0402-0800》！！【红彩鱼|22397】》！三提=鱼眼、多提；//蓝彩鱼和橙彩鱼都钓满时，在绿彩鱼的鱼眼窗口使用【七彩天主最终】//预设分级：有效的
七彩天主最终,平钓【嗡嗡石蝇|20675】@0002-1600（碧空|1、晴朗|2）》！@拍水！！【黄彩鱼|20052、青彩鱼|20053、紫彩鱼|21177】=鱼眼、不撒饵；@鱼识=》平钓》！+！！！@拍水！！【黄彩鱼|20052、青彩鱼|20053、紫彩鱼|21177】=【七彩天主|24994】；//蓝彩鱼和橙彩鱼都钓满时，在满足绿彩鱼的天气条件时使用//预设分级：最优化
嘎儿鱼起手,耐心【青花鱼块|36593】@（晴朗|2）》6.1+10.3~！《》！！！》！！！=10【矛齿鲸|36454】；引诱、套娃、不撒饵；//预设分级：有效的
嘎儿鱼三提起手,大鱼【青花鱼块|36593】@（晴朗|2）》6.1+10.3~！《》！！！三提》！！！三提=10【矛齿鲸|36454】；多提、引诱、不撒饵；//预设分级：有效的
嘎儿鱼补钓自动最终,该预设已被优化，请使用【嘎儿鱼自动最终】//预设分级：有效的
嘎儿鱼自动最终,耐心【青花鱼块|36593】@（晴朗|2）》6.1+10.3~！》！！！》！！！《【占位】=1【矛齿鲸|36454】；引诱、不撒饵；@阶段=》大鱼【青花鱼块|36593】@1355-1600（晴朗|2）》6.1+10.3~！《》！！！《》！！！=引诱；《=@鱼识=》平钓【青花鱼块|36593】@1402-1600（晴朗|2）》！！！@拍水~7.6+14！！【纳茹奈章鱼|36452、萨维奈卡拉墨鱼|36686】=【嘎儿鱼|41408】；引诱；//预期是你还缺 2 条矛齿鲸//预设分级：有效的
嘎儿鱼补钓收藏最终,该预设已被优化，请使用【嘎儿鱼收藏最终】//预设分级：有效的
嘎儿鱼收藏最终,耐心【青花鱼块|36593】@（晴朗|2）》6.1+10.3~！》！！！双提=不收集、收藏品、多提、不撒饵、引诱；@鱼识=》平钓【青花鱼块|36593】@1402-1600（晴朗|2）》！！！@拍水~7.6+14！！【纳茹奈章鱼|36452、萨维奈卡拉墨鱼|36686】=【嘎儿鱼|41408】；引诱；//预期是你还缺 2 条矛齿鲸，关掉其他插件自动确认收藏的功能，需要卡收藏品、大尺寸窗口手动在嘎儿鱼窗口期到来时取消收藏//预设分级：有效的
嘎儿鱼短流程,大鱼【青花鱼块|36593】@（晴朗|2）》6.1+10.3~！《》！！！三提》！！！三提=10【矛齿鲸|36454】；多提、引诱、不撒饵；@阶段=》耐心【青花鱼块|36593】@（晴朗|2）》6.1+10.3~！》！！！》！！！《【占位】=1【矛齿鲸|36454】；引诱、不撒饵；@阶段=》大鱼【青花鱼块|36593】@1358-1600（晴朗|2）》6.1+10.3~！《》！！！《》！！！=引诱；《=@鱼识=》平钓【青花鱼块|36593】@1402-1600（晴朗|2）》！！！@拍水~7.6+14！！【纳茹奈章鱼|36452、萨维奈卡拉墨鱼|36686】=【嘎儿鱼|41408】；引诱；《=//预设分级：有效的
嘎儿鱼连续窗口方案,如果有连续的嘎儿鱼窗口，而第 1 个窗口没钓够矛齿鲸，可到其他钓场抛竿后回到「熏香海岸」重新开始起手。\\r\\n也可继续钓够起手所需的数量：更换钓点后启动起手，人工监控剩余的矛齿鲸直到总数 10 （非悬浮窗显示的数量）以完成起手（其他同主方案）//预设分级：非预设
法拉伊那,大鱼【星尘|36597】@0002-0400》~7+13！！@拍水【三叉神海兽|36508】》！！！=【法拉伊那|36521】；收藏品、大尺寸、引诱、不撒饵；//预设分级：最优化
星鲸长流程未受生魂,大鱼【星尘|36597】》~13！！@拍水【三叉神海兽|36508】》17~！！双重=2【未受生魂|36520】；引诱、不撒饵；//钓到法拉伊那后使用，完成后换钓点在星鲸前25分钟使用【星鲸长流程最终】//预设分级：最优化
星鲸长流程最终,大鱼【星尘|36597】》！！@拍水【三叉神海兽|36508】《【事件穹界的回归者|36518】=1【额外维度实体-9318|36519】；引诱、不撒饵；@阶段=》大鱼@2357-0800》！！@拍水【三叉神海兽|36508】《【事件穹界的回归者|36518】=2【额外维度实体-9318|36519】；引诱、不撒饵；《=@鱼识=》大鱼【星尘|36597】@2357-0800（磁暴|149）》~13！！@拍水【三叉神海兽|36508】》17~！！+！！！=【星鲸|41412】；引诱、不撒饵；//距离触发鱼识还需 3 条「实体」时使用这个；如果第一次鱼识结束后「仍在法拉伊那的窗口期」，你可以继续从预设【法拉伊那|36521】开始，如果钓到了法拉伊那，则【星鲸长流程未受生魂】，然后【星鲸长流程最终】//预设分级：有效的
星鲸短流程方案,星鲸短流程预设说明：在星鲸窗口期到来前（最好是提前一个小时或半小时）启动【星鲸短流程起手】来钓总计5条的2种星鲸鱼识前置（空天姬会自动计数并提醒）。在完成后，更换钓点到远离原位置几米远的地方，在星鲸窗口期到来前的第25分钟启动【星鲸短流程最终】，祝你好运！//预设分级：非预设
星鲸短流程起手,耐心【星尘|36597】》！！@拍水【三叉神海兽|36508】》17~！！=2【未受生魂|36520】；3【额外维度实体-9318|36519】；引诱、不撒饵；//星鲸到来前一个或半个小时启动，没钓到法拉伊那也可以从这个开始//预设分级：有效的
星鲸短流程最终,大鱼【星尘|36597】@0002-0400》~7+13！！@拍水【三叉神海兽|36508】》！！！=引诱、不撒饵；@鱼识=》大鱼【星尘|36597】@0002-0800（磁暴|149）》~7+13！！@拍水【三叉神海兽|36508】》17~！！+！！！=【星鲸|41412】；引诱、不撒饵；//更换钓点在星鲸到来前第25分钟启动，只缺法拉伊那也可以用。//预设分级：有效的
2.0,113//预设分级：非预设
涅普特龙,平钓【极地磷虾|2606】@（小雨|7、暴雨|8）》9.5+17~！！@拍水【愿贝|4914】@专一【小撒拉奥斯|4913】双重=多提优先；@鱼识=》耐心【沙蚕|2585】@（小雨|7、暴雨|8）》！》！！+！！！》！！！》！！！=【涅普特龙|8754】；//预设分级：有效的
内角石,耐心【单环刺螠|2596】@2002-0400（阴云|3、薄雾|4、微风|5）》！》！！！=【内角石|8756】；//预设分级：合格的
波太郎,平钓【火萤|2603】@（雷雨|10、打雷|9）》！！！@拍水~12+22！！【争斗琵琶鱼|5008】=引诱；@鱼识=》平钓【漂浮诱饵蛙|2624】》！！！@拍水！！【南方狗鱼|4996】=【波太郎|8775】；引诱；//预设分级：合格的
旋齿鲨,耐心【沙蛭|2600】@0802-2000（热浪|14）》~7.5+15！！【飞沙鱼|5035】》！！！=【旋齿鲨|8768】；引诱；//预设分级：有效的
秀尼鱼龙,耐心【浮游虫|2605】》~7.5+14.5！！《【破云飞鱼|5040】=4【破云飞鱼|5040】；不撒饵、引诱；@阶段=》耐心【浮游虫|2605】@（暴雪|16）》~7.5+14.5！！》！！！》！！！=【秀尼鱼龙|8772】；不撒饵、引诱；《=//预设分级：合格的
杀手库诺,耐心【蜜虫|2599】@0802-1800（妖雾|17）》~8+15.5！》！》！！！=重随；@鱼识=》耐心【蜜虫|2599】》~8+15.5！》！+！！》！！+！！！》！！！=【杀手库诺|8763】；重随；//预设分级：合格的
金鳍蝶,平钓【潮虫|2587】@0902-1400》！！！精准@拍水！【海云水母|4872】=【金鳍蝶|7685】；引诱；//预设分级：合格的
猛犸章鱼,大鱼【潮虫|2587】@0902-1700》~8+12！！》！！！=【猛犸章鱼|7707】；//预设分级：合格的
扎尔艾拉,平钓【沟鼠尾巴|2591】@0902-1400》！！！精准@拍水！【藤皮海参|4873、海云水母|4872】=【扎尔艾拉|7678】；引诱；//预设分级：合格的
无赖王,平钓【蛾蛹|2586】@0902-1400》！！！@拍水！【鲢鱼|4926、蝲蛄|4925】=【无赖王|7679】；//预设分级：合格的
隐沙鱼,平钓【蝲蛄丸子|2588】》！！！@拍水！【公主鳟|4930】=【隐沙鱼|7688】；//预设分级：合格的
巨鲨,耐心【沙蚕|2585】@（碧空|1、晴朗|2）》！@拍水【手指虾|4871】》！！！=【巨鲨|7686】；//预设分级：最优化
高刺鱼,平钓【下沉诱饵鱼|2617】@0502-0800》！！！@拍水！！【拉诺西亚刺鱼|4946】=【高刺鱼|7709】；引诱；//预设分级：合格的
水晶刺鱼,平钓【黄油虫|2594】@（阴云|3、薄雾|4、微风|5）》！！！精准@拍水！【铜鱼|4948】=【水晶刺鱼|7682】；引诱；//预设分级：合格的
高声鲶鱼,平钓【蛾蛹|2586】》！！！@拍水！【蝲蛄|4925】=【高声鲶鱼|7681】；//预设分级：合格的
山神印,平钓【虾虎丸子|2589】》！！！@拍水！！【莫拉比鲽鱼|4877】=【山神印|7680】；引诱；//预设分级：合格的
希尔德拉,平钓【单环刺螠|2596】@（小雨|7）》！！！精准@拍水！【叶海龙|4897】=【希尔德拉|7710】；引诱；//预设分级：合格的
银君,平钓【弓角|2628】》！！！@拍水！！【莫拉比鲽鱼|4877、虎纹鳕|4879】=【银君|7690】；引诱；//预设分级：合格的
剑齿鳕,平钓【虾虎丸子|2589】@1602-2200》！！！@拍水！！【莫拉比鲽鱼|4877】=【剑齿鳕|7691】；引诱；//预设分级：合格的
剪刀手雅克,平钓【虾虎丸子|2589】@2102-0300》！！！精准@拍水！【石软蟹|4878】=【剪刀手雅克|7712】；引诱；//预设分级：合格的
仙后鲈,平钓【复合亮片|2626】@（阴云|3、薄雾|4、微风|5）》！！！@拍水！！【仙女鲈|4943】=【仙后鲈|7697】；引诱；//预设分级：合格的
陨石幸存者,平钓【沟鼠尾巴|2591】@0302-0500（阴云|3、薄雾|4、微风|5）》！！！@拍水！【钢盔鲎|4880】=【陨石幸存者|7903】；引诱；//预设分级：合格的
鱼大叔,平钓【花蝇|2597】@1702-1830》！！！@拍水！【绿灯球藻|5544】=【鱼大叔|7902】；//预设分级：合格的
比阿纳可大帝,平钓【小虾肉笼|2613】@2002-2300》！！！@拍水！！【比阿纳可鲷鱼|4891】=【比阿纳可大帝|7909】；引诱；//预设分级：合格的
金枪鲨,耐心【单环刺螠|2596】@1902-2100（碧空|1、晴朗|2）》！》！！！=【金枪鲨|7915】；引诱、不撒饵；//预设分级：合格的
轰击泡,平钓【鲱鱼丸子|2598】@0902-1500（碧空|1）》~7.3+13！！！@拍水！！【气泡鱼|4902】=【轰击泡|7924】；引诱；//预设分级：合格的
海中老人,耐心【潮虫|2587】@（碧空|1）》！！》！！》18~！！！=【海中老人|8753】；//预设分级：合格的
浓盐鲀,平钓【蜜虫|2599】@1702-2000》12+22~！@拍水~9+16.5！【斑点鲀|4983】=【浓盐鲀|7925】；引诱；//预设分级：合格的
沉溺射手,平钓【毛球拟饵|2618】@（碧空|1、晴朗|2）》！！！@拍水！！【永恒鲤|5001】=【沉溺射手|7938】；引诱；//预设分级：合格的
丽舞蟹,平钓【蜜虫|2599】@（薄雾|4）》！！！@拍水！！【巨鲈|4981、盘丽鱼|4987】=【丽舞蟹|7939】；引诱；//预设分级：合格的
银镜鱼,耐心【摇蚊|2592】@0902-1600（碧空|1、晴朗|2）》！》！！！精准=【银镜鱼|7940】；//预设分级：最优化
皇金鱼,耐心【蜜虫|2599】》！》！》！！=3【丛林鲶鱼|5031】；@鱼识=》耐心【蜜虫|2599】》！》！！！=【皇金鱼|8752】；//预设分级：合格的
小珀琉喀斯,耐心【沙蚕|2585】@（小雨|7、暴雨|8）》！》！！》！！=【小珀琉喀斯|20143】；//预设分级：合格的
鳞脚螺,平钓【极地磷虾|2606】@1902-0300》！！！精准@拍水！【罗敏萨鳀鱼|4870】=【鳞脚螺|7687】；引诱；//预设分级：合格的
拾荒鮟鱇,耐心【沙蚕|2585】@1602-0200》！》！！+！！！》！！！=【拾荒鮟鱇|7684】；//预设分级：合格的
海神剑,平钓【弓角|2628】@0902-1400（碧空|1、晴朗|2）》！！！@拍水！！【海港鲱|4874】=【海神剑|7693】；引诱；//预设分级：合格的
孤独杀手,平钓【重铁板钩|2619】@（强风|6）》！！！@拍水！！【薰衣草印鱼|4901】=【孤独杀手|7926】；//预设分级：合格的
翻舵手,耐心【潮虫|2587】@0902-1500（阴云|3、薄雾|4、微风|5）》！【海云水母|4872】》！！！=【翻舵手|7941】；//预设分级：合格的
皱鳃鲨,耐心【沙蚕|2585】@1702-0300（阴云|3、薄雾|4、微风|5）》！》！！》！！！》！！！=【皱鳃鲨|7950】；//预设分级：合格的
船长圣杯,大鱼【铁板钩|2616】@2332-0105》！》！！！=【船长圣杯|7948】；//预设分级：合格的
空棘鱼,耐心【单环刺螠|2596】@2202-0300（阴云|3、薄雾|4、微风|5）》！+！！！》！！！=【空棘鱼|8755】；//预设分级：合格的
海巫婆,耐心【沙蚕|2585】@1902-0200（碧空|1、晴朗|2）》！》！！》！！！=【海巫婆|8757】；//预设分级：合格的
特拉玛豹鱼,耐心【旋转亮片|2620】@1702-1930（阴云|3、薄雾|4）》~10+19！》！！！=【特拉玛豹鱼|7905】；//预设分级：合格的
圣鳟贞德,平钓【乌鸦拟饵|2614】@0402-0600》！！！@拍水！！【暖水鳟|4955】=【圣鳟贞德|7904】；//预设分级：合格的
尼姆蠕虫,平钓【黄油虫|2594】@0902-2200》！！！@拍水！！【翡翠鳗|4953】=【尼姆蠕虫|7916】；引诱；//预设分级：合格的
温泉王,平钓【复合亮片|2626】@1602-1845》！！！@拍水！！【骨舌鱼|4973】=【温泉王|7927】；//预设分级：合格的
吞雷鱼,平钓【蛀虫|2601】@1932-0245（小雨|7）》！！！@拍水！！【雷纹鱼|4991】=【吞雷鱼|7937】；引诱；//预设分级：合格的
抽须王,大鱼【单环刺螠|2596】@0402-0600（碧空|1、晴朗|2）》！》！！！=【抽须王|7917】；引诱；//预设分级：合格的
招雨王,平钓【蛀虫|2601】@1702-0200（小雪|15、小雨|7）》！！！@拍水~7.5+14！！【求雨鱼|4905】=【招雨王|7713】；引诱；//预设分级：合格的
酿血鱼,平钓【蝲蛄丸子|2588】》！！！@拍水！！【白妙鲤|4936】=【酿血鱼|7696】；引诱；//预设分级：合格的
圣母鲤,平钓【血蚯蚓|2590】@1502-2100》！！！@拍水！！【白妙鲤|4936】=【圣母鲤|7708】；引诱；//预设分级：合格的
倔强鲫鱼,平钓【乌鸦拟饵|2614】@0902-1400（阴云|3、薄雾|4）》！！！精准@拍水！【沟鲫鱼|4947】=【倔强鲫鱼|7701】；引诱；//预设分级：合格的
外科医生,耐心【蛾蛹|2586】》！》！！！=【外科医生|7705】；//预设分级：合格的
人面鲤,平钓【黄油虫|2594】@2102-0300（小雨|7）》！！！@拍水！！【三色鲤|4951】=【人面鲤|7700】；引诱；//预设分级：合格的
雷神光,平钓【花蝇|2597】@1802-2300》！！！精准@拍水！【硬毛蟹|4974】=【雷神光|7920】；引诱；//预设分级：合格的
绿小丑,平钓【蜜虫|2599】@1802-2100》！！！@拍水！！【樱鳟|4976】=【绿小丑|7934】；引诱；//预设分级：合格的
血浴,耐心【蜜虫|2599】@（打雷|9）》！》！！！=【血浴|7935】；//预设分级：合格的
暗兵鳢,耐心【蛾蛹|2586】@2102-0300》！》！！！=【暗兵鳢|7694】；//预设分级：合格的
莫尔巴,耐心【摇蚊|2592】@1802-0200》！》！！！=【莫尔巴|7683】；//预设分级：合格的
终结者,平钓【黄油虫|2594】@2102-2300》！！！@拍水！！【三色鲤|4951】=【终结者|7907】；引诱；//预设分级：合格的
妖祸鱼,耐心【黄油虫|2594】@（小雨|7）》！》！！！=【妖祸鱼|7912】；//预设分级：合格的
魔幻蘑菇蟹,耐心【旋转亮片|2620】@（阴云|3、薄雾|4）》~10+19！》！！！=【魔幻蘑菇蟹|8773】；//预设分级：合格的
大蛇鳗,平钓【黄油虫|2594】@1802-1900》！！！@拍水20~！！【黑鳗|4958】=【大蛇鳗|7908】；引诱；//预设分级：合格的
浮游石,平钓【鲈鱼丸子|2595】@0002-0800（阴云|3、薄雾|4）》！！！@拍水！！【黑鳗|4958】=【浮游石|7913】；//预设分级：合格的
露齿鲤,平钓【花蝇|2597】》！！！@拍水！！【仙女鲈|4943、虹鳟鱼|4940】=【露齿鲤|7914】；引诱；//预设分级：合格的
沉川鲑,平钓【下沉诱饵鱼|2617】@2132-0300（碧空|1、晴朗|2）》！！！@拍水！！【威罗迪纳鲤鱼|4982、宇格拉姆鲑鱼|4967】=【沉川鲑|7921】；引诱；//预设分级：合格的
刺鱼教父,耐心【蜜虫|2599】@（雷雨|10、打雷|9）》！【银鱼|4978】》！！！=【刺鱼教父|7922】；//预设分级：合格的
雷皇子,平钓【石蚕|2607】@（雷雨|10）》！！！@拍水！！【雷神鱼|5023】=【雷皇子|7936】；引诱；//预设分级：合格的
大泷太郎,平钓【火萤|2603】@（雷雨|10、打雷|9）》！！！@拍水~12+22！！【争斗琵琶鱼|5008】=【大泷太郎|8774】；引诱；//预设分级：合格的
蓝寡妇,平钓【漂浮诱饵鱼|2611】@0902-1400》！！！@拍水！！【蓝铃鲑|4949】=【蓝寡妇|7699】；引诱；//预设分级：合格的
审判鳐,平钓【雉鸡拟饵|2623】@1702-2100》！！！@拍水！！【虹鳟鱼|4940】=【审判鳐|7695】；//预设分级：合格的
影纹狗鱼,平钓【漂浮诱饵蛙|2624】@0432-1000（薄雾|4）》！！！@拍水~11.6+21.6！！【南方狗鱼|4996】=【影纹狗鱼|7947】；引诱；//预设分级：合格的
科内利亚,平钓【火萤|2603】》~22.5！！@拍水【骨舌鱼|4973】=不撒饵、引诱；@鱼识=》平钓【彩虹勺形鱼饵|2625】》！！！@拍水~13+24.5！！【骨舌鱼|4973】=【科内利亚|8760】；引诱；//预设分级：合格的
芳香蝾螈,耐心【摇蚊|2592】@2302-0400（薄雾|4）》！@拍水【暗塘鳢|4945】》！！！=【芳香蝾螈|7923】；//预设分级：合格的
铜镜,平钓【黄油虫|2594】@（碧空|1、晴朗|2）》！！！@拍水！【铜鱼|4948】=【铜镜|7714】；//预设分级：合格的
泥巨蟹兵,平钓【黄油虫|2594】@2102-0300》！！！@拍水！！【仙女鲈|4943】=【泥巨蟹兵|7706】；引诱；//预设分级：合格的
铆钉牡蛎,平钓【重铁板钩|2619】》！！！@拍水~12.5+23！！【虎纹鳕|4879】=【铆钉牡蛎|7711】；引诱；//预设分级：合格的
断指龙虾,平钓【极地磷虾|2606】@1732-1800》！！！@拍水！！【海岩龙虾|4911】=【断指龙虾|7906】；引诱；//预设分级：合格的
肮脏鲱,平钓【极地磷虾|2606】@2002-2200》！！！@拍水！！【海岩龙虾|4911】=【肮脏鲱|7910】；引诱；//预设分级：合格的
海盗猎人,耐心【沙蚕|2585】》！》~18.5！！@鱼识=》耐心【沙蚕|2585】》！》！！+！！！》！！！=【海盗猎人|8764】；//预设分级：合格的
恩登德奇,耐心【蜜虫|2599】@1802-0500（薄雾|4）》！》！！+！！！》！！+！！！=【恩登德奇|8765】；//预设分级：合格的
吸血鞭,耐心【蜜虫|2599】@（碧空|1、晴朗|2、阴云|3、薄雾|4）》！》！！！=【吸血鞭|8766】；//预设分级：合格的
梦幻虾虎,平钓【蝲蛄丸子|2588】@1702-0300》！！！@拍水！【骨蝲蛄|4929】=【梦幻虾虎|7692】；//预设分级：合格的
滑溜帝王,平钓【蝲蛄丸子|2588】@1902-2400》！！！@拍水！【幽暗虾虎|4931】=【滑溜帝王|7698】；//预设分级：合格的
垂暮蝲蛄,平钓【血蚯蚓|2590】@1702-2100》！！！精准@拍水！【骨蝲蛄|4929、黄铜泥鳅|4935】=【垂暮蝲蛄|7703】；引诱；//预设分级：合格的
暗骑士,平钓【乌鸦拟饵|2614】@（扬沙|11、阴云|3、薄雾|4）》！！！@拍水！！【暗鲈|4959】=【暗骑士|7689】；引诱；//预设分级：合格的
净髓蜗牛,平钓【花蝇|2597】@2002-0300（小雨|7、暴雨|8）》！！！@拍水！！【仙女鲈|4943】=【净髓蜗牛|7704】；引诱；//预设分级：合格的
朝圣泥鱼,平钓【摇蚊|2592】@1702-0700（小雨|7、暴雨|8）》！！！@拍水！！【仙女鲈|4943】=【朝圣泥鱼|7702】；引诱；//预设分级：合格的
太阳神杖,平钓【蜜虫|2599】@1732-2000（碧空|1）》！！！@拍水~13+24！！【纳尔札尔鳗鱼|4985】=【太阳神杖|7918】；引诱；//预设分级：合格的
千年殇,平钓【蛀虫|2601】@（薄雾|4）》！！！@拍水！！【王家琵琶鱼|4990、盘丽鱼|4987】=【千年殇|7942】；引诱；//预设分级：合格的
虚空之眼,耐心【黄油虫|2594】@（薄雾|4）》！》！！！=【虚空之眼|7911】；//预设分级：合格的
铁饼,平钓【火萤|2603】@1202-1800（热浪|14）》！！！@拍水~10.5+20！！【帕戈尔赞盘丽鱼|5007】=【铁饼|7928】；引诱；//预设分级：合格的
铁索,平钓【旋转亮片|2620】@（薄雾|4）》！！！@拍水~12+21.5！！【暖水鳟|4955】=【铁索|7929】；引诱；//预设分级：合格的
魔毯,耐心【沙蛭|2600】@0802-2000（热浪|14）》~7.5+15！！》！！！=【魔毯|7931】；//预设分级：合格的
沙海肠虫,耐心【沙蛭|2600】@（热浪|14）》~7.5+15！！》！！！=【沙海肠虫|7930】；//预设分级：合格的
汉尼拔,耐心【复合亮片|2626】@2202-0400（薄雾|4）》~10+19！》！！！=【汉尼拔|7943】；//预设分级：合格的
乌兹刀背鱼·天极,耐心【蜜虫|2599】@0102-0320（薄雾|4）》~7.7+15.3！》！！！=【乌兹刀背鱼·天极|8767】；//预设分级：合格的
枪鼻头,平钓【石蚕|2607】@2102-2400（阴云|3、薄雾|4）》！！！精准@拍水！【铜鱼|4948、金鱼|5011、银鱼|4978】=【枪鼻头|7919】；引诱；//预设分级：合格的
圣人标,平钓【雉鸡拟饵|2623】@（暴雪|16）》！！！@拍水~20！！【绯红鳟|4986】=【圣人标|7932】；//预设分级：合格的
冥河灯,平钓【火萤|2603】@2202-0400》！！！@拍水9+17~！【绿灯球藻|5544】=【冥河灯|7933】；//预设分级：合格的
星光鳟鱼,耐心【石蝇幼虫|12704】@2002-0400（碧空|1、晴朗|2）》！》！！！=【星光鳟鱼|7945】；//预设分级：合格的
黎明少女,平钓【雉鸡拟饵|2623】@0502-0700》！！！@拍水！！【樱鳟|4976、绯红鳟|4986】=【黎明少女|7944】；引诱；//预设分级：合格的
一家之母,耐心【残暴水蛭|12711】》！》！！！=【一家之母|7946】；//预设分级：合格的
暗星,平钓【陆行鸟拟饵|2610】@1902-0400（小雪|15、暴雪|16）》！双重=5【绿灯球藻|5544】；多提；@鱼识=》耐心【残暴水蛭|12711】@1902-0400（小雪|15、暴雪|16）》！》！！！=【暗星|8769】；//预设分级：合格的
蓝尸,平钓【石蚕|2607】@（碧空|1、晴朗|2）》！！！精准@拍水~12+21！！【山岳神杜父鱼|5013】=【蓝尸|8770】；引诱；//预设分级：合格的
奇虾,耐心【浮游虫|2605】@1002-1500（碧空|1、晴朗|2）》~7.5+14！！》！！！=【奇虾|7949】；//预设分级：合格的
马哈尔,耐心【浮游虫|2605】@（暴雪|16）》~7.5+14！！》！！！=【马哈尔|8771】；//预设分级：合格的
以太虱,平钓【火萤|2603】@0302-1300（妖雾|17）》~13+25！！！@拍水！！【北洲鲈|5006】=【以太虱|7951】；引诱；//预设分级：合格的
炼狱火角,平钓【火萤|2603】@（碧空|1、晴朗|2）》！！！精准@拍水！【火狱蜗牛|4989】=【炼狱火角|8758】；引诱；//预设分级：合格的
血红龙,耐心【蜜虫|2599】@0432-1130（薄雾|4）》~7.6+15.2！》！！！=【血红龙|8776】；//预设分级：合格的
虚无鲈,平钓【火萤|2603】@（妖雾|17）》！！！@拍水！！【北洲鲈|5006】=【虚无鲈|8759】；引诱；//预设分级：合格的
忍斗鱼,耐心【摇蚊|2592】@1802-0900（妖雾|17）》~9.5+17.5！》！！》！！+！！！=【忍斗鱼|8761】；//预设分级：合格的
加诺,耐心【蜜虫|2599】@0802-1800（妖雾|17）》~8+15.5！》！》！！！=【加诺|8762】；重随；//预设分级：合格的
3.0,44//预设分级：非预设
沙里贝涅,耐心【土蜘蛛|12705】@0002-0300（暴雪|16）》！双提@拍水！【阿巴拉提亚公鱼|4937】《【冰战神|12715】=5【冰战神|12715】；@鱼识=》耐心【土蜘蛛|12705】@0002-0300（暴雪|16）》！@拍水！【阿巴拉提亚公鱼|4937】【冰战神|12715】》！！！精准=【沙里贝涅|17592】；//预设分级：合格的
云海蝴蝶螺,平钓【金属亮片|28634】》！@拍水！【蛉蝎|12810】=3【夕月天女|12753】；不撒饵；@阶段=》平钓【金属亮片|28634】@0502-0700（碧空|1）》！@拍水！【夕月天女|12753】=【云海蝴蝶螺|17591】；@鱼识=》平钓【巨型大蚊|12712】@0502-0700（碧空|1）》！！！精准@拍水！【蛉蝎|12810】=【云海蝴蝶螺|17591】；引诱；《=//预设分级：合格的
欧巴宾海蝎,平钓【恶魔蠕虫|12710】@（打雷|9）》！！双提@拍水！《【白金鱼|12776】=3【欧洛浦肯|13727】；多提、引诱、不撒饵；@鱼识=》耐心【天钢之球|30136】@（打雷|9）》！》！！！精准=【欧巴宾海蝎|17589】；//预设分级：合格的
莫名熔岩鱼,耐心【金属亮片|28634】》！双提《【花岗蟹|12754】=5【花岗蟹|12754】；不撒饵；@阶段=》平钓【熔岩蠕虫|12709】@1002-1500（碧空|1、晴朗|2）》~23！！@拍水！《【花岗蟹|12754】=3【化石骨舌鱼|12800】；引诱；@鱼识=》耐心【金属亮片|28634】@1002-1500（碧空|1、晴朗|2）》！》！！！=【莫名熔岩鱼|17588】；《=//预设分级：合格的
铠鱼,耐心【土蜘蛛|12705】@0102-0400（碧空|1）》！双提@拍水！！【知识神杜父鱼|12747】《【蝼蛄|12757】=5【蝼蛄|12757】；引诱、不撒饵；@鱼识=》耐心【土蜘蛛|12705】@0102-0400（碧空|1）》！@拍水！！【知识神杜父鱼|12747】》！！！精准=【铠鱼|17590】；引诱、不撒饵；//预设分级：合格的
兰代勒翼龙,耐心【金属亮片|28634】@0502-0800（强风|6）》！》~14.5！！双提《【高天鱼|12805】=5【高天鱼|12805】；@鱼识=》耐心【金属亮片|28634】@0502-0800（强风|6）》！》（！！！）~14.5！！》10+18~！！！=【兰代勒翼龙|17593】；//预设分级：合格的
鼓钱袋,平钓【残暴水蛭|12711】》！！！@拍水！【山地鲀|12762、山峰蟹|12718】=【鼓钱袋|15626】；//预设分级：合格的
吞冰水母,耐心【巨型大蚊|12712】@（暴雪|16）》！》！+！！！【冰川核|12724】》！+！！！=【吞冰水母|16745】；//预设分级：合格的
核爆鱼,耐心【土蜘蛛|12705】@1002-1800（暴雪|16）》！【冰战神|12715】》！！！=【核爆鱼|16746】；//预设分级：合格的
大祭司鱼,平钓【残暴水蛭|12711】@1002-1400（碧空|1）》！！！@拍水！！【祭司鱼|14216】=【大祭司鱼|17577】；引诱；//预设分级：合格的
雪人杀手,平钓【残暴水蛭|12711】》！！！精准@拍水10+20~！【温泉胆|12823】=【雪人杀手|15627】；钓组、引诱；//预设分级：合格的
尼摩船长,平钓【残暴水蛭|12711】@（暴雪|16）》！！！@拍水！！！【妖祸克拉肯|14219】=【尼摩船长|17578】；引诱；//预设分级：合格的
拉·雷亚尔,平钓【残暴水蛭|12711】》10+20~！！！@拍水！！【利齿蛤蜊|12719】=【拉·雷亚尔|15628】；引诱；//预设分级：最优化
冰之巫女,耐心【石蚕|2607】@（暴雪|16）》！》！！！=【冰之巫女|16756】；//预设分级：有效的
水墨鱼,平钓【残暴水蛭|12711】@1402-1600》！！！@拍水！！【凸眼金鱼|12739】=【水墨鱼|15635】；引诱；//预设分级：最优化
猴面雀杀手,耐心【叶片钓钩|12707】@0802-1200》！》！！！=【猴面雀杀手|17579】；引诱；//预设分级：合格的
卷层云魟,平钓【巨型大蚊|12712】@1002-1300（晴朗|2、碧空|1）》！！！@拍水！！【棉云魟|14213】=【卷层云魟|16750】；引诱；//预设分级：有效的
卷风鲨,平钓【巨型大蚊|12712】@（微风|5）》！！！@拍水！！【飞翼鲂|12822】=【卷风鲨|15636】；引诱；//预设分级：有效的
姥鲨,耐心【红气球虫|12708】@（碧空|1）》！【夕月天女|12753】》！！！=【姥鲨|16743】；//预设分级：合格的
进化型亚拉戈高位钢盔鲎,耐心【恶魔蠕虫|12710】》！》！！！=【进化型亚拉戈高位钢盔鲎|15637】；引诱；//预设分级：合格的
魔科学物质666,耐心【天钢之球|30136】》！》！！！精准=【魔科学物质666|16752】；引诱；//预设分级：合格的
赛缇,平钓【恶魔蠕虫|12710】@1702-2200（打雷|9）》！！！精准@拍水！【白金鱼|12776】=【赛缇|17580】；引诱；//预设分级：合格的
无光层巨骨舌鱼,耐心【土蜘蛛|12705】@2102-0200（阴云|3）》！》！！！=【无光层巨骨舌鱼|15638】；//预设分级：合格的
百目螈,耐心【土蜘蛛|12705】@0602-1000》！》！！！精准=【百目螈|16753】；//预设分级：有效的
水晶飞鸽,耐心【红气球虫|12708】@（打雷|9）》！》~14.5！！》！！！=【水晶飞鸽|17581】；引诱、不撒饵；//预设分级：合格的
亚拉戈剑鲨,耐心【天钢之球|30136】@（打雷|9）》！》！！！=【亚拉戈剑鲨|16744】；//预设分级：合格的
龙鳞撕裂者,平钓【残暴水蛭|12711】@（扬沙|11、阴云|3、薄雾|4）》！！！@拍水！！【暗影须|12769】=【龙鳞撕裂者|15629】；引诱；//预设分级：合格的
叉舌鱼,平钓【残暴水蛭|12711】@1202-1600（碧空|1）》！！！@拍水！！【三唇鲤|12729】=【叉舌鱼|16747】；引诱；//预设分级：有效的
噩梦之种,平钓【残暴水蛭|12711】@2202-0200（扬沙|11、阴云|3、薄雾|4）》！！！@拍水！！【多鳍鱼|12767】=【噩梦之种|15630】；引诱；//预设分级：有效的
雷鳞蝾螈,耐心【石蝇幼虫|12704】@0602-0800（打雷|9）》！》！！！=【雷鳞蝾螈|17582】；//预设分级：合格的
巨陨龟,大鱼【金属亮片|28634】》！》！！！=【巨陨龟|15631】；引诱；//预设分级：合格的
圣龙泪,平钓【熔岩蠕虫|12709】@0202-0600》！！！@拍水！【花岗蟹|12754】=【圣龙泪|16751】；//预设分级：有效的
里德尔,耐心【熔岩蠕虫|12709】@0802-1600（碧空|1）》！》！！！=【里德尔|17583】；//预设分级：有效的
熔岩帝王,耐心【金属亮片|28634】@0802-1600（晴朗|2、碧空|1）》！》！！！=【熔岩帝王|17584】；//预设分级：有效的
水瓶王,大鱼【叶片钓钩|12707】》~9+17.5！！》20~！！！=【水瓶王|15632】；引诱；//预设分级：合格的
蝴蝶夫人,耐心【土蜘蛛|12705】@2102-0200（碧空|1）》~6.5+11.5！【蝼蛄|12757】》！！！=【蝴蝶夫人|16748】；//预设分级：有效的
能言者,耐心【土蜘蛛|12705】@（暴雨|8）》！》！！！=【能言者|17585】；//预设分级：有效的
万事通鲈,耐心【哥布林钓钩|12706】@0202-0600（暴雨|8）》~8.8+16.3！！【香鱼|12780】》！！+！！！=【万事通鲈|16754】；套娃；//预设分级：有效的
维德弗尼尔,平钓【残暴水蛭|12711】@0802-1000》！！！@拍水！！【白丽鱼|12768】=【维德弗尼尔|15633】；引诱；//预设分级：最优化
莫古尔古球球,平钓【残暴水蛭|12711】@1002-1300》！！！@拍水！【莫古球球|12758】=【莫古尔古球球|16749】；//预设分级：有效的
千鳍,平钓【残暴水蛭|12711】@（强风|6）》！！！@拍水！！【百鳍|12782】=【千鳍|17586】；引诱；//预设分级：合格的
拉塔托斯克之魂,平钓【巨型大蚊|12712】@0402-0600（碧空|1、晴朗|2）》！！！精准@拍水！【龙魂|12797】=【拉塔托斯克之魂|15634】；引诱；//预设分级：有效的
双型齿翼龙,耐心【巨型大蚊|12712】@（强风|6）》！！》19~！！！=【双型齿翼龙|16742】；//预设分级：合格的
风暴血骑士,平钓【巨型大蚊|12712】@（强风|6）》~8+13！！！@拍水！！！【风暴骑士|12835】=【风暴血骑士|17587】；重随；//预设分级：有效的
4.0,47//预设分级：非预设
异刺鲨,大鱼【嗡嗡石蝇|20675】@1602-2000》！！！@拍水！！【头铁鳟|20049】=1【硬头鳟|24207】；引诱、大尺寸；@阶段=》大鱼【嗡嗡石蝇|20675】@1602-2000》！！！@拍水！！【头铁鳟|20049】》！！！=【异刺鲨|24990】；引诱；《=//预设分级：合格的
镰甲鱼,平钓【悬浮诱饵鱼|20619】@（扬沙|11）》！！！@拍水！【？怨妇虾|23060】=引诱、不撒饵；@鱼识=》平钓【悬浮诱饵鱼|20619】@（扬沙|11）》！！！@拍水【怨妇虾|23060】=【镰甲鱼|24991】；引诱、不撒饵；//预设分级：合格的
胸脊鲨,大鱼【蚕蛹|20616】@1202-1800（雷雨|10）》~22！！》23~！！！双重=重随、收藏品、不收集、多提；@鱼识=》耐心【蚕蛹|20616】@1602-1800》~22！！强力》！！！=【胸脊鲨|24992】；不撒饵、重随；//关掉其他插件自动确认收藏的功能，需要卡收藏品、大尺寸窗口手动在胸脊鲨窗口期到来时取消收藏//预设分级：合格的
红龙,平钓【蓝矶沙蚕|20676】@0002-0800（阴云|3）》！！！@拍水！！【黑斑花蛇鳗|20037】《【苦尔鳗|24214】=1【苦尔鳗|24214】；不撒饵、引诱；@阶段=》耐心【蓝矶沙蚕|20676】@0402-0800（阴云|3）》！！！@拍水！！【黑斑花蛇鳗|20037】》！！！=【红龙|24993】；引诱、不撒饵、套娃；《=//预设分级：合格的
七彩天主,完整的半自动流程大约需要一个多小时：先使用预设【七彩天主计数】来帮助计数，然后使用【七彩天主起手】来开始，人工监控是否钓满蓝彩鱼或橙彩鱼其中一种，例如：钓了 3 条橙彩鱼，就接着使用预设【鱼眼蓝彩鱼】，否则，使用【鱼眼橙彩鱼】。当警惕时，你应该到远离原位置几米远的地方再启动相同的预设。\\r\\n当钓满 3 条蓝彩鱼与 3 条橙彩鱼时，请打开相关钓鱼时钟网站的鱼眼模式查看绿彩鱼的窗口期，在其窗口期内使用【七彩天主最终】来收尾，祝你好运！//预设分级：非预设
众神之爱,平钓【嗡嗡石蝇|20675】@0532-0630》~6.6+11.3！！！@拍水~11.5+22！！【月神恩惠|20080】=【众神之爱|24995】；重随；//预设分级：最优化
吞钩苦鱼,耐心【赤虫|20615】》！！》！！！精准=【吞钩苦鱼|23057】；引诱；//预设分级：合格的
拉尔戈鲶鱼,耐心【赤虫|20615】@（打雷|9）》！！》！！！=【拉尔戈鲶鱼|24205】；//预设分级：有效的
红尾僵尸鱼,耐心【金属亮片|28634】@0802-1200（阴云|3、薄雾|4）》！@拍水【唾血龙虾|20057】》！！！=【红尾僵尸鱼|24206】；//预设分级：有效的
硬头鳟,平钓【嗡嗡石蝇|20675】@1602-2000》！！！@拍水！！【头铁鳟|20049】=【硬头鳟|24207】；引诱；//预设分级：合格的
蓝宝石扇鳉,平钓【嗡嗡石蝇|20675】@（打雷|9）》！！！精准@拍水！【洞穴鳉|20081、落叶鱼|20083】=【蓝宝石扇鳉|23058】；引诱；//预设分级：合格的
教皇鱼,平钓【悬浮诱饵鱼|20619】@1202-1600》！！+！！！@拍水！+！！【溶骨蜗牛|20082、涅槃蟹|20086】=【教皇鱼|23059】；1【涅槃蟹|20086】；引诱；@阶段=》平钓【悬浮诱饵鱼|20619】@1202-1600》！！！@拍水！！【涅槃蟹|20086】=【教皇鱼|23059】；引诱；《=//预设分级：合格的
下游鱼,平钓【嗡嗡石蝇|20675】》！！！@拍水！！【谷爬鱼|20033】=【下游鱼|24208】；引诱；//预设分级：有效的
骸鲢鱼,平钓【悬浮诱饵鱼|20619】@2002-2400（碧空|1）》！！！@拍水！！【高地刺鱼|20090、拉尔戈落雷|20089】=【骸鲢鱼|24209】；引诱；//预设分级：合格的
怨妇虾,平钓【悬浮诱饵鱼|20619】@（扬沙|11）》！！！@拍水！【？怨妇虾|23060】=【怨妇虾|23060】；引诱、不撒饵；//预设分级：有效的
不定鱼,耐心【赤虫|20615】@0802-1200》！！》！！！=【不定鱼|23061】；引诱；//预设分级：合格的
最后一滴泪,平钓【鲑鱼籽|20613】》！！！@拍水！！【精金多鳍鱼|20072】=【最后一滴泪|24210】；引诱；//预设分级：有效的
解脱鱼,平钓【悬浮诱饵鱼|20619】@（碧空|1）》！！！@拍水！！【石楠嘉鱼|20050】=【解脱鱼|24212】；//预设分级：有效的
黑蒙鱼,平钓【悬浮诱饵鱼|20619】@1602-2000（阴云|3）》！！！@拍水！！【猛牛口食|20076、窥视鱼|20077】=【黑蒙鱼|24211】；引诱；//预设分级：合格的
阿拉米格面纱鱼,平钓【悬浮诱饵鱼|20619】》10.5+20~！！！精准@拍水！【阿拉米格缎带鱼|20019】=【阿拉米格面纱鱼|24881】；引诱；//预设分级：有效的
钻石眼,耐心【蚕蛹|20616】@（碧空|1）》！！强力》！！！=【钻石眼|23062】；//预设分级：有效的
苦尔鳗,平钓【蓝矶沙蚕|20676】@0002-0800（阴云|3）》！！！@拍水！！【黑斑花蛇鳗|20037】=【苦尔鳗|24214】；不撒饵、引诱、大尺寸；//预设分级：有效的
菜食王,耐心【活虾|20617】@2002-2400（打雷|9）》！》！！！=【菜食王|24882】；//预设分级：有效的
七星,平钓【蓝矶沙蚕|20676】@1002-1800（晴朗|2）》！！！@拍水！！【琉璃金枪鱼|20110】=【七星|24883】；引诱；//预设分级：合格的
春不知,平钓【蓝矶沙蚕|20676】@1602-2000》！！！@拍水！！【迎春鱼|20048】=【春不知|23065】；引诱；//预设分级：有效的
大海蛇,耐心【活虾|20617】@（微风|5）》！》！！！=【大海蛇|24215】；//预设分级：有效的
万刺鲀,平钓【活虾|20617】@1602-2400（打雷|9）》！！！@拍水~19！!【白姑鱼|20032】=【万刺鲀|24884】；//预设分级：有效的
速疾鬼鳄,耐心【活虾|20617】@（打雷|9）》！》！！！=【速疾鬼鳄|23066】；//预设分级：有效的
石榴海,平钓【肥蚯蚓|20614】@（小雨|7）》！！！@拍水！！【多玛鳟|20123】=【石榴海|24885】；引诱；//预设分级：有效的
鬼视,平钓【悬浮诱饵鱼|20619】@（碧空|1）》！！！@拍水！！【河红眼鲈|20046】=【鬼视|24886】；引诱；//预设分级：有效的
仙寿翁,平钓【嗡嗡石蝇|20675】@2002-2400（碧空|1）》！！！@拍水！！【野鲤|20137】=【仙寿翁|24887】；//预设分级：有效的
车轴鱼,平钓【嗡嗡石蝇|20675】@0002-0800（晴朗|2）》！！！@拍水！！【东洲巨骨舌鱼|20119、长须鲶鱼|20120】=【车轴鱼|24889】；引诱；//预设分级：有效的
羽衣美人,平钓【嗡嗡石蝇|20675】》！！！@拍水！！【长须鲶鱼|20120】=【羽衣美人|24216】；引诱；//预设分级：有效的
天女鲤,平钓【嗡嗡石蝇|20675】@（薄雾|4）》！！！@拍水！！【东洲巨骨舌鱼|20119】=【天女鲤|23068】；引诱；//预设分级：有效的
一束彩虹,平钓【悬浮诱饵鱼|20619】@1202-1600（薄雾|4）》！！！@拍水！！【多玛鳟|20123】=【一束彩虹|24890】；引诱；//预设分级：有效的
水天一碧,平钓【嗡嗡石蝇|20675】@1602-2400（暴雨|8）》！！！@拍水！！【王室鲑|20117】=【水天一碧|24888】；引诱；//预设分级：有效的
卜传,平钓【嗡嗡石蝇|20675】@1202-1400》！！！精准@拍水！【武士鱼|20028】=【卜传|23067】；引诱；//预设分级：合格的
菜叶跳鱼,平钓【赤虫|20615】@0802-1200（碧空|1）》！！！精准@拍水！【嘎牙子|20127、草跳鱼|20128】=【菜叶跳鱼|24892】；引诱；//预设分级：合格的
晨曦旗鱼,耐心【肥蚯蚓|20614】@0002-0800（阴云|3、薄雾|4、微风|5）》！》！！！=【晨曦旗鱼|24893】；//预设分级：有效的
刀片跳鱼,平钓【悬浮诱饵鱼|20619】@0402-0800》！！！@拍水！【枯草跳鱼|20129】=【刀片跳鱼|24218】；引诱；//预设分级：有效的
暮辉鱼,耐心【肥蚯蚓|20614】@0802-1600（阴云|3）》！》！！！=【暮辉鱼|24217】；//预设分级：有效的
神谕苦鱼,平钓【嗡嗡石蝇|20675】@2002-2400》！！！精准@拍水！【暮晖蝲蛄|20133、塔奥苦鱼|20044】=【神谕苦鱼|23069】；引诱；//预设分级：合格的
亚特可汗,平钓【嗡嗡石蝇|20675】@（微风|5）》！！！精准@拍水！【亚特虾虎|20031】=【亚特可汗|23070】；引诱；//预设分级：有效的
月神的爱宠,平钓【悬浮诱饵鱼|20619】@0402-0800（晴朗|2、碧空|1）》！！！@拍水！！【月神恩惠|20080】=【月神的爱宠|24891】；引诱；//预设分级：合格的
花海龙,耐心【金属亮片|28634】》！@拍水【鳀鱼|20092】》！！！=【花海龙|23063】；//预设分级：最优化
赌命河豚,平钓【蓝矶沙蚕|20676】》！！！@拍水！！【琉璃金枪鱼|20110】=【赌命河豚|23064】；引诱；//预设分级：合格的
公主青鳉,平钓【肥蚯蚓|20614】@0402-0600》！！！精准@拍水！【黄铜鱼|20125】=【公主青鳉|24213】；引诱；//预设分级：合格的
5.0,45//预设分级：非预设
利斯塔克鲨,平钓【虫箱|27589】@1602-2400（阴云|3、薄雾|4）》~14.6+27！！！@拍水~20+38！！【白化雀鳝|27436】《【不朽巨鱼|28925】=1【不朽巨鱼|28925】；引诱；@阶段=》大鱼【虫箱|27589】@1602-2400（薄雾|4）》~14.6+27！！！@拍水~20+38！！【白化雀鳝|27436】》！！！=【利斯塔克鲨|33239】；引诱；《=//预设分级：合格的
自走鱼偶,平钓【乌贼丝|27590】》（！！！）19.5~！@拍水！【南珂露西亚鳕鱼|27449、珂露西亚鲽鱼|27448】@专一【变形鱼|27452】=5【变形鱼|27452】；@阶段=》平钓【乌贼丝|27590】@1002-1400（强风|6）》！！！精准@拍水~20！【南珂露西亚鳕鱼|27449、珂露西亚鲽鱼|27448】@鱼识=》平钓【短嘴诱饵鱼|27588】@1002-1600》！！！@拍水！！【血色气球鱼|27447】=【自走鱼偶|33240】；引诱；《=//预设分级：有效的
惊喜蛋,平钓【沙漠蛙|27584】@2358-0200》~5.5+10！@专一【沙卵|27462】=10【沙卵|27462】；不撒饵；@鱼识=》平钓@2358-0200》~10+18！！！精准@拍水！【沙卵|27462、比朗螃蟹|27458、沙遁鱼|27459】=【惊喜蛋|33241】；重随；//预设分级：合格的
镜中蝶,平钓【虫箱|27589】@2332-0000（碧空|1）》~7.6+13！！！精准@拍水~11+20！【青蓝鳅|27479】=【镜中蝶|33242】；重随；//预设分级：合格的
隆卡的大水蛇？,耐心【盗蟹丸|27587】@1002-1200》~6.1+11.1！》！！《》！！！》！！！=【隆卡的大水蛇？|33243】；重随；//预设分级：最优化
长吻帆蜥鱼,平钓【短嘴诱饵鱼|27588】@2202-0000》！！！@拍水9.5+17.5~！！【卡利班骨头鱼|27499】@鱼识=》平钓【乌贼丝|27590】@0002-0200》！！！@拍水10+21~！！【卡利班骨头鱼|27499】=【长吻帆蜥鱼|33244】；//预设分级：合格的
三艺之星,平钓【大理石幼虫|27585】@2202-0000（碧空|1）》！！！精准@拍水！【爱人之花|27414】=【三艺之星|33316】；引诱；//预设分级：合格的
散罪鱼,平钓【水果蠕虫|27582】@2202-2400（碧空|1、晴朗|2）》！！！精准@拍水！【吐罪鱼|27415】=【散罪鱼|30432】；引诱；//预设分级：有效的
悬挂脂鲤,平钓【虫箱|27589】@1802-2200》！！！精准@拍水！【水晶都脂鲤|27410、骸骨鱼|27418】=【悬挂脂鲤|28065】；引诱；//预设分级：合格的
贵妇蝴蝶鱼,平钓【乌贼丝|27590】@1202-1900（碧空|1）》！！！@拍水！【赤色海蜘蛛|27421】=【贵妇蝴蝶鱼|28066】；//预设分级：有效的
食人鳄,平钓【虫箱|27589】@（碧空|1、晴朗|2）》！！！@拍水！！【白化鳄|27431】=【食人鳄|30433】；引诱；//预设分级：有效的
月光虹鳉,平钓【虫箱|27589】@0602-0800（晴朗|2）》！！！@拍水！【水球鱼|27426、紫角蜗牛|27427、硬糖藻|27425】=【月光虹鳉|32049】；//预设分级：有效的
重罪石软蟹,平钓【虫箱|27589】@（薄雾|4）》！！！@拍水！【硬糖藻|27425、净碟鱼|27428】=【重罪石软蟹|28067】；引诱；//预设分级：有效的
蟒斑盘丽鱼,平钓【水果蠕虫|27582】@（雷雨|10）》！！！@拍水~8+14.5！【硬糖藻|27425】=【蟒斑盘丽鱼|33317】；//预设分级：合格的
不朽巨鱼,平钓【虫箱|27589】@1602-2400（阴云|3、薄雾|4）》~14.6+27！！！@拍水~20+38！！【白化雀鳝|27436】=【不朽巨鱼|28925】；引诱；//预设分级：合格的
哲罗鲑,平钓【虫箱|27589】》！！！@拍水！！【哲罗鱼|27441】=【哲罗鲑|30434】；引诱；//预设分级：合格的
元首的军扇,平钓【大理石幼虫|27585】@（薄雾|4）》！！！@拍水！【沃茨鳟|27440】=【元首的军扇|32050】；//预设分级：有效的
白色隆索,平钓【虫箱|27589】@0002-0200》！！！@拍水！【斑纹鲶|27444】=【白色隆索|28926】；//预设分级：合格的
铜褐鳎,平钓【大理石幼虫|27585】@（小雨|7）》！！！@拍水！【食骨虾|27438】=【铜褐鳎|28068】；引诱；//预设分级：有效的
钢刀鱼,平钓【藻虾|27583】@0602-0800》~5.5+9.5！！！@拍水~8+14！【南珂露西亚鳕鱼|27449、珂露西亚鲽鱼|27448】=【钢刀鱼|33318】；重随；//预设分级：合格的
变影鱼,平钓【乌贼丝|27590】@1002-1400（强风|6）》！！！精准@拍水~20！【南珂露西亚鳕鱼|27449、珂露西亚鲽鱼|27448】=【变影鱼|33319】；//预设分级：合格的
战盾剑齿龙鳖,大鱼【短嘴诱饵鱼|27588】@2202-2400》8+16~15+29！@拍水【枯叶海龙|27455、南珂露西亚鳕鱼|27449】》！！！=【战盾剑齿龙鳖|32051】；//预设分级：有效的
冠骨鱼,耐心【力山羊肉干|27586】@0002-0600》！！》！！+！！！=【冠骨鱼|28069】；引诱、套娃；//预设分级：合格的
拿巴示锯,耐心【力山羊肉干|27586】@0602-1000（热浪|14）》！！！@拍水！！【角骨鱼|27460】【沙漠锯|27464】》！！！=【拿巴示锯|33320】；套娃、引诱；//预设分级：合格的
刺钉蜥蜴,耐心【沙漠蛙|27584】@1202-1600（碧空|1）》5.8+10~11.1+20.6！@拍水！【沙遁鱼|27459】》！！！=【刺钉蜥蜴|28927】；//预设分级：最优化
阔面鱼,平钓【大理石幼虫|27585】@0602-0759（小雨|7）》！！！@拍水！【灰跳鱼|27470】=【阔面鱼|30435】；引诱；//预设分级：有效的
狂怒斗鱼,平钓【虫箱|27589】@2002-2400（碧空|1、晴朗|2）》！！！@拍水~11+20！【青蓝鳅|27479】=【狂怒斗鱼|28070】；//预设分级：有效的
深泳的古书,平钓【大理石幼虫|27585】@1202-1600（雷雨|10）》！！！@拍水！【斑点攀鲈|27478】=【深泳的古书|32052】；//预设分级：合格的
仙子彩虹鳉,平钓【大理石幼虫|27585】@（薄雾|4）》~6.5+12！！！@拍水！【青蓝鳅|27479】=【仙子彩虹鳉|28928】；重随；//预设分级：有效的
达穆伦樱桃鲱鱼,平钓【虫箱|27589】》！！！@拍水~11+20！【青蓝鳅|27479】=【达穆伦樱桃鲱鱼|33321】；//预设分级：合格的
黄金雕金匠,平钓【虫箱|27589】@（碧空|1）》！！！精准@拍水！【灰跳鱼|27470】=【黄金雕金匠|30436】；//预设分级：合格的
顶天眼,平钓【虫箱|27589】@0702-1700（碧空|1）》！！！@拍水！【灰跳鱼|27470】=【顶天眼|33322】；//预设分级：合格的
洛克瓦卫兵,耐心【盗蟹丸|27587】@1002-1200》~6.1+11.1！》！！》！！！=【洛克瓦卫兵|28071】；//预设分级：合格的
珍珠皮皮拉鱼,耐心【虫箱|27589】@1702-2000（薄雾|4）》~9+16.5！！【钻石皮皮拉鱼|27492】》！！！+！！=【珍珠皮皮拉鱼|32053】；套娃、引诱；//预设分级：合格的
黑色喷气乱流,平钓【盗蟹丸|27587】@0202-1200（碧空|1、晴朗|2）》！！！精准@拍水~14.5！【黄色皮皮拉鱼|27486】=【黑色喷气乱流|28929】；//预设分级：合格的
书记官杀手,平钓【虫箱|27589】@1802-2400》~7.5+12！！！@拍水！【黄色皮皮拉鱼|27486】=【书记官杀手|30437】；重随；//预设分级：合格的
底暗鱼,平钓【虫箱|27589】@0202-0600（薄雾|4）》！！！精准@拍水12.5+25~！【永暗鱼|27494】=【底暗鱼|33323】；引诱；//预设分级：合格的
金色皮皮拉鱼,平钓【盗蟹丸|27587】@0602-0700》~8+13.5！！！@拍水！【黄色皮皮拉鱼|27486】=【金色皮皮拉鱼|33324】；引诱；//预设分级：合格的
鳍人叹息,平钓【乌贼丝|27590】@1202-1400（碧空|1、晴朗|2）》！！！精准@拍水！【巨型鮟鱇|27501】=【鳍人叹息|28930】；引诱；//预设分级：有效的
鳍人之敌,平钓【乌贼丝|27590】@0802-1000》！！！@拍水10+21~！！【卡利班骨头鱼|27499】=【鳍人之敌|32054】；引诱；//预设分级：有效的
奸隐鱼,平钓【短嘴诱饵鱼|27588】@2202-2400（晴朗|2）》！！！@拍水9.5+17.5~！！【卡利班骨头鱼|27499】=【奸隐鱼|33325】；//预设分级：合格的
绒毛海神虾,耐心【金属亮片|28634】@1602-2000（阴云|3）》！》！！！精准=【绒毛海神虾|33326】；引诱；//预设分级：合格的
头领薄饼章鱼,平钓【乌贼丝|27590】@0002-0300》！！！精准@拍水！【薄饼章鱼|27510】=【头领薄饼章鱼|30438】；引诱；//预设分级：合格的
猎星鱼,平钓【乌贼丝|27590】@0602-1000（阴云|3）》！！！精准@拍水！【青色海蜘蛛|27498】=【猎星鱼|28072】；引诱；//预设分级：有效的
蛋白石虾,平钓【乌贼丝|27590】@1802-2000》！！！精准@拍水！【青色海蜘蛛|27498】=【蛋白石虾|30439】；引诱；//预设分级：合格的
6.0,40//预设分级：非预设
餐叉尾,平钓【天空勺形鱼饵|36590】@1532-1630（灵风|49）》！！！精准@拍水~6+11！【岛屿跳鱼|36476】=【餐叉尾|41410】；引诱；//预设分级：合格的
优雅兔耳,平钓【奇美拉蠕虫|36595】@0802-1000（晴朗|2）》~7+13.3！！！@拍水！！+！【魇鱼|36468、紫鱼|36470】=【优雅兔耳|41411】；引诱；//预设分级：有效的
嘎儿鱼,半自动流程如下：钓场名应为「熏香海岸」，可以通过抛竿来确认，在确认后移动到同位置同钓场的几米外（更换钓点）以防警惕。\\r\\n提前在「矛齿鲸」窗口期到来前到场（如果矛齿鲸和嘎儿鱼的窗口期起始间隔在18分钟以内，可使用【嘎儿鱼短流程）），启动预设【嘎儿鱼起手】或【嘎儿鱼三提起手】。提醒完成时更换钓点，在嘎儿鱼窗口期到来前半小时左右启动【嘎儿鱼收藏最终】或【嘎儿鱼自动最终】。「收藏」和「自动」的区别：「自动」可全自动完成最终手法（有概率亏鱼识时间），「收藏」则需要你手动在嘎儿鱼窗口到来时点击收藏窗口的取消。\\r\\n如果有连续的嘎儿鱼窗口，可查看【嘎儿鱼连续窗口方案】。祝你好运！//预设分级：非预设
异形雪棘,平钓【蜉蝣|36591】@1558-0000》8+15~！！@拍水【艾布拉纳鳟|36456、冰原狗鱼|36459】@专一【青磷核|36458】双提=3【青磷核|36458】；多提；@鱼识=》平钓@1602-0000》！！！@拍水【青磷核|36458】=【异形雪棘|41409】；引诱；//预设分级：合格的
潜龙,耐心【蜉蝣|36591】》！！@拍水【鲴鱼|36398】《【以太螯虾|36412】=1【以太螯虾|36412】；套娃；@阶段=》大鱼【蜉蝣|36591】》！！@拍水【鲴鱼|36398】《【以太螯虾|36412】=1【以太螯虾|36412】；大尺寸、套娃；@阶段=》耐心@0902-1200》！！@拍水【鲴鱼|36398】》~20！！=套娃；《=《=@鱼识=》耐心【蜉蝣|36591】@0902-1200》！！@拍水【鲴鱼|36398】》（！！！）~20！！=【潜龙|41407】；套娃；//预备阶段触发鱼识然后在鱼识结束时重复启动是正常的//预设分级：有效的
星鲸,有两种半自动方案流程来钓星鲸，长流程预设建议提前两三个法拉伊那的窗口期开始，短流程预设则适合在星鲸的窗口期到来前半个多小时开始。\\r\\n以下是星鲸长流程预设说明：先在法拉伊那窗口期到来前，面对钓场湖丙β使用预设【法拉伊那|36521】，在钓到法拉伊那后，使用预设【星鲸长流程未受生魂】来钓2条未受生魂（空天姬会自动计数并提醒）。\\r\\n最后，更换垂钓位置到远离原位置几米远的地方，在星鲸窗口期到来前的第25分钟启动【星鲸长流程最终】。\\r\\n如果你甚至没有钓到法拉伊那，可以使用【星鲸短流程方案】阅读。//预设分级：非预设
电吉他鱼,平钓【青花鱼块|36593】@2002-2400》！！！@拍水！！【钴铁光鳃鱼|36388】=【电吉他鱼|36679】；引诱；//预设分级：合格的
巨剑锯盖鱼,平钓【蜉蝣|36591】@1602-2000》！！！@拍水13~！！【剑脊锯盖鱼|36394】=【巨剑锯盖鱼|37845】；//预设分级：合格的
万虑鱼,平钓【蜉蝣|36591】@0802-1400》！！！@拍水！【涌潮大丽花|36396】=【万虑鱼|38830】；//预设分级：合格的
巨身锯盖鱼,平钓【蜉蝣|36591】@1802-2200》！！！@拍水！！【宽身锯盖鱼|36402、小方砖丽鱼|36400】=【巨身锯盖鱼|36680】；引诱；//预设分级：有效的
苔绿鳃鲑,平钓【天空勺形鱼饵|36590】@（小雨|7）》！！！@拍水！！【鲴鱼|36398】=【苔绿鳃鲑|38831】；引诱；//预设分级：有效的
潜底弓鳍鱼,平钓【天空勺形鱼饵|36590】@0802-1600（阴云|3）》！！！@拍水！！【长嘴鱲|36407】=【潜底弓鳍鱼|37846】；引诱；//预设分级：合格的
黑玛瑙刀背鱼,平钓【蜉蝣|36591】@2202-0200（晴朗|2）》！！！@拍水！！【玄铁刀背鱼|36411】=【黑玛瑙刀背鱼|39879】；引诱；//预设分级：合格的
环间罗非鱼,耐心【蜉蝣|36591】@0802-1200》！！@拍水【鲴鱼|36398】》（！！！）~20！！=【环间罗非鱼|41401】；套娃；//预设分级：合格的
捂耳太阳鱼,平钓【蜉蝣|36591】@0402-0800》~13+24！！！@拍水~10.9+20！！【长耳太阳鱼|36418】=【捂耳太阳鱼|36681】；重随；//预设分级：合格的
郁金香蟹,平钓【虾肉丸子|36592】@（薄雾|4）》！！！@拍水~20！！【玫瑰蟹|36422】=【郁金香蟹|37847】；引诱；//预设分级：合格的
杜蒂娜鱼,大鱼【虾肉丸子|36592】@0002-0400（碧空|1）》~10.5+19.5！！@拍水【婚宴娟纱|36425】@专一【暗影沙丁鱼|36426】【暗影沙丁鱼|36426】》！！！=【杜蒂娜鱼|41402】；引诱、不撒饵；//预设分级：合格的
雷云隆头鱼,平钓【虾肉丸子|36592】@2002-2400》！！！@拍水~17！【萨维奈虾虎|36420】=【雷云隆头鱼|38832】；引诱；//预设分级：合格的
河马蛙,平钓【蜉蝣|36591】@（暴雨|8）》~14.5+27.5！！！@拍水！！【魔象蛙|36432、蓝鳃太阳鱼|36434】=【河马蛙|36682】；引诱；//预设分级：合格的
塔门监兵,平钓【医蛭|36589】@（阴云|3）》！！！@拍水！！【饮乳鱼|36438】=【塔门监兵|39880】；引诱；//预设分级：合格的
巨吻脂鲤,平钓【天空勺形鱼饵|36590】@0802-1600》！！！@拍水~22！！【饮乳鱼|36438】=【巨吻脂鲤|37848】；引诱；//预设分级：合格的
棕香蕉鳗鱼,平钓【蜉蝣|36591】@2202-0200（小雨|7）》~8+11！！！@拍水~13.5+25.5！！【拉札巴里克鱼|36443】=【棕香蕉鳗鱼|38833】；引诱；//预设分级：合格的
摩耶鳄,平钓【蜉蝣|36591】@0402-0800（晴朗|2）》10+18.5~！！@拍水【拉札巴里克鱼|36443】@专一【萨维奈鳄|36449】双提=5【萨维奈鳄|36449】；多提；@鱼识=》平钓@0402-0800（晴朗|2）》！！！@拍水~13+25.5！！【拉札巴里克鱼|36443】=【摩耶鳄|41403】；引诱；//预设分级：有效的
首领矛齿鲸,耐心【青花鱼块|36593】@（晴朗|2）》6.1+10.3~！《》！！！》！！！=【首领矛齿鲸|39881】；引诱、套娃、不撒饵；//预设分级：合格的
雾凇狗鱼,耐心【蜉蝣|36591】@（小雪|15）》8+15~！！@拍水【冰原狗鱼|36459】》！！！=【雾凇狗鱼|36683】；引诱、不撒饵；//预设分级：合格的
暗影帝冠,平钓【蜉蝣|36591】@0202-0800》！！！@拍水8+15~！！【蓝尾鲶|36462】=【暗影帝冠|37849】；引诱；//预设分级：合格的
仿制巨骨舌鱼,平钓【蜉蝣|36591】@0002-0200》！！！@拍水！！【复制巨骨舌鱼|36467】=【仿制巨骨舌鱼|37850】；引诱；//预设分级：合格的
荧光死亡蠕虫,耐心【奇美拉蠕虫|36595】@0202-0800（月尘|148）》！》！！！=【荧光死亡蠕虫|41404】；引诱、不撒饵；//预设分级：合格的
冰月壤龟,平钓【奇美拉蠕虫|36595】@1002-1300（灵风|49）》！！！@拍水~5.5+10！！【魇鱼|36468】=【冰月壤龟|38834】；引诱；//预设分级：合格的
噬炎者,平钓【奇美拉蠕虫|36595】@1202-2000（灵风|49）》！！！@拍水！！【吞星鱼|36488】=【噬炎者|39882】；引诱；//预设分级：合格的
佛恩·阿穆,平钓【奇美拉蠕虫|36595】@1002-1400（灵风|49）》！！！@拍水！！【吞星鱼|36488】=【佛恩·阿穆|36684】；引诱；//预设分级：合格的
宇宙雾霾,大鱼【奇美拉蠕虫|36595】@2002-0400（磁暴|149）》8.5+15~16.5+28！！@拍水【宇宙噪声|36491】》！！！=【宇宙雾霾|38835】；//预设分级：合格的
破军尾,平钓【蜉蝣|36591】@0202-0400》！！！@拍水！！【镜鱼|36499】=【破军尾|37851】；引诱；//预设分级：合格的
运行星,平钓【蜉蝣|36591】@1802-2200》！！！@拍水！！【镜鱼|36499】=【运行星|41405】；引诱；//预设分级：合格的
骇惊威,平钓【星尘|36597】@0802-1200》~15+27！！！@拍水！！【二十四足文明人|36510】=【骇惊威|36685】；引诱；//预设分级：合格的
阿耳戈雄英,平钓【星尘|36597】@0202-0400》！！！@拍水！！【三叉神海兽|36508】=【阿耳戈雄英|37852】；引诱；//预设分级：合格的
额外维度实体-852738,平钓【星尘|36597】@1202-1600（灵风|49）》！！！@拍水【不明飞行物II|36507】=【额外维度实体-852738|41406】；//预设分级：合格的
水中辉星,耐心【蜉蝣|36591】@（灵风|49）》5+7~9+17！@拍水【岛屿跳鱼|36476】》！！！=【水中辉星|37853】；引诱；//预设分级：合格的
金光皮颏鱵,平钓【天空勺形鱼饵|36590】@2002-2200》！！！精准@拍水！【岛屿跳鱼|36476】=【金光皮颏鱵|39883】；引诱；//预设分级：合格的
大丽花冠鮨,平钓【蜉蝣|36591】@0402-1000（碧空|1）》！！！精准@拍水！【岛屿跳鱼|36476】=【大丽花冠鮨|38836】；引诱；//预设分级：合格的
7.0,16//预设分级：非预设
财神蛙,平钓【红蛆|43858】@（薄雾|4）》！！！精准@拍水！【食蚊鱼|43664】=【财神蛙|44339】；//预设分级：有效的
抓月虾,平钓【白蠕虫|43854】@1202-1400》！！！精准@拍水~12！【海羊驼|43675】=【抓月虾|44340】；鱼影、不撒饵；//预设分级：有效的
锅盖蟹,平钓【红蛆|43858】@1602-2000（阴云|3、薄雾|4）》！！！@拍水！！【水没睡鱼|43690】=【锅盖蟹|44341】；引诱、不撒饵；//预设分级：有效的
星尘睡鱼,耐心【幽灵钳|43859】@2002-0000》~8+12！@拍水【乌托姆提卡|43745】》~9.5+15！+！！》！！！=【星尘睡鱼|44342】；套娃、不撒饵、重随；//预设分级：有效的
余痕丽鱼,平钓【红蛆|43858】@（碧空|1）》！！！@拍水！！【钓神基富丽鱼|43718】=【余痕丽鱼|44343】；引诱、不撒饵；//预设分级：有效的
像素鳅,平钓【红蛆|43858】@0002-0400》！！！@拍水！！【清洁方案|43778】=【像素鳅|44344】；引诱、不撒饵；//预设分级：有效的
灰达尤南丽鱼,平钓【红蛆|43858】@0402-0800（晴朗|2、碧空|1）》！！！@拍水！！【夏劳尼鲑鱼|43753】=【灰达尤南丽鱼|44345】；引诱；//预设分级：有效的
雷流鳟,平钓【红蛆|43858】@0902-1100》！！！@拍水！！【黑莓鲈|43769】=【雷流鳟|44346】；鱼影、不撒饵；//预设分级：有效的
屋底镰鳍鲳鲹,平钓【幽灵钳|43859】@0502-0700》！！！@拍水！！【镰鳍鲳鲹|43671】=【屋底镰鳍鲳鲹|47988】；引诱；//预设分级：有效的
麻瘩玛塔蛇颈龟,大鱼【红蛆|43858】@1202-1400（碧空|1）》！@拍水【克扎玛乌跳鱼|43689】》！！！=【麻瘩玛塔蛇颈龟|47989】；引诱；//预设分级：有效的
长河牙签鱼,平钓【红蛆|43858】@0002-0400（阴云|3）》！！！@拍水！！【牙签鱼|43695】=【长河牙签鱼|47990】；引诱；//预设分级：有效的
海心枯叶,平钓【红蛆|43858】@1002-1200》！！！@拍水！！【红豹帆鳍鱼|43719】=【海心枯叶|47991】；引诱；//预设分级：有效的
咬鹃杀手,平钓【红蛆|43858】@（阴云|3、薄雾|4）》！！！@拍水！！【镜鲤|43722】=【咬鹃杀手|47992】；引诱；//预设分级：有效的
得卡特,大鱼【红蛆|43858】@2002-0000（扬沙|11）》~20.5！！@拍水【旅迹鳟|43754】@专一【尼葵瑞皮鳟|43751】【尼葵瑞皮鳟|43751】》！！！=【得卡特|47993】；不撒饵、引诱；//预设分级：有效的
雷光鲽鱼,平钓【红蛆|43858】@（小雨|7）》！！！@拍水！！【亚斯拉尼弓鳍鱼|43773】=【雷光鲽鱼|47994】；引诱；//预设分级：有效的
滑稽女王,平钓【红蛆|43858】@1602-1800（晴朗|2）》！！！@拍水！！【滑稽鲶鱼|43783】=【滑稽女王|47995】；鱼影、不撒饵；//预设分级：有效的
深奥的代言人,平钓【红蛆|43858】@1202-1600（薄雾|4）》！！！@拍水！！【半饱鳟|43687】=【深奥的代言人|46189】；引诱、不撒饵；//预设分级：合格的
船路矛丽鱼,平钓【红蛆|43858】@0602-0800（小雨|7）》！！！@拍水！！【矛丽鱼|43700】=【船路矛丽鱼|46190】；鱼影、不撒饵；//预设分级：合格的
铁黑骨舌鱼,平钓【红蛆|43858】@1602-1800（小雨|7）》！！！@拍水！！【亚克特尔蝾螈|43726】=【铁黑骨舌鱼|46191】；引诱；//预设分级：合格的
王亲钝口螈,耐心【黄金幼虫|43849】@0002-0400（阴云|3）》~16.5！@拍水【白烬龙虾|43729】【云空鱼|43728】》！！！=【王亲钝口螈|46192】；引诱；//预设分级：合格的
苍天鱿鱼,平钓【蜻蜓|43857】@1802-2400（强风|6）》~25.5！！！精准@拍水！【佐戈之核|43757】=【苍天鱿鱼|46193】；引诱；//预设分级：合格的
南瓜芽太阳鱼,平钓【红蛆|43858】@2002-2400（雷雨|10）》！！！@拍水！！【瓜仁太阳鱼|43767】=【南瓜芽太阳鱼|46194】；引诱、不撒饵；//预设分级：合格的
巨蛇头鳢,平钓【红蛆|43858】@0358-0600（小雨|7）》！@专一【骑士虾虎|43781】=3【骑士虾虎|43781】；不撒饵、引诱；@鱼识=》平钓@0358-0600（小雨|7）》！！！@拍水！！【蛇头鳢|43785】=【巨蛇头鳢|46195】；引诱；//预设分级：合格的
凤尾鲯鲭,平钓【幽灵钳|43859】@0802-1200（晴朗|2）》！！！@拍水！！【蝴蝶鳐|43791、运河鼓|43790】=【凤尾鲯鲭|46196】；引诱；//预设分级：合格的
批量生成,747//预设分级：非预设
星里海带,平钓【沙蚕|2585】》！=【星里海带|4776】；引诱；//预设分级：批量生成
蝲蛄,平钓【蛾蛹|2586】》！=【蝲蛄|4925】；引诱；//预设分级：批量生成
鲢鱼,平钓【蛾蛹|2586】》！=【鲢鱼|4926】；引诱；//预设分级：批量生成
梅尔托尔虾虎,平钓【沙蚕|2585】》！=【梅尔托尔虾虎|4869】；引诱；//预设分级：批量生成
罗敏萨鳀鱼,平钓【沙蚕|2585】》！=【罗敏萨鳀鱼|4870】；引诱；//预设分级：批量生成
斑纹虾虎,平钓【蛾蛹|2586】》！=【斑纹虾虎|4927】；引诱；//预设分级：批量生成
小鲶鱼,平钓【蛾蛹|2586】》！=【小鲶鱼|4928】；引诱；//预设分级：批量生成
手指虾,平钓【沙蚕|2585】》！=【手指虾|4871】；引诱；//预设分级：批量生成
骨蝲蛄,平钓【蛾蛹|2586】》！=【骨蝲蛄|4929】；引诱；//预设分级：批量生成
白珊瑚,平钓【潮虫|2587】》！=【白珊瑚|5460】；引诱；//预设分级：批量生成
公主鳟,平钓【蝲蛄丸子|2588】》！=【公主鳟|4930】；引诱；//预设分级：批量生成
海云水母,平钓【潮虫|2587】》！=【海云水母|4872】；引诱；//预设分级：批量生成
幽暗虾虎,平钓【蝲蛄丸子|2588】》！=【幽暗虾虎|4931】；引诱；//预设分级：批量生成
藤皮海参,平钓【虾虎丸子|2589】》！=【藤皮海参|4873】；引诱；//预设分级：批量生成
海港鲱,平钓【潮虫|2587】》！！=【海港鲱|4874】；引诱；//预设分级：批量生成
皮皮拉鱼,平钓【蝲蛄丸子|2588】》！=【皮皮拉鱼|4932】；引诱；//预设分级：批量生成
红蝲蛄,平钓【蝲蛄丸子|2588】》！=【红蝲蛄|4933】；引诱；//预设分级：批量生成
比阿纳可蛤蜊,平钓【极地磷虾|2606】》！=【比阿纳可蛤蜊|4875】；引诱；//预设分级：批量生成
潜沙鱼,平钓【蝲蛄丸子|2588】》！=【潜沙鱼|4934】；引诱；//预设分级：批量生成
珊瑚蝶,平钓【潮虫|2587】》！！=【珊瑚蝶|4876】；引诱；//预设分级：批量生成
黄铜泥鳅,平钓【雉鸡拟饵|2623】》！=【黄铜泥鳅|4935】；引诱；//预设分级：批量生成
莫拉比鲽鱼,平钓【弓角|2628】》！！=【莫拉比鲽鱼|4877】；引诱；//预设分级：批量生成
白妙鲤,平钓【血蚯蚓|2590】》！！=【白妙鲤|4936】；引诱；//预设分级：批量生成
阿巴拉提亚公鱼,平钓【残暴水蛭|12711】》！=【阿巴拉提亚公鱼|4937】；引诱；//预设分级：合格的
盲鱼,平钓【花蝇|2597】》！=【盲鱼|4938】；引诱；//预设分级：批量生成
石软蟹,平钓【弓角|2628】》！=【石软蟹|4878】；引诱；//预设分级：批量生成
弹涂鱼,平钓【摇蚊|2592】》！=【弹涂鱼|4939】；引诱；//预设分级：批量生成
虹鳟鱼,平钓【毛球拟饵|2618】》！！=【虹鳟鱼|4940】；引诱；//预设分级：批量生成
河蟹,平钓【血蚯蚓|2590】》！=【河蟹|4941】；引诱；//预设分级：批量生成
虎纹鳕,平钓【沟鼠尾巴|2591】》！！=【虎纹鳕|4879】；引诱；//预设分级：批量生成
斗鱼,平钓【摇蚊|2592】》！=【斗鱼|4942】；引诱；//预设分级：批量生成
钢盔鲎,平钓【沟鼠尾巴|2591】》！=【钢盔鲎|4880】；引诱；//预设分级：批量生成
仙女鲈,平钓【摇蚊|2592】》！！=【仙女鲈|4943】；引诱；//预设分级：批量生成
橡果蜗牛,平钓【摇蚊|2592】》！=【橡果蜗牛|4944】；引诱；//预设分级：批量生成
罗斯利特牡蛎,平钓【沟鼠尾巴|2591】》！=【罗斯利特牡蛎|4881】；引诱；//预设分级：批量生成
暗塘鳢,平钓【摇蚊|2592】@1502-1000》！=【暗塘鳢|4945】；引诱；//预设分级：批量生成
拉诺西亚刺鱼,平钓【漂浮诱饵鱼|2611】》！！=【拉诺西亚刺鱼|4946】；引诱；//预设分级：批量生成
海神刀,平钓【弓角|2628】》！！=【海神刀|4882】；引诱；//预设分级：批量生成
沟鲫鱼,平钓【乌鸦拟饵|2614】》！=【沟鲫鱼|4947】；引诱；//预设分级：批量生成
神仙鱼,平钓【铁板钩|2616】》！！=【神仙鱼|4883】；引诱；//预设分级：批量生成
铜鱼,平钓【黄油虫|2594】》！=【铜鱼|4948】；引诱；//预设分级：批量生成
蓝铃鲑,平钓【漂浮诱饵鱼|2611】》！！=【蓝铃鲑|4949】；引诱；//预设分级：批量生成
折刀贝,平钓【沟鼠尾巴|2591】》！=【折刀贝|4884】；引诱；//预设分级：批量生成
泥软蟹,平钓【蜜虫|2599】》！=【泥软蟹|4950】；引诱；//预设分级：批量生成
蓝章鱼,大鱼【潮虫|2587】》！！【海港鲱|4874】》！！=【蓝章鱼|4885】；引诱、不撒饵；//预设分级：合格的
三色鲤,平钓【黄油虫|2594】》！！=【三色鲤|4951】；引诱；//预设分级：批量生成
深红蝲蛄,大鱼【黄油虫|2594】》！【铜鱼|4948】》！=【深红蝲蛄|4952】；不撒饵、引诱；//预设分级：合格的
翡翠鳗,平钓【黄油虫|2594】@1702-1000》！！=【翡翠鳗|4953】；引诱；//预设分级：批量生成
海毒鲀,平钓【极地磷虾|2606】》！！=【海毒鲀|4886】；引诱；//预设分级：批量生成
圆蚌,平钓【黄油虫|2594】》！=【圆蚌|4954】；引诱；//预设分级：批量生成
暖水鳟,平钓【乌鸦拟饵|2614】》！！=【暖水鳟|4955】；引诱；//预设分级：批量生成
玻璃刺鱼,平钓【陆行鸟拟饵|2610】》！！=【玻璃刺鱼|4956】；引诱；//预设分级：批量生成
四眼鱼,平钓【复合亮片|2626】》！！=【四眼鱼|4957】；引诱；//预设分级：批量生成
刀鳍沙丁鱼,平钓【重铁板钩|2619】》！！=【刀鳍沙丁鱼|4887】；引诱；//预设分级：批量生成
黑鳗,平钓【黄油虫|2594】@1702-1000》！！=【黑鳗|4958】；引诱；//预设分级：批量生成
暗鲈,平钓【乌鸦拟饵|2614】》！！=【暗鲈|4959】；引诱；//预设分级：批量生成
蓝珊瑚,平钓【小虾肉笼|2613】》！=【蓝珊瑚|5461】；引诱；//预设分级：批量生成
魔梭鱼,大鱼【潮虫|2587】》！！【海港鲱|4874】》！！=【魔梭鱼|4888】；引诱、不撒饵；//预设分级：批量生成
圣盾虾,平钓【鲈鱼丸子|2595】》！=【圣盾虾|4960】；引诱；//预设分级：批量生成
清道琵琶鱼,平钓【漂浮诱饵鱼|2611】》！=【清道琵琶鱼|4961】；引诱；//预设分级：批量生成
钓鮟鱇,平钓【重铁板钩|2619】》！！=【钓鮟鱇|4889】；引诱；//预设分级：批量生成
海马,平钓【小虾肉笼|2613】》！=【海马|4890】；引诱；//预设分级：批量生成
上爬刺鱼,平钓【鲈鱼丸子|2595】》！=【上爬刺鱼|4962】；引诱；//预设分级：批量生成
黑鲶鱼,大鱼【蛾蛹|2586】》！【斑纹虾虎|4927】》！！=【黑鲶鱼|4963】；引诱、不撒饵；//预设分级：合格的
比阿纳可鲷鱼,平钓【重铁板钩|2619】》！！=【比阿纳可鲷鱼|4891】；引诱；//预设分级：批量生成
黑鬼鱼,大鱼【摇蚊|2592】》！【斗鱼|4942】》！！=【黑鬼鱼|4964】；引诱、不撒饵；//预设分级：批量生成
黑鳎,平钓【鲱鱼丸子|2598】》！！=【黑鳎|4892】；引诱；//预设分级：批量生成
八目鳗,大鱼【黄油虫|2594】》！【铜鱼|4948】》！=【八目鳗|4965】；引诱、不撒饵；//预设分级：批量生成
披骨鱼,平钓【陆行鸟拟饵|2610】》！=【披骨鱼|4966】；引诱；//预设分级：批量生成
锤头鲨,平钓【铁板钩|2616】》！！=【锤头鲨|4893】；引诱；//预设分级：批量生成
宇格拉姆鲑鱼,平钓【鲈鱼丸子|2595】》！！=【宇格拉姆鲑鱼|4967】；引诱；//预设分级：批量生成
苍皮海参,平钓【鲱鱼丸子|2598】》！=【苍皮海参|4894】；引诱；//预设分级：批量生成
斑纹琵琶鱼,平钓【花蝇|2597】》！！=【斑纹琵琶鱼|4968】；引诱；//预设分级：批量生成
绿灯球藻,平钓【陆行鸟拟饵|2610】》！=【绿灯球藻|5544】；引诱；//预设分级：批量生成
苍茫鲱,平钓【单环刺螠|2596】》！！=【苍茫鲱|4895】；引诱；//预设分级：批量生成
带鱼,平钓【白银勺形鱼饵|2615】》！！=【带鱼|4969】；引诱；//预设分级：批量生成
灰海金枪鱼,平钓【单环刺螠|2596】》！！=【灰海金枪鱼|4896】；引诱；//预设分级：批量生成
神握鳉,平钓【陆行鸟拟饵|2610】》！=【神握鳉|4970】；引诱；//预设分级：批量生成
净骨蜗牛,平钓【花蝇|2597】》！=【净骨蜗牛|4971】；引诱；//预设分级：批量生成
蔓根跳鱼,平钓【花蝇|2597】》！=【蔓根跳鱼|4972】；引诱；//预设分级：批量生成
叶海龙,平钓【极地磷虾|2606】》！=【叶海龙|4897】；引诱；//预设分级：批量生成
骨舌鱼,平钓【羽毛拟饵|2627】》！！=【骨舌鱼|4973】；引诱；//预设分级：批量生成
满月沙丁鱼,平钓【单环刺螠|2596】@1802-0600》！=【满月沙丁鱼|4898】；引诱；//预设分级：批量生成
硬毛蟹,平钓【蜜虫|2599】》！=【硬毛蟹|4974】；引诱；//预设分级：批量生成
哈拉尔黑线鳕,平钓【重铁板钩|2619】》！！=【哈拉尔黑线鳕|4899】；引诱；//预设分级：批量生成
蒙凯恩凯鱼,大鱼【黄油虫|2594】》！【铜鱼|4948】》！=【蒙凯恩凯鱼|4975】；引诱、不撒饵；//预设分级：合格的
樱鳟,平钓【雉鸡拟饵|2623】》！！=【樱鳟|4976】；引诱；//预设分级：批量生成
白蝶贝,平钓【鲱鱼丸子|2598】》！=【白蝶贝|4900】；引诱；//预设分级：批量生成
沙鱼,平钓【沙蛭|2600】》！=【沙鱼|4977】；引诱；//预设分级：批量生成
银鱼,平钓【蜜虫|2599】》！=【银鱼|4978】；引诱；//预设分级：批量生成
小丑鳅,平钓【蜜虫|2599】》！=【小丑鳅|4979】；引诱；//预设分级：批量生成
沙鲷鱼,平钓【滚石|2604】》！！=【沙鲷鱼|5032】；引诱；//预设分级：批量生成
薰衣草印鱼,平钓【重铁板钩|2619】》！！=【薰衣草印鱼|4901】；引诱；//预设分级：批量生成
铠甲琵琶鱼,平钓【淡水万能饵|27591】》！！=【铠甲琵琶鱼|4980】；引诱；//预设分级：批量生成
巨鲈,平钓【蜜虫|2599】》！！=【巨鲈|4981】；引诱；//预设分级：批量生成
沙鲶鱼,平钓【沙蛭|2600】》！！=【沙鲶鱼|5033】；引诱；//预设分级：批量生成
气泡鱼,平钓【重铁板钩|2619】》！！=【气泡鱼|4902】；引诱；//预设分级：批量生成
威罗迪纳鲤鱼,平钓【羽毛拟饵|2627】》！！=【威罗迪纳鲤鱼|4982】；引诱；//预设分级：批量生成
斑点鲀,平钓【蜜虫|2599】》！=【斑点鲀|4983】；引诱；//预设分级：批量生成
土遁鱼,平钓【滚石|2604】》！！=【土遁鱼|5034】；引诱；//预设分级：批量生成
黄金鳅,平钓【蜜虫|2599】》！=【黄金鳅|4984】；引诱；//预设分级：批量生成
飞沙鱼,平钓【沙蛭|2600】》！！=【飞沙鱼|5035】；引诱；//预设分级：批量生成
纳尔札尔鳗鱼,平钓【蜜虫|2599】@1702-1000》！！=【纳尔札尔鳗鱼|4985】；引诱；//预设分级：批量生成
绯红鳟,平钓【旋转亮片|2620】》！！=【绯红鳟|4986】；引诱；//预设分级：批量生成
盘丽鱼,平钓【蜜虫|2599】》！！=【盘丽鱼|4987】；引诱；//预设分级：批量生成
蚁狮蛞蝓,平钓【沙壁虎|2602】》！！=【蚁狮蛞蝓|5036】；引诱；//预设分级：批量生成
红珊瑚,平钓【鲱鱼丸子|2598】》！=【红珊瑚|5462】；引诱；//预设分级：批量生成
石绿湖鳟鱼,平钓【复合亮片|2626】》！！=【石绿湖鳟鱼|4988】；引诱；//预设分级：批量生成
火狱蜗牛,平钓【蛀虫|2601】》！=【火狱蜗牛|4989】；引诱；//预设分级：批量生成
沙丘蝠鲼,大鱼【沙蛭|2600】》！！【飞沙鱼|5035】》！！=【沙丘蝠鲼|5037】；引诱、不撒饵；//预设分级：批量生成
银鲨,大鱼【沙蚕|2585】》！【梅尔托尔虾虎|4869】》！！=【银鲨|4903】；引诱、不撒饵；//预设分级：合格的
王家琵琶鱼,平钓【蛀虫|2601】》！！=【王家琵琶鱼|4990】；引诱；//预设分级：批量生成
雷纹鱼,平钓【旋转亮片|2620】@（小雨|7、暴雨|8）》！！=【雷纹鱼|4991】；引诱；//预设分级：合格的
龙门鱼,大鱼【黄油虫|2594】》！【铜鱼|4948】》！！=【龙门鱼|4992】；引诱、不撒饵；//预设分级：批量生成
刀背鱼,平钓【蛀虫|2601】》！！=【刀背鱼|4993】；引诱；//预设分级：批量生成
梭子鰆,大鱼【沙蚕|2585】》！【梅尔托尔虾虎|4869】》！！=【梭子鰆|4904】；引诱、不撒饵；//预设分级：批量生成
求雨鱼,平钓【蛀虫|2601】@（小雪|15、小雨|7）》！！=【求雨鱼|4905】；引诱；//预设分级：批量生成
橡根鱼,平钓【蛀虫|2601】@1702-1000》！！=【橡根鱼|4994】；引诱；//预设分级：批量生成
杜父鱼,平钓【复合亮片|2626】》！=【杜父鱼|4995】；引诱；//预设分级：批量生成
黑蝶贝,平钓【磷虾肉笼|2621】》！=【黑蝶贝|5466】；引诱；//预设分级：批量生成
南方狗鱼,平钓【漂浮诱饵蛙|2624】》！！=【南方狗鱼|4996】；引诱；//预设分级：批量生成
北方狗鱼,平钓【漂浮诱饵蛙|2624】》！！=【北方狗鱼|4997】；引诱；//预设分级：批量生成
地灵鲀,平钓【复合亮片|2626】》！=【地灵鲀|4998】；引诱；//预设分级：批量生成
鹦鹉螺,大鱼【铁板钩|2616】@1802-0600》！【满月沙丁鱼|4898】》！！=【鹦鹉螺|4906】；引诱、不撒饵；//预设分级：批量生成
射水鱼,平钓【毛球拟饵|2618】@（碧空|1、晴朗|2、阴云|3、薄雾|4）》！=【射水鱼|4999】；引诱；//预设分级：批量生成
云水母,平钓【浮游虫|2605】》！=【云水母|5038】；引诱；//预设分级：批量生成
哥布林刺鱼,大鱼【蜜虫|2599】》！【银鱼|4978】》！！=【哥布林刺鱼|5000】；引诱、不撒饵；//预设分级：批量生成
永恒鲤,平钓【毛球拟饵|2618】》！！=【永恒鲤|5001】；引诱；//预设分级：批量生成
刺鳗,平钓【弓角|2628】》！！=【刺鳗|4907】；引诱；//预设分级：批量生成
暗斗鱼,大鱼【蜜虫|2599】》！【银鱼|4978】》！！=【暗斗鱼|5002】；引诱、不撒饵；//预设分级：批量生成
淤泥跳鱼,平钓【蛀虫|2601】》！=【淤泥跳鱼|5003】；引诱；//预设分级：批量生成
天鱼,平钓【浮游虫|2605】》！=【天鱼|5039】；引诱；//预设分级：批量生成
隆头鱼,平钓【弓角|2628】》！！=【隆头鱼|4908】；引诱；//预设分级：批量生成
破云飞鱼,平钓【浮游虫|2605】》！！=【破云飞鱼|5040】；引诱；//预设分级：批量生成
震雷鱼,大鱼【蜜虫|2599】》！【银鱼|4978】》！！=【震雷鱼|5004】；引诱、不撒饵；//预设分级：批量生成
雀鳝,大鱼【蜜虫|2599】》！【银鱼|4978】》！！=【雀鳝|5005】；引诱、不撒饵；//预设分级：批量生成
飞蝠鲼,大鱼【浮游虫|2605】》！！【破云飞鱼|5040】》！！=【飞蝠鲼|5041】；引诱、不撒饵；//预设分级：批量生成
平鱼,平钓【弓角|2628】》！！=【平鱼|4909】；引诱；//预设分级：批量生成
北洲鲈,平钓【漂浮诱饵蛙|2624】》！！=【北洲鲈|5006】；引诱；//预设分级：批量生成
帕戈尔赞盘丽鱼,平钓【火萤|2603】@（碧空|1、热浪|14、晴朗|2）》！！=【帕戈尔赞盘丽鱼|5007】；引诱；//预设分级：批量生成
争斗琵琶鱼,平钓【火萤|2603】》！！=【争斗琵琶鱼|5008】；引诱；//预设分级：批量生成
扬帆鱼,平钓【浮游虫|2605】》！=【扬帆鱼|5042】；引诱；//预设分级：批量生成
海魔鱼,平钓【弓角|2628】》！！=【海魔鱼|4910】；引诱；//预设分级：批量生成
繁星鳟鱼,大鱼【蛾蛹|2586】》！【斑纹虾虎|4927】》！！=【繁星鳟鱼|5009】；引诱、不撒饵；//预设分级：合格的
战争神狗鱼,大鱼【残暴水蛭|12711】》！【阿巴拉提亚公鱼|4937】》！！=【战争神狗鱼|5010】；不撒饵；//预设分级：合格的
金鱼,大鱼【蜜虫|2599】》！【银鱼|4978】》！=【金鱼|5011】；引诱、不撒饵；//预设分级：批量生成
撒沟厉钓鮟鱇,大鱼【沙蛭|2600】》！【沙鱼|4977】》！！=【撒沟厉钓鮟鱇|5043】；引诱、不撒饵；//预设分级：批量生成
浮云碟,大鱼【浮游虫|2605】》！！【破云飞鱼|5040】》！=【浮云碟|5044】；引诱、不撒饵；//预设分级：批量生成
海岩龙虾,平钓【极地磷虾|2606】@1702-2200》！！=【海岩龙虾|4911】；引诱；//预设分级：批量生成
吸血八目鳗,大鱼【蜜虫|2599】》！【银鱼|4978】》！！=【吸血八目鳗|5012】；引诱、不撒饵；//预设分级：批量生成
山岳神杜父鱼,平钓【石蚕|2607】》！！=【山岳神杜父鱼|5013】；引诱；//预设分级：批量生成
拟鮟鱇,耐心【沙蚕|2585】》！【梅尔托尔虾虎|4869】》！！【梭子鰆|4904】》！！=【拟鮟鱇|4912】；引诱、不撒饵；//预设分级：批量生成
洞穴螯虾,大鱼【蛾蛹|2586】》！【斑纹虾虎|4927】》！！=【洞穴螯虾|5014】；引诱、不撒饵；//预设分级：批量生成
豹鱼,大鱼【复合亮片|2626】》！【杜父鱼|4995】》！！！=【豹鱼|5015】；引诱、不撒饵；//预设分级：批量生成
小撒拉奥斯,平钓【极地磷虾|2606】@（小雨|7、暴雨|8）》！！=【小撒拉奥斯|4913】；引诱；//预设分级：批量生成
愿贝,平钓【极地磷虾|2606】》！！=【愿贝|4914】；引诱；//预设分级：批量生成
大钝甲鱼,平钓【复合亮片|2626】@0402-0900》！！=【大钝甲鱼|5016】；引诱；//预设分级：批量生成
日轮,平钓【石蚕|2607】@1002-1500（碧空|1、晴朗|2）》！！=【日轮|5017】；引诱；//预设分级：批量生成
麻希鲯鳅,平钓【弓角|2628】@1002-1800》！！！=【麻希鲯鳅|4915】；引诱；//预设分级：批量生成
大比目鱼,平钓【极地磷虾|2606】》！！！=【大比目鱼|4916】；引诱；//预设分级：批量生成
长吻鳄鳝,大鱼【复合亮片|2626】》！【杜父鱼|4995】》！！！=【长吻鳄鳝|5018】；引诱、不撒饵；//预设分级：批量生成
乌兹刀背鱼,耐心【蜜虫|2599】》！【银鱼|4978】》！【金鱼|5011】》！！=【乌兹刀背鱼|5019】；引诱、不撒饵；//预设分级：批量生成
巨鲶鱼,大鱼【蜜虫|2599】》！【银鱼|4978】》！！=【巨鲶鱼|5020】；引诱、不撒饵；//预设分级：批量生成
旅沙鳗,大鱼【沙蛭|2600】》！！【飞沙鱼|5035】》！！！=【旅沙鳗|5045】；引诱、不撒饵；//预设分级：批量生成
马兹拉雅枪鱼,耐心【潮虫|2587】》！！【海港鲱|4874】》！！【魔梭鱼|4888】》！！！=【马兹拉雅枪鱼|4917】；引诱、不撒饵；//预设分级：批量生成
腔棘鱼,大鱼【铁板钩|2616】@1802-0600》！【满月沙丁鱼|4898】》！！=【腔棘鱼|4918】；引诱、不撒饵；//预设分级：批量生成
腐鱼,平钓【彩虹勺形鱼饵|2625】@（妖雾|17）》！！=【腐鱼|5021】；引诱；//预设分级：批量生成
喙嘴龙,耐心【浮游虫|2605】》！！【破云飞鱼|5040】》！【浮云碟|5044】》！！！=【喙嘴龙|5046】；引诱、不撒饵；//预设分级：批量生成
巨型乌贼,耐心【沙蚕|2585】》！【梅尔托尔虾虎|4869】》！！【梭子鰆|4904】》！！！=【巨型乌贼|4919】；引诱、不撒饵；//预设分级：批量生成
基迦章鱼,耐心【潮虫|2587】》！！【海港鲱|4874】》！！【魔梭鱼|4888】》！！！=【基迦章鱼|4920】；引诱、不撒饵；//预设分级：批量生成
翻车鱼,大鱼【潮虫|2587】》！【海云水母|4872】》！！=【翻车鱼|4921】；引诱、不撒饵；//预设分级：批量生成
恐鱼,耐心【沙蚕|2585】》！【梅尔托尔虾虎|4869】》！！【梭子鰆|4904】》！！！=【恐鱼|4922】；引诱、不撒饵；//预设分级：批量生成
蘑菇蟹,大鱼【旋转亮片|2620】@（阴云|3、薄雾|4）》！【杜父鱼|4995】》！！=【蘑菇蟹|5022】；引诱、不撒饵；//预设分级：批量生成
雷神鱼,平钓【石蚕|2607】@（雷雨|10、打雷|9）》！！=【雷神鱼|5023】；引诱；//预设分级：批量生成
斑点雀鳝,耐心【蜜虫|2599】》！【银鱼|4978】》！【金鱼|5011】》！！=【斑点雀鳝|5024】；引诱、不撒饵；//预设分级：批量生成
煌鱼,耐心【土蜘蛛|12705】》！【阿巴拉提亚公鱼|4937】》！！=【煌鱼|5025】；不撒饵；//预设分级：合格的
弓鳍鱼,耐心【蜜虫|2599】》！【银鱼|4978】》！【金鱼|5011】》！！=【弓鳍鱼|5026】；引诱、不撒饵；//预设分级：批量生成
环棘鱼,平钓【石蚕|2607】@1702-0900》！！=【环棘鱼|5027】；引诱；//预设分级：批量生成
巨齿鲨,耐心【沙蚕|2585】》！【梅尔托尔虾虎|4869】》！！【梭子鰆|4904】》！！！=【巨齿鲨|4923】；引诱、不撒饵；//预设分级：批量生成
锯鲛,耐心【沙蚕|2585】@0902-1500（碧空|1、晴朗|2）》！【梅尔托尔虾虎|4869】》！！【梭子鰆|4904】》！！！=【锯鲛|4924】；引诱、不撒饵；//预设分级：批量生成
泷太郎,平钓【羽毛拟饵|2627】》！！=【泷太郎|5028】；引诱；//预设分级：批量生成
巨骨舌鱼,平钓【羽毛拟饵|2627】》！！=【巨骨舌鱼|5029】；引诱；//预设分级：批量生成
庞鱼,耐心【蜜虫|2599】》！【银鱼|4978】》！【金鱼|5011】》！！！=【庞鱼|5030】；引诱、不撒饵；//预设分级：批量生成
丛林鲶鱼,耐心【蜜虫|2599】》！【银鱼|4978】》！【金鱼|5011】》！！=【丛林鲶鱼|5031】；引诱、不撒饵；//预设分级：批量生成
精金幼龟,平钓【弓角|2628】》！！！=【精金幼龟|6185】；引诱；//预设分级：批量生成
巨蝌蚪,平钓【漂浮诱饵蛙|2624】》！！！@拍水~22！！【南方狗鱼|4996】=【巨蝌蚪|6191】；引诱；//预设分级：有效的
大愿贝,平钓【重铁板钩|2619】@2302-0200》！！！=【大愿贝|10123】；引诱；//预设分级：批量生成
碎冰鱼,平钓【哥布林钓钩|12706】》！=【碎冰鱼|12713】；引诱；//预设分级：批量生成
白云珊瑚,平钓【气球虫|2609】》！=【白云珊瑚|12714】；引诱；//预设分级：批量生成
冰战神,平钓【土蜘蛛|12705】》！=【冰战神|12715】；引诱；//预设分级：批量生成
天虫,平钓【巨型大蚊|12712】》！=【天虫|12716】；引诱；//预设分级：批量生成
山峰蟹,平钓【石蝇幼虫|12704】》！=【山峰蟹|12718】；引诱；//预设分级：批量生成
利齿蛤蜊,大鱼【土蜘蛛|12705】》！【冰战神|12715】》！！=【利齿蛤蜊|12719】；引诱、不撒饵；//预设分级：批量生成
湖胆,平钓【石蝇幼虫|12704】》！=【湖胆|12720】；引诱、钓组；//预设分级：批量生成
赤刺,平钓【叶片钓钩|12707】@（扬沙|11、阴云|3、薄雾|4）》！！=【赤刺|12721】；引诱；//预设分级：批量生成
蓝螯虾,平钓【石蝇幼虫|12704】》！=【蓝螯虾|12722】；引诱；//预设分级：批量生成
星花,平钓【红气球虫|12708】@（碧空|1、晴朗|2）》！=【星花|12723】；引诱；//预设分级：批量生成
冰川核,大鱼【巨型大蚊|12712】@（小雪|15、暴雪|16）》！【天虫|12716】》！=【冰川核|12724】；引诱、不撒饵；//预设分级：批量生成
魔角蜗牛,平钓【石蝇幼虫|12704】》！=【魔角蜗牛|12725】；引诱；//预设分级：批量生成
黑巫鱼,大鱼【蜜虫|2599】@0802-2000》！【阿巴拉提亚公鱼|4937】》！！=【黑巫鱼|12726】；不撒饵；//预设分级：合格的
热破,平钓【残暴水蛭|12711】@（小雪|15、暴雪|16）》！！=【热破|12727】；引诱；//预设分级：批量生成
麻伊博伊,平钓【石蝇幼虫|12704】》！=【麻伊博伊|12728】；引诱；//预设分级：批量生成
三唇鲤,平钓【叶片钓钩|12707】》！！=【三唇鲤|12729】；引诱；//预设分级：批量生成
牛蛙,平钓【叶片钓钩|12707】》！=【牛蛙|12730】；引诱；//预设分级：批量生成
云鱼,平钓【石蝇幼虫|12704】》！=【云鱼|12731】；引诱；//预设分级：批量生成
马湖瓦伊,平钓【红气球虫|12708】》！=【马湖瓦伊|12732】；引诱；//预设分级：批量生成
石蚌,平钓【哥布林钓钩|12706】》！=【石蚌|12733】；引诱、钓组；//预设分级：批量生成
飘浮蛋,平钓【红气球虫|12708】》！=【飘浮蛋|12734】；引诱；//预设分级：批量生成
白影,平钓【红气球虫|12708】》！=【白影|12735】；引诱；//预设分级：批量生成
蓝天珊瑚,平钓【红气球虫|12708】》！=【蓝天珊瑚|12736】；引诱、钓组；//预设分级：批量生成
显贵樱鳟,平钓【石蝇幼虫|12704】》！！=【显贵樱鳟|12737】；引诱；//预设分级：批量生成
角菊石,平钓【哥布林钓钩|12706】》！！=【角菊石|12738】；引诱；//预设分级：批量生成
凸眼金鱼,平钓【残暴水蛭|12711】@1002-1800》！！=【凸眼金鱼|12739】；引诱；//预设分级：批量生成
草鱼,平钓【叶片钓钩|12707】@（扬沙|11、阴云|3、薄雾|4）》！！=【草鱼|12740】；引诱；//预设分级：批量生成
皮皮拉皮拉鱼,平钓【哥布林钓钩|12706】@（扬沙|11、阴云|3、薄雾|4）》！！=【皮皮拉皮拉鱼|12741】；引诱；//预设分级：批量生成
倒仰鲶鱼,平钓【石蝇幼虫|12704】@1602-1815》！=【倒仰鲶鱼|12742】；引诱；//预设分级：批量生成
亲吻鱼,平钓【石蝇幼虫|12704】@0902-2400》！=【亲吻鱼|12743】；引诱；//预设分级：批量生成
法冠蛞蝓,平钓【红气球虫|12708】》！=【法冠蛞蝓|12744】；引诱；//预设分级：批量生成
熔岩鲎,平钓【熔岩蠕虫|12709】》！！=【熔岩鲎|12745】；引诱；//预设分级：批量生成
风暴核,平钓【红气球虫|12708】@（阴云|3、薄雾|4、微风|5）》！=【风暴核|12746】；引诱；//预设分级：批量生成
知识神杜父鱼,平钓【土蜘蛛|12705】》！！=【知识神杜父鱼|12747】；引诱；//预设分级：批量生成
基迦石斑鱼,耐心【蜜虫|2599】》！【阿巴拉提亚公鱼|4937】》！！=【基迦石斑鱼|12748】；//预设分级：合格的
瓦努头,平钓【叶片钓钩|12707】@（碧空|1、晴朗|2）》！！=【瓦努头|12749】；引诱；//预设分级：批量生成
图丽鱼,平钓【土蜘蛛|12705】》！！=【图丽鱼|12750】；引诱；//预设分级：批量生成
肺鱼,平钓【残暴水蛭|12711】@（阴云|3）》！！=【肺鱼|12751】；引诱；//预设分级：批量生成
虎鱼,平钓【残暴水蛭|12711】》！！=【虎鱼|12752】；引诱；//预设分级：批量生成
夕月天女,平钓【金属亮片|28634】》！=【夕月天女|12753】；引诱；//预设分级：批量生成
花岗蟹,平钓【金属亮片|28634】》！=【花岗蟹|12754】；引诱；//预设分级：合格的
火妖小马,平钓【熔岩蠕虫|12709】》！=【火妖小马|12755】；引诱；//预设分级：批量生成
船虫,平钓【哥布林钓钩|12706】》！=【船虫|12756】；引诱；//预设分级：批量生成
蝼蛄,平钓【土蜘蛛|12705】》！=【蝼蛄|12757】；引诱；//预设分级：批量生成
莫古球球,平钓【哥布林钓钩|12706】》！=【莫古球球|12758】；引诱；//预设分级：批量生成
岩浆树,平钓【熔岩蠕虫|12709】》！=【岩浆树|12759】；引诱、钓组；//预设分级：批量生成
云上骑士,平钓【红气球虫|12708】》！！=【云上骑士|12760】；引诱；//预设分级：批量生成
龙堡鲈,大鱼【石蝇幼虫|12704】@0002-0600（扬沙|11、阴云|3、薄雾|4）》！【蓝螯虾|12722】》！！=【龙堡鲈|12761】；引诱、不撒饵；//预设分级：批量生成
山地鲀,平钓【土蜘蛛|12705】@（小雪|15、暴雪|16）》！=【山地鲀|12762】；引诱；//预设分级：批量生成
求雪鱼,平钓【残暴水蛭|12711】@（小雪|15、暴雪|16）》！！=【求雪鱼|12763】；引诱；//预设分级：批量生成
龙骨鱼,平钓【哥布林钓钩|12706】》！=【龙骨鱼|12764】；引诱；//预设分级：批量生成
冰神鱼,平钓【残暴水蛭|12711】@（小雪|15、暴雪|16）》！！=【冰神鱼|12765】；引诱；//预设分级：批量生成
食冰水母,耐心【巨型大蚊|12712】@（小雪|15、暴雪|16）》！【天虫|12716】》！【冰川核|12724】》！=【食冰水母|12766】；引诱、不撒饵；//预设分级：批量生成
多鳍鱼,平钓【土蜘蛛|12705】@2102-0300》！！=【多鳍鱼|12767】；引诱；//预设分级：批量生成
白丽鱼,平钓【残暴水蛭|12711】》！！=【白丽鱼|12768】；引诱；//预设分级：批量生成
暗影须,平钓【残暴水蛭|12711】》！！=【暗影须|12769】；引诱；//预设分级：批量生成
哥布面具,平钓【巨型大蚊|12712】》！=【哥布面具|12770】；引诱；//预设分级：批量生成
蓝色美杜莎,平钓【红气球虫|12708】》！=【蓝色美杜莎|12771】；引诱；//预设分级：批量生成
鳞匠螺,平钓【熔岩蠕虫|12709】》！=【鳞匠螺|12772】；引诱、钓组；//预设分级：批量生成
黑鞭,平钓【恶魔蠕虫|12710】》！！=【黑鞭|12773】；引诱；//预设分级：批量生成
小钝口螈,平钓【残暴水蛭|12711】@2102-2400》！=【小钝口螈|12774】；引诱；//预设分级：批量生成
亚拉戈高位钢盔鲎,大鱼【恶魔蠕虫|12710】》！【白金鱼|12776】》！！=【亚拉戈高位钢盔鲎|12775】；引诱、不撒饵；//预设分级：批量生成
白金鱼,平钓【恶魔蠕虫|12710】》！=【白金鱼|12776】；引诱；//预设分级：批量生成
以太之眼,平钓【土蜘蛛|12705】》！=【以太之眼|12777】；引诱；//预设分级：批量生成
阿济兹鱼,平钓【恶魔蠕虫|12710】》！=【阿济兹鱼|12778】；引诱；//预设分级：批量生成
水晶鳍,平钓【叶片钓钩|12707】》！=【水晶鳍|12779】；引诱；//预设分级：批量生成
香鱼,平钓【哥布林钓钩|12706】》！！=【香鱼|12780】；引诱；//预设分级：批量生成
蝴蝶鱼,平钓【残暴水蛭|12711】》！！=【蝴蝶鱼|12781】；引诱；//预设分级：批量生成
百鳍,平钓【哥布林钓钩|12706】》！！=【百鳍|12782】；引诱；//预设分级：批量生成
秋叶鱼,平钓【土蜘蛛|12705】》！=【秋叶鱼|12783】；引诱；//预设分级：批量生成
魔帆,大鱼【红气球虫|12708】@1002-1400（碧空|1、晴朗|2）》！【夕月天女|12753】》！！=【魔帆|12784】；引诱、不撒饵；//预设分级：批量生成
天空清道夫,平钓【巨型大蚊|12712】》！！=【天空清道夫|12785】；引诱；//预设分级：批量生成
岩浆虱,大鱼【金属亮片|28634】@1802-0600》！》！！=【岩浆虱|12786】；引诱、不撒饵；//预设分级：合格的
陨龟,大鱼【金属亮片|28634】》！》！！=【陨龟|12787】；引诱、不撒饵；//预设分级：合格的
魔科学物质123,大鱼【恶魔蠕虫|12710】》！【白金鱼|12776】》！=【魔科学物质123|12788】；引诱、不撒饵；//预设分级：批量生成
褐飞刀,平钓【红气球虫|12708】@（阴云|3）》！！=【褐飞刀|12789】；引诱；//预设分级：批量生成
学士贝,平钓【叶片钓钩|12707】》！=【学士贝|12790】；引诱；//预设分级：批量生成
水剑鱼,平钓【哥布林钓钩|12706】》！！=【水剑鱼|12791】；引诱；//预设分级：批量生成
西水弓鳍鱼,平钓【哥布林钓钩|12706】@0802-1140》！！=【西水弓鳍鱼|12792】；引诱；//预设分级：批量生成
气球鲀,平钓【巨型大蚊|12712】》！！=【气球鲀|12793】；引诱；//预设分级：批量生成
朝日天女,平钓【红气球虫|12708】》！=【朝日天女|12794】；引诱；//预设分级：批量生成
黄昏珊瑚,平钓【红气球虫|12708】》！=【黄昏珊瑚|12795】；引诱、钓组；//预设分级：批量生成
白章鱼,平钓【残暴水蛭|12711】@0802-1800》！！=【白章鱼|12796】；引诱；//预设分级：批量生成
龙魂,平钓【巨型大蚊|12712】》！=【龙魂|12797】；引诱；//预设分级：批量生成
龙卷鲨,平钓【巨型大蚊|12712】》！！=【龙卷鲨|12798】；引诱；//预设分级：批量生成
高风水母,大鱼【巨型大蚊|12712】@（碧空|1、晴朗|2）》！【天虫|12716】》！=【高风水母|12799】；引诱、不撒饵；//预设分级：批量生成
化石骨舌鱼,平钓【熔岩蠕虫|12709】》！！=【化石骨舌鱼|12800】；引诱；//预设分级：批量生成
原型洛浦肯,大鱼【恶魔蠕虫|12710】》！【白金鱼|12776】》！！=【原型洛浦肯|12801】；引诱、不撒饵；//预设分级：批量生成
凯门鳄,大鱼【叶片钓钩|12707】@1802-2030》！【牛蛙|12730】》！！！=【凯门鳄|12802】；//预设分级：合格的
真光层巨骨舌鱼,平钓【残暴水蛭|12711】@1802-0300（阴云|3）》！！！=【真光层巨骨舌鱼|12803】；引诱；//预设分级：批量生成
青蓝之手刺鱼,大鱼【石蝇幼虫|12704】》！【蝼蛄|12757】》！！=【青蓝之手刺鱼|12804】；引诱、不撒饵；//预设分级：批量生成
高天鱼,平钓【巨型大蚊|12712】》！！=【高天鱼|12805】；引诱；//预设分级：批量生成
瓦斯鲀,平钓【巨型大蚊|12712】》！！=【瓦斯鲀|12806】；引诱；//预设分级：批量生成
魔鱼,平钓【恶魔蠕虫|12710】》！！=【魔鱼|12807】；引诱；//预设分级：批量生成
不明飞行物,平钓【红气球虫|12708】》！=【不明飞行物|12808】；引诱；//预设分级：批量生成
温泉医生鱼,平钓【土蜘蛛|12705】》！=【温泉医生鱼|12809】；引诱；//预设分级：批量生成
蛉蝎,平钓【金属亮片|28634】》！=【蛉蝎|12810】；引诱；//预设分级：批量生成
攀岩鱼,平钓【哥布林钓钩|12706】》！=【攀岩鱼|12811】；引诱；//预设分级：批量生成
鲜血跳鱼,平钓【恶魔蠕虫|12710】@（打雷|9）》！！=【鲜血跳鱼|12812】；引诱；//预设分级：批量生成
眼镜蛇鱼,平钓【巨型大蚊|12712】》！！=【眼镜蛇鱼|12813】；引诱；//预设分级：批量生成
飞灵,平钓【巨型大蚊|12712】》！！=【飞灵|12814】；引诱；//预设分级：批量生成
油鳗,大鱼【天钢之球|30136】@（打雷|9）》！【白金鱼|12776】》！！=【油鳗|12815】；引诱、不撒饵；//预设分级：批量生成
宝石水母,大鱼【天钢之球|30136】@2002-0300》！【白金鱼|12776】》！=【宝石水母|12816】；引诱、不撒饵；//预设分级：批量生成
战舰鱼,大鱼【土蜘蛛|12705】》！【冰战神|12715】》！！！=【战舰鱼|12817】；引诱、不撒饵；//预设分级：批量生成
星码龙虾,平钓【叶片钓钩|12707】》！！=【星码龙虾|12818】；引诱；//预设分级：批量生成
内陆刺鱼,平钓【叶片钓钩|12707】》！！！=【内陆刺鱼|12819】；引诱；//预设分级：批量生成
熔岩鲶鱼,大鱼【金属亮片|28634】》！》！！=【熔岩鲶鱼|12820】；引诱、不撒饵；//预设分级：合格的
无齿翼龙,平钓【巨型大蚊|12712】@0902-1630》！！！=【无齿翼龙|12821】；引诱；//预设分级：批量生成
飞翼鲂,平钓【巨型大蚊|12712】》！！=【飞翼鲂|12822】；引诱；//预设分级：批量生成
温泉胆,平钓【残暴水蛭|12711】》！=【温泉胆|12823】；引诱、钓组；//预设分级：批量生成
樱鳟鱼,平钓【叶片钓钩|12707】》！！=【樱鳟鱼|12824】；引诱；//预设分级：批量生成
惊龟,大鱼【巨型大蚊|12712】》！！【高天鱼|12805】》！！！=【惊龟|12825】；引诱、不撒饵；//预设分级：批量生成
黑魔法鱼,大鱼【金属亮片|28634】》！》！！=【黑魔法鱼|12826】；//预设分级：批量生成
落雷鳗,耐心【残暴水蛭|12711】@2202-0320》！！@拍水【？落雷鳗|12828】@专一【落雷鳗|12828】=引诱、收藏品、大尺寸、不撒饵；//窗口期到来前反复抛竿是正常的//预设分级：有效的
飞猫杀手,平钓【残暴水蛭|12711】@（碧空|1、晴朗|2）》！！！=【飞猫杀手|12829】；引诱；//预设分级：批量生成
哲学骨舌鱼,平钓【残暴水蛭|12711】@1302-2000》！！！=【哲学骨舌鱼|12830】；引诱；//预设分级：批量生成
沙利亚克鳄,大鱼【叶片钓钩|12707】@1502-1800》！【牛蛙|12730】》！！！=【沙利亚克鳄|12831】；引诱、不撒饵；//预设分级：批量生成
熔岩王,耐心【金属亮片|28634】@0902-1700（碧空|1、晴朗|2）》！【花岗蟹|12754】》！！！=【熔岩王|12832】；//预设分级：合格的
妖精翼龙,平钓【红气球虫|12708】@1502-1800》！！！=【妖精翼龙|12833】；引诱；//预设分级：批量生成
吸血魔毯,平钓【巨型大蚊|12712】》！！=【吸血魔毯|12834】；引诱；//预设分级：批量生成
风暴骑士,平钓【巨型大蚊|12712】》！！！=【风暴骑士|12835】；引诱；//预设分级：批量生成
狂斗鱼,平钓【残暴水蛭|12711】@（碧空|1、晴朗|2）》！！=【狂斗鱼|12836】；引诱；//预设分级：批量生成
毛鳞鱼,平钓【残暴水蛭|12711】@0002-0600》！=【毛鳞鱼|12837】；引诱；//预设分级：批量生成
欧洛浦肯,平钓【恶魔蠕虫|12710】@（打雷|9）》！！=【欧洛浦肯|13727】；引诱；//预设分级：批量生成
库尔札斯海若螺,平钓【残暴水蛭|12711】@0002-0400（暴雪|16）》16~！@拍水【冰战神|12715】=引诱、不撒饵；//预设分级：合格的
龙堡公鱼,平钓【残暴水蛭|12711】》！=【龙堡公鱼|13729】；引诱；//预设分级：批量生成
天空珊瑚,平钓【巨型大蚊|12712】@0002-0600（碧空|1、晴朗|2）》！=【天空珊瑚|13730】；引诱、钓组；//预设分级：批量生成
太阳帆,平钓【巨型大蚊|12712】@1532-1700（碧空|1、晴朗|2）》！！=【太阳帆|13731】；引诱；//预设分级：批量生成
哥布林鲈,平钓【残暴水蛭|12711】@0002-0600（阴云|3、薄雾|4）》！！=【哥布林鲈|13732】；引诱；//预设分级：批量生成
熔岩蜗牛,平钓【熔岩蠕虫|12709】@（碧空|1、晴朗|2）》！=【熔岩蜗牛|14215】；引诱、钓组；//预设分级：批量生成
琥珀蝾螈,平钓【残暴水蛭|12711】@0602-1200》！！！=【琥珀蝾螈|14211】；引诱；//预设分级：批量生成
沼鯥,平钓【土蜘蛛|12705】》！=【沼鯥|14212】；引诱；//预设分级：批量生成
棉云魟,平钓【巨型大蚊|12712】@（碧空|1、晴朗|2）》！！=【棉云魟|14213】；引诱；//预设分级：批量生成
夜翼鱼龙,平钓【巨型大蚊|12712】》！！！=【夜翼鱼龙|14214】；引诱；//预设分级：批量生成
祭司鱼,平钓【残暴水蛭|12711】》！！=【祭司鱼|14216】；引诱；//预设分级：批量生成
库尔札斯牡蛎,平钓【残暴水蛭|12711】》！=【库尔札斯牡蛎|14217】；引诱、钓组；//预设分级：批量生成
古象鼻鱼,平钓【恶魔蠕虫|12710】@1802-2400（打雷|9）》！=【古象鼻鱼|14218】；引诱；//预设分级：批量生成
妖祸克拉肯,平钓【残暴水蛭|12711】》！！！=【妖祸克拉肯|14219】；引诱；//预设分级：批量生成
鳞鲶,平钓【残暴水蛭|12711】@（阴云|3、薄雾|4）》！！=【鳞鲶|14220】；引诱；//预设分级：批量生成
萨维奈秋叶鱼,平钓【金属亮片|28634】》！！=【萨维奈秋叶鱼|17562】；引诱；//预设分级：批量生成
清澈冰战神,平钓【金属亮片|28634】》！=【清澈冰战神|17563】；引诱；//预设分级：批量生成
云海红珊瑚,平钓【金属亮片|28634】》！=【云海红珊瑚|17564】；引诱、钓组；//预设分级：批量生成
心贝,平钓【金属亮片|28634】》！=【心贝|17565】；引诱；//预设分级：批量生成
河虾,平钓【金属亮片|28634】》！=【河虾|17566】；引诱；//预设分级：批量生成
彗星鲦,平钓【悬浮诱饵鱼|20619】》！！=【彗星鲦|20026】；引诱；//预设分级：批量生成
金丽鱼,平钓【鲑鱼籽|20613】》！=【金丽鱼|20029】；引诱；//预设分级：批量生成
阿巴拉提亚苦鱼,平钓【肥蚯蚓|20614】》！=【阿巴拉提亚苦鱼|20042】；引诱；//预设分级：批量生成
暗缟虾虎,平钓【鲑鱼籽|20613】》！！=【暗缟虾虎|20045】；引诱；//预设分级：批量生成
头铁鳟,平钓【悬浮诱饵鱼|20619】》！！=【头铁鳟|20049】；引诱；//预设分级：批量生成
破损蟹,平钓【鲑鱼籽|20613】》！=【破损蟹|20055】；引诱；//预设分级：批量生成
缪恩鱼,平钓【鲑鱼籽|20613】@（阴云|3、薄雾|4）》！！=【缪恩鱼|20058】；//预设分级：合格的
寺院鲫鱼,平钓【鲑鱼籽|20613】》！=【寺院鲫鱼|20062】；引诱；//预设分级：批量生成
气球蛙,平钓【鲑鱼籽|20613】》！=【气球蛙|20064】；引诱；//预设分级：批量生成
灯笼球藻,平钓【悬浮诱饵鱼|20619】》！=【灯笼球藻|20065】；引诱；//预设分级：批量生成
逆流鱼,平钓【肥蚯蚓|20614】》！！=【逆流鱼|20070】；引诱；//预设分级：批量生成
精金多鳍鱼,平钓【悬浮诱饵鱼|20619】》！！=【精金多鳍鱼|20072】；引诱；//预设分级：批量生成
溶骨蜗牛,平钓【鲑鱼籽|20613】》！=【溶骨蜗牛|20082】；引诱；//预设分级：批量生成
落叶鱼,平钓【悬浮诱饵鱼|20619】》！=【落叶鱼|20083】；引诱；//预设分级：批量生成
威罗迪纳草鱼,平钓【肥蚯蚓|20614】》！！=【威罗迪纳草鱼|20087】；引诱；//预设分级：批量生成
高地刺鱼,平钓【鲑鱼籽|20613】》！！=【高地刺鱼|20090】；引诱；//预设分级：批量生成
谷爬鱼,平钓【鲑鱼籽|20613】》！！=【谷爬鱼|20033】；引诱；//预设分级：批量生成
幻象鲢鱼,平钓【鲑鱼籽|20613】》！=【幻象鲢鱼|20047】；引诱；//预设分级：批量生成
角尊鳅,平钓【鲑鱼籽|20613】》！！=【角尊鳅|20136】；引诱；//预设分级：批量生成
基拉巴尼亚鳟,平钓【赤虫|20615】》！！=【基拉巴尼亚鳟|20056】；引诱；//预设分级：批量生成
唾血龙虾,大鱼【赤虫|20615】》！！【基拉巴尼亚鳟|20056】》！=【唾血龙虾|20057】；不撒饵；//预设分级：合格的
武斗鱼,大鱼【赤虫|20615】》！！【基拉巴尼亚鳟|20056】》！=【武斗鱼|20059】；引诱、不撒饵；//预设分级：批量生成
银币鱼,平钓【肥蚯蚓|20614】》！=【银币鱼|20063】；引诱；//预设分级：批量生成
小流星,平钓【鲑鱼籽|20613】@（阴云|3、薄雾|4）》！=【小流星|20084】；引诱；//预设分级：批量生成
倾仰鲶鱼,平钓【鲑鱼籽|20613】@1602-1815》！=【倾仰鲶鱼|20085】；引诱；//预设分级：批量生成
涅槃蟹,平钓【鲑鱼籽|20613】@（阴云|3、薄雾|4）》！！=【涅槃蟹|20086】；引诱；//预设分级：批量生成
砂砾鱼,平钓【鲑鱼籽|20613】》！=【砂砾鱼|20091】；引诱；//预设分级：批量生成
鳀鱼,平钓【活虾|20617】》！=【鳀鱼|20092】；引诱；//预设分级：批量生成
琉璃鲱,平钓【活虾|20617】》！！=【琉璃鲱|20093】；引诱；//预设分级：批量生成
地狱水母,平钓【活虾|20617】》！=【地狱水母|20094】；引诱；//预设分级：批量生成
红玉珊瑚,平钓【活虾|20617】》！=【红玉珊瑚|20095】；引诱、钓组；//预设分级：批量生成
苍玉珊瑚,平钓【活虾|20617】》！=【苍玉珊瑚|20096】；引诱、钓组；//预设分级：批量生成
白骨珊瑚,平钓【活虾|20617】》！=【白骨珊瑚|20097】；引诱、钓组；//预设分级：批量生成
红玉虾,平钓【活虾|20617】》！=【红玉虾|20112】；引诱；//预设分级：批量生成
黑斑花蛇鳗,平钓【活虾|20617】》！！=【黑斑花蛇鳗|20037】；引诱；//预设分级：批量生成
石楠嘉鱼,平钓【悬浮诱饵鱼|20619】》！！=【石楠嘉鱼|20050】；引诱；//预设分级：批量生成
电鲶鱼,平钓【肥蚯蚓|20614】》！！=【电鲶鱼|20060】；引诱；//预设分级：批量生成
死亡鳅,平钓【鲑鱼籽|20613】》！=【死亡鳅|20066】；引诱；//预设分级：批量生成
夫蟹,平钓【肥蚯蚓|20614】》！=【夫蟹|20067】；引诱；//预设分级：批量生成
素面蝲蛄,平钓【肥蚯蚓|20614】》！=【素面蝲蛄|20069】；引诱；//预设分级：批量生成
阿巴拉提亚蝾螈,平钓【悬浮诱饵鱼|20619】》！=【阿巴拉提亚蝾螈|20071】；引诱；//预设分级：批量生成
洞穴鳉,平钓【悬浮诱饵鱼|20619】》！=【洞穴鳉|20081】；引诱；//预设分级：批量生成
拉尔戈落雷,平钓【鲑鱼籽|20613】》！！=【拉尔戈落雷|20089】；引诱；//预设分级：批量生成
东洲蝴蝶鱼,平钓【蓝矶沙蚕|20676】》！！=【东洲蝴蝶鱼|20098】；引诱；//预设分级：批量生成
鱼大夫,平钓【蓝矶沙蚕|20676】》！！=【鱼大夫|20099】；引诱；//预设分级：批量生成
木叶龙,大鱼【活虾|20617】》！【红玉虾|20112】》！=【木叶龙|20101】；引诱、不撒饵；//预设分级：批量生成
琉璃鲽鱼,大鱼【活虾|20617】》！【红玉虾|20112】》！！=【琉璃鲽鱼|20102】；引诱、不撒饵；//预设分级：批量生成
滑翔鱼,平钓【蔓菁拟饵|20618】》！！=【滑翔鱼|20106】；引诱；//预设分级：批量生成
刺鲀,平钓【活虾|20617】》！！=【刺鲀|20107】；引诱；//预设分级：批量生成
圆扇贝,平钓【活虾|20617】》！！=【圆扇贝|20108】；引诱；//预设分级：批量生成
虎纹河豚,平钓【蓝矶沙蚕|20676】》！！=【虎纹河豚|20113】；引诱；//预设分级：批量生成
白姑鱼,平钓【蔓菁拟饵|20618】》！！=【白姑鱼|20032】；引诱；//预设分级：批量生成
河红眼鲈,平钓【肥蚯蚓|20614】》！！=【河红眼鲈|20046】；引诱；//预设分级：批量生成
野鲤,平钓【肥蚯蚓|20614】》！！=【野鲤|20137】；引诱；//预设分级：批量生成
非信仰巨骨舌鱼,大鱼【赤虫|20615】》！！【基拉巴尼亚鳟|20056】》！！=【非信仰巨骨舌鱼|20061】；引诱、不撒饵；//预设分级：批量生成
妇虾,平钓【肥蚯蚓|20614】》！=【妇虾|20068】；引诱；//预设分级：批量生成
威罗迪纳黑鲤,平钓【鲑鱼籽|20613】》！！=【威罗迪纳黑鲤|20088】；引诱；//预设分级：批量生成
延夏鲤,平钓【肥蚯蚓|20614】》！！=【延夏鲤|20118】；引诱；//预设分级：批量生成
长须鲶鱼,平钓【悬浮诱饵鱼|20619】》！！=【长须鲶鱼|20120】；引诱；//预设分级：批量生成
多玛鳟,平钓【肥蚯蚓|20614】》！！=【多玛鳟|20123】；引诱；//预设分级：批量生成
延夏红眼鲈,平钓【肥蚯蚓|20614】》！！！=【延夏红眼鲈|20020】；引诱；//预设分级：批量生成
红翅鱼,平钓【赤虫|20615】》！=【红翅鱼|20023】；引诱；//预设分级：批量生成
青鳉,平钓【赤虫|20615】@（碧空|1）》！=【青鳉|20036】；引诱；//预设分级：合格的
多玛蝲蛄,平钓【肥蚯蚓|20614】》！=【多玛蝲蛄|20111】；引诱；//预设分级：批量生成
东洲鳟,大鱼【肥蚯蚓|20614】》！【嘎牙子|20127】》！！=【东洲鳟|20126】；不撒饵；//预设分级：合格的
嘎牙子,平钓【肥蚯蚓|20614】》！=【嘎牙子|20127】；引诱；//预设分级：批量生成
草跳鱼,平钓【赤虫|20615】》！=【草跳鱼|20128】；引诱；//预设分级：批量生成
太阳鲈,平钓【赤虫|20615】》！！=【太阳鲈|20130】；引诱；//预设分级：批量生成
晨曦蝲蛄,大鱼【肥蚯蚓|20614】》！【嘎牙子|20127】》！=【晨曦蝲蛄|20132】；不撒饵；//预设分级：合格的
天幕鱼,平钓【悬浮诱饵鱼|20619】》！！=【天幕鱼|20138】；引诱；//预设分级：批量生成
亚特虾虎,平钓【赤虫|20615】》！=【亚特虾虎|20031】；引诱；//预设分级：批量生成
月神恩惠,平钓【赤虫|20615】》！！=【月神恩惠|20080】；引诱；//预设分级：批量生成
多玛鳗,平钓【赤虫|20615】@1702-1000》！！=【多玛鳗|20124】；引诱；//预设分级：批量生成
黄铜鱼,平钓【肥蚯蚓|20614】》！=【黄铜鱼|20125】；引诱；//预设分级：批量生成
枯草跳鱼,平钓【赤虫|20615】》！=【枯草跳鱼|20129】；引诱；//预设分级：批量生成
青空泪,平钓【赤虫|20615】》！=【青空泪|20131】；引诱；//预设分级：批量生成
暮晖蝲蛄,大鱼【肥蚯蚓|20614】》！【嘎牙子|20127】》！=【暮晖蝲蛄|20133】；引诱、不撒饵；//预设分级：批量生成
弓鱼,平钓【赤虫|20615】》！！=【弓鱼|20134】；引诱；//预设分级：批量生成
翡翠河鹿鱼,平钓【赤虫|20615】》！=【翡翠河鹿鱼|20135】；引诱；//预设分级：批量生成
硬鳞鱼,平钓【悬浮诱饵鱼|20619】》！！=【硬鳞鱼|20140】；引诱；//预设分级：批量生成
无二草鱼,平钓【赤虫|20615】@2002-0400》！！！=【无二草鱼|20027】；引诱；//预设分级：批量生成
武士鱼,平钓【赤虫|20615】》！=【武士鱼|20028】；引诱；//预设分级：批量生成
塔奥苦鱼,平钓【赤虫|20615】》！=【塔奥苦鱼|20044】；引诱；//预设分级：批量生成
白纸鱼,平钓【赤虫|20615】》！！=【白纸鱼|20115】；引诱；//预设分级：批量生成
龙鱼,平钓【悬浮诱饵鱼|20619】》！！=【龙鱼|20116】；引诱；//预设分级：批量生成
王室鲑,平钓【赤虫|20615】》！！=【王室鲑|20117】；引诱；//预设分级：批量生成
黄彩鱼,平钓【悬浮诱饵鱼|20619】》！！=【黄彩鱼|20052】；引诱；//预设分级：批量生成
青彩鱼,平钓【悬浮诱饵鱼|20619】》！！=【青彩鱼|20053】；引诱；//预设分级：批量生成
猛牛口食,平钓【赤虫|20615】@（扬沙|11、阴云|3、薄雾|4、微风|5）》！！=【猛牛口食|20076】；引诱；//预设分级：批量生成
窥视鱼,平钓【赤虫|20615】》！！=【窥视鱼|20077】；引诱；//预设分级：批量生成
基迦鲈,平钓【嗡嗡石蝇|20675】》！！=【基迦鲈|20079】；引诱；//预设分级：批量生成
大王乌贼,大鱼【活虾|20617】》！【红玉虾|20112】》！！！=【大王乌贼|20104】；引诱、不撒饵；//预设分级：批量生成
毯子章鱼,大鱼【活虾|20617】》！【红玉虾|20112】》！！！=【毯子章鱼|20105】；引诱、不撒饵；//预设分级：批量生成
琉璃金枪鱼,平钓【蓝矶沙蚕|20676】》！！=【琉璃金枪鱼|20110】；引诱；//预设分级：批量生成
雷遁鱼,平钓【悬浮诱饵鱼|20619】@（小雨|7、暴雨|8）》！！=【雷遁鱼|20114】；引诱；//预设分级：批量生成
东方刺鱼,平钓【悬浮诱饵鱼|20619】@（碧空|1、晴朗|2）》！！！=【东方刺鱼|20141】；引诱；//预设分级：批量生成
岩盐咸鱼,平钓【蚕蛹|20616】》！！=【岩盐咸鱼|20025】；引诱；//预设分级：批量生成
大天竺鱼,平钓【蓝矶沙蚕|20676】@1002-1800（碧空|1）》！！=【大天竺鱼|20034】；引诱；//预设分级：批量生成
赤点石斑鱼,大鱼【活虾|20617】》！【红玉虾|20112】》！！=【赤点石斑鱼|20038】；引诱、不撒饵；//预设分级：批量生成
盐盾,平钓【蚕蛹|20616】》！！！=【盐盾|20039】；引诱；//预设分级：批量生成
冥想鱼,平钓【悬浮诱饵鱼|20619】@（扬沙|11、阴云|3、薄雾|4、微风|5）》！！=【冥想鱼|20073】；引诱；//预设分级：批量生成
高山骨舌鱼,平钓【悬浮诱饵鱼|20619】》！！=【高山骨舌鱼|20075】；引诱；//预设分级：批量生成
弯刀鱼,平钓【悬浮诱饵鱼|20619】》！！=【弯刀鱼|20078】；引诱；//预设分级：批量生成
石头鱼,大鱼【活虾|20617】》！【红玉虾|20112】》！！！=【石头鱼|20109】；引诱、不撒饵；//预设分级：批量生成
东洲巨骨舌鱼,平钓【悬浮诱饵鱼|20619】》！！=【东洲巨骨舌鱼|20119】；引诱；//预设分级：批量生成
熊猫蝶尾鱼,平钓【赤虫|20615】@1002-1800》！！=【熊猫蝶尾鱼|20122】；引诱；//预设分级：批量生成
鳍龙,大鱼【活虾|20617】@（打雷|9）》！【红玉虾|20112】》！！！=【鳍龙|20018】；引诱、不撒饵；//预设分级：批量生成
阿拉米格缎带鱼,平钓【悬浮诱饵鱼|20619】》！=【阿拉米格缎带鱼|20019】；引诱；//预设分级：批量生成
天女鱼,平钓【嗡嗡石蝇|20675】@1602-2400》！！=【天女鱼|20021】；引诱；//预设分级：批量生成
扇贝海蛇,平钓【蓝矶沙蚕|20676】》！！=【扇贝海蛇|20022】；引诱；//预设分级：批量生成
汗鱼,平钓【嗡嗡石蝇|20675】》！=【汗鱼|20024】；引诱；//预设分级：批量生成
哈克苦鱼,平钓【嗡嗡石蝇|20675】@0002-0400（小雨|7）》！！=【哈克苦鱼|20030】；引诱；//预设分级：批量生成
白马,平钓【蚕蛹|20616】》！=【白马|20035】；引诱；//预设分级：批量生成
雕塑家,大鱼【蚕蛹|20616】@1202-1800（雷雨|10）》！！【岩盐咸鱼|20025】》！！！=【雕塑家|20040】；引诱、不撒饵；//预设分级：批量生成
珍珠眼,大鱼【蚕蛹|20616】》！！【岩盐咸鱼|20025】》！！！=【珍珠眼|20041】；引诱、不撒饵；//预设分级：批量生成
白钢鲨,平钓【悬浮诱饵鱼|20619】@（碧空|1）》！=【白钢鲨|20043】；引诱；//预设分级：批量生成
迎春鱼,平钓【蓝矶沙蚕|20676】》！！=【迎春鱼|20048】；引诱；//预设分级：批量生成
绢鲤,平钓【嗡嗡石蝇|20675】@（小雨|7）》！！！=【绢鲤|20051】；引诱；//预设分级：批量生成
花海马,大鱼【活虾|20617】》！【红玉虾|20112】》！！=【花海马|20054】；引诱、不撒饵；//预设分级：批量生成
裁定鱼,平钓【嗡嗡石蝇|20675】@（微风|5）》！！！=【裁定鱼|20074】；引诱；//预设分级：批量生成
剑旗鱼,平钓【蓝矶沙蚕|20676】@0802-1600（阴云|3、微风|5）》！！！=【剑旗鱼|20100】；引诱；//预设分级：批量生成
赏梅鱼,平钓【赤虫|20615】》！！=【赏梅鱼|20121】；引诱；//预设分级：批量生成
绝鬼鳄,大鱼【活虾|20617】》！【红玉虾|20112】》！！！=【绝鬼鳄|20103】；引诱、不撒饵；//预设分级：批量生成
幽灵鱼,平钓【嗡嗡石蝇|20675】@0002-0400（薄雾|4）》！！=【幽灵鱼|20142】；引诱；//预设分级：批量生成
基拉巴尼亚鲢鱼,平钓【金属亮片|28634】》！=【基拉巴尼亚鲢鱼|20785】；引诱；//预设分级：批量生成
珊瑚海马,平钓【金属亮片|28634】》！=【珊瑚海马|20786】；引诱；//预设分级：批量生成
恋心球藻,平钓【金属亮片|28634】》！=【恋心球藻|20787】；引诱；//预设分级：批量生成
威罗迪纳鲑鱼,平钓【金属亮片|28634】》！！=【威罗迪纳鲑鱼|20788】；引诱；//预设分级：批量生成
紫圆盾,平钓【金属亮片|28634】》！！=【紫圆盾|20789】；引诱；//预设分级：批量生成
枢机鱼,平钓【悬浮诱饵鱼|20619】@1902-2300（阴云|3、薄雾|4）》！！=【枢机鱼|21174】；引诱；//预设分级：批量生成
岩石鱼,平钓【悬浮诱饵鱼|20619】@1202-1600（扬沙|11、阴云|3、薄雾|4、微风|5）》！=【岩石鱼|21175】；引诱；//预设分级：批量生成
浮木鱼,平钓【蓝矶沙蚕|20676】@0802-1200（微风|5）》！！！=【浮木鱼|21176】；引诱；//预设分级：批量生成
紫彩鱼,平钓【嗡嗡石蝇|20675】@0002-0400》！！=【紫彩鱼|21177】；引诱；//预设分级：批量生成
虹鳉,平钓【嗡嗡石蝇|20675】@1602-2000（碧空|1、晴朗|2）》！=【虹鳉|21178】；引诱；//预设分级：批量生成
红尾鲶,大鱼【鲑鱼籽|20613】@（阴云|3、薄雾|4）》！【气球蛙|20064】》！！！=【红尾鲶|22392】；引诱、不撒饵；//预设分级：批量生成
幻河鲯,平钓【嗡嗡石蝇|20675】@0402-0800》！！！=【幻河鲯|22389】；引诱；//预设分级：批量生成
鳄龟,平钓【悬浮诱饵鱼|20619】@（碧空|1、晴朗|2）》！！=【鳄龟|22391】；引诱；//预设分级：批量生成
盐磨鲨,大鱼【蚕蛹|20616】@（阴云|3、薄雾|4）》！！【岩盐咸鱼|20025】》！！！=【盐磨鲨|22394】；引诱、不撒饵；//预设分级：批量生成
花须鯙,大鱼【活虾|20617】》！【红玉虾|20112】》！=【花须鯙|22396】；引诱、不撒饵；//预设分级：批量生成
盆栽鱼,平钓【肥蚯蚓|20614】》！=【盆栽鱼|22395】；引诱；//预设分级：批量生成
仿麻鱼,平钓【蓝矶沙蚕|20676】@0502-0700》！=【仿麻鱼|22390】；引诱；//预设分级：批量生成
薄毯章鱼,平钓【活虾|20617】》！！！=【薄毯章鱼|22393】；引诱；//预设分级：批量生成
红彩鱼,平钓【嗡嗡石蝇|20675】@0402-0800》！！=【红彩鱼|22397】；引诱；//预设分级：批量生成
河中长老,大鱼【肥蚯蚓|20614】@（阴云|3、薄雾|4、微风|5）》！【嘎牙子|20127】》！！=【河中长老|22398】；引诱、不撒饵；//预设分级：批量生成
尖叫者,大鱼【活虾|20617】》！【红玉虾|20112】》！！！=【尖叫者|23054】；引诱、不撒饵；//预设分级：批量生成
白彩鱼,大鱼【嗡嗡石蝇|20675】@0002-0400》！！【紫彩鱼|21177】》！！=【白彩鱼|23055】；引诱、不撒饵；//预设分级：批量生成
橙彩鱼,大鱼【嗡嗡石蝇|20675】@0402-0800》！！【红彩鱼|22397】》！=【橙彩鱼|23056】；引诱、不撒饵；//预设分级：批量生成
康复鱼,平钓【金属亮片|28634】》！！=【康复鱼|23071】；引诱；//预设分级：批量生成
释法来豹鱼,平钓【金属亮片|28634】》！！=【释法来豹鱼|23072】；引诱；//预设分级：批量生成
热鳍鱼,平钓【金属亮片|28634】》！！=【热鳍鱼|23073】；引诱；//预设分级：批量生成
白银贝,平钓【金属亮片|28634】》！=【白银贝|23074】；引诱；//预设分级：批量生成
青蓝之面,平钓【金属亮片|28634】》！！=【青蓝之面|23075】；引诱；//预设分级：批量生成
蓝彩鱼,大鱼【嗡嗡石蝇|20675】@0002-0400》！！【紫彩鱼|21177】》！=【蓝彩鱼|24203】；引诱、不撒饵；//预设分级：批量生成
绿彩鱼,平钓【嗡嗡石蝇|20675】@0002-1600（碧空|1、晴朗|2）》！=【绿彩鱼|24204】；引诱；//预设分级：批量生成
北境生蚝,平钓【金属亮片|28634】》！=【北境生蚝|24557】；引诱；//预设分级：批量生成
红玉海藻,平钓【金属亮片|28634】》！=【红玉海藻|24558】；引诱；//预设分级：批量生成
脉轮鲶,平钓【金属亮片|28634】》！！=【脉轮鲶|24559】；引诱；//预设分级：批量生成
狱卒鮟鱇,平钓【金属亮片|28634】》！！=【狱卒鮟鱇|24560】；引诱；//预设分级：批量生成
奥萨德鲑鱼,平钓【金属亮片|28634】》！！=【奥萨德鲑鱼|24561】；引诱；//预设分级：批量生成
八眼鳗,平钓【水果蠕虫|27582】》！=【八眼鳗|26746】；引诱；//预设分级：批量生成
水晶刀鱼,平钓【水果蠕虫|27582】》！！=【水晶刀鱼|27417】；引诱；//预设分级：批量生成
拉克汕鲤,平钓【水果蠕虫|27582】》！！=【拉克汕鲤|27411】；引诱；//预设分级：批量生成
蓝色公主海星,平钓【水果蠕虫|27582】》！=【蓝色公主海星|27412】；引诱；//预设分级：批量生成
硬糖藻,平钓【水果蠕虫|27582】》！=【硬糖藻|27425】；引诱；//预设分级：批量生成
紫角蜗牛,平钓【水果蠕虫|27582】》！=【紫角蜗牛|27427】；引诱；//预设分级：批量生成
净碟鱼,平钓【水果蠕虫|27582】》！=【净碟鱼|27428】；引诱；//预设分级：批量生成
兔跳鱼,平钓【水果蠕虫|27582】》！=【兔跳鱼|27429】；引诱；//预设分级：批量生成
水球鱼,平钓【水果蠕虫|27582】》！=【水球鱼|27426】；引诱；//预设分级：批量生成
黄体鲈,平钓【水果蠕虫|27582】》！=【黄体鲈|27430】；引诱；//预设分级：批量生成
白化雀鳝,平钓【盗蟹丸|27587】》！！=【白化雀鳝|27436】；引诱；//预设分级：批量生成
白化鳄,平钓【水果蠕虫|27582】》！！=【白化鳄|27431】；引诱；//预设分级：批量生成
食骨虾,平钓【水果蠕虫|27582】》！=【食骨虾|27438】；引诱；//预设分级：批量生成
太妃蜗牛,平钓【水果蠕虫|27582】》！=【太妃蜗牛|27439】；引诱；//预设分级：批量生成
沃茨鳟,平钓【水果蠕虫|27582】》！=【沃茨鳟|27440】；引诱；//预设分级：批量生成
南珂露西亚鳕鱼,平钓【藻虾|27583】》！=【南珂露西亚鳕鱼|27449】；引诱；//预设分级：批量生成
珂露西亚鲽鱼,平钓【藻虾|27583】》！=【珂露西亚鲽鱼|27448】；引诱；//预设分级：批量生成
碎贝海带,平钓【藻虾|27583】》！=【碎贝海带|27446】；引诱；//预设分级：批量生成
血色气球鱼,平钓【藻虾|27583】》！！=【血色气球鱼|27447】；引诱；//预设分级：批量生成
蔷薇虾,平钓【短嘴诱饵鱼|27588】》！=【蔷薇虾|27451】；引诱；//预设分级：批量生成
沙卵,平钓【沙漠蛙|27584】》！=【沙卵|27462】；引诱；//预设分级：批量生成
爱人之花,平钓【水果蠕虫|27582】》！=【爱人之花|27414】；引诱；//预设分级：批量生成
水晶都脂鲤,平钓【水果蠕虫|27582】》！=【水晶都脂鲤|27410】；引诱；//预设分级：批量生成
吐罪鱼,平钓【水果蠕虫|27582】》！=【吐罪鱼|27415】；引诱；//预设分级：批量生成
外套蜗牛,平钓【水果蠕虫|27582】》！=【外套蜗牛|27413】；引诱；//预设分级：批量生成
乳白珊瑚,平钓【藻虾|27583】》！=【乳白珊瑚|27419】；引诱、钓组；//预设分级：批量生成
砂砾贝,平钓【藻虾|27583】》！=【砂砾贝|27420】；引诱、钓组；//预设分级：批量生成
骨鳀鱼,平钓【藻虾|27583】》！=【骨鳀鱼|27422】；引诱；//预设分级：批量生成
雾鳉,平钓【水果蠕虫|27582】》！=【雾鳉|27433】；引诱；//预设分级：批量生成
蛇斑盘丽鱼,平钓【水果蠕虫|27582】》！=【蛇斑盘丽鱼|27435】；引诱；//预设分级：批量生成
白色石软蟹,平钓【水果蠕虫|27582】》！=【白色石软蟹|27434】；引诱；//预设分级：批量生成
贵族圆扇鱼,平钓【水果蠕虫|27582】》！=【贵族圆扇鱼|27443】；引诱；//预设分级：批量生成
斑纹鲶,平钓【水果蠕虫|27582】》！=【斑纹鲶|27444】；引诱；//预设分级：批量生成
深褐鳎,平钓【水果蠕虫|27582】》！=【深褐鳎|27445】；引诱；//预设分级：批量生成
尖枪乌贼,平钓【短嘴诱饵鱼|27588】》！=【尖枪乌贼|27457】；引诱；//预设分级：批量生成
变形鱼,平钓【乌贼丝|27590】》！=【变形鱼|27452】；引诱；//预设分级：批量生成
珂露西亚隆头鱼,大鱼【短嘴诱饵鱼|27588】》！【尖枪乌贼|27457】》！！=【珂露西亚隆头鱼|27454】；引诱、不撒饵；//预设分级：批量生成
剃刀鱼,平钓【藻虾|27583】》！=【剃刀鱼|27450】；引诱；//预设分级：批量生成
枯叶海龙,平钓【藻虾|27583】》！=【枯叶海龙|27455】；引诱；//预设分级：批量生成
比朗螃蟹,平钓【沙漠蛙|27584】》！=【比朗螃蟹|27458】；引诱；//预设分级：批量生成
沙遁鱼,平钓【沙漠蛙|27584】》！=【沙遁鱼|27459】；引诱；//预设分级：批量生成
琥珀八目鳗,平钓【沙漠蛙|27584】》！！=【琥珀八目鳗|27463】；引诱；//预设分级：批量生成
徘徊鲶鱼,平钓【水果蠕虫|27582】》！=【徘徊鲶鱼|27416】；引诱；//预设分级：批量生成
骸骨鱼,平钓【水果蠕虫|27582】》！=【骸骨鱼|27418】；引诱；//预设分级：批量生成
赤色海蜘蛛,平钓【藻虾|27583】》！=【赤色海蜘蛛|27421】；引诱；//预设分级：批量生成
贤岛巨鱼,平钓【盗蟹丸|27587】》！！！=【贤岛巨鱼|27437】；引诱；//预设分级：批量生成
奶蚝,平钓【藻虾|27583】》！=【奶蚝|26747】；引诱；//预设分级：批量生成
艺术鱼,平钓【藻虾|27583】》！！=【艺术鱼|27453】；引诱；//预设分级：批量生成
角骨鱼,平钓【力山羊肉干|27586】》！！=【角骨鱼|27460】；引诱；//预设分级：批量生成
沙蹼壁虎,平钓【沙漠蛙|27584】》！=【沙蹼壁虎|27461】；引诱；//预设分级：批量生成
灰跳鱼,平钓【水果蠕虫|27582】》！=【灰跳鱼|27470】；引诱；//预设分级：批量生成
青蓝鳅,平钓【水果蠕虫|27582】》！=【青蓝鳅|27479】；引诱；//预设分级：批量生成
仙子鱼,平钓【水果蠕虫|27582】》！=【仙子鱼|27471】；引诱；//预设分级：批量生成
珍珠鳞,平钓【大理石幼虫|27585】》！=【珍珠鳞|27469】；引诱；//预设分级：批量生成
樱桃鲱鱼,平钓【大理石幼虫|27585】》！=【樱桃鲱鱼|27473】；引诱；//预设分级：批量生成
游末邦蝴蝶鱼,平钓【藻虾|27583】》！=【游末邦蝴蝶鱼|27423】；引诱；//预设分级：批量生成
红锤头鲨,平钓【藻虾|27583】》！！=【红锤头鲨|27424】；引诱；//预设分级：批量生成
血眼蛙,平钓【大理石幼虫|27585】》！=【血眼蛙|27472】；引诱；//预设分级：批量生成
蝴蝶彩虹鳉,平钓【大理石幼虫|27585】》！=【蝴蝶彩虹鳉|27468】；引诱；//预设分级：批量生成
柠檬鱼,平钓【大理石幼虫|27585】》！=【柠檬鱼|27475】；引诱；//预设分级：批量生成
叛逆鱼,平钓【大理石幼虫|27585】》！=【叛逆鱼|27476】；引诱；//预设分级：批量生成
狂野红斗鱼,平钓【大理石幼虫|27585】》！=【狂野红斗鱼|27477】；引诱；//预设分级：批量生成
黄金龙虾,平钓【盗蟹丸|27587】》！=【黄金龙虾|27480】；引诱；//预设分级：批量生成
弧边招潮蟹,平钓【水果蠕虫|27582】》！=【弧边招潮蟹|27482】；引诱；//预设分级：批量生成
黄色皮皮拉鱼,平钓【水果蠕虫|27582】》！=【黄色皮皮拉鱼|27486】；引诱；//预设分级：批量生成
忠义鱼,平钓【大理石幼虫|27585】》！！=【忠义鱼|27487】；引诱；//预设分级：批量生成
大王镜贝,平钓【水果蠕虫|27582】》！=【大王镜贝|26748】；引诱；//预设分级：批量生成
胭脂鱼,平钓【大理石幼虫|27585】》！=【胭脂鱼|27474】；引诱；//预设分级：批量生成
斑点攀鲈,平钓【大理石幼虫|27585】》！=【斑点攀鲈|27478】；引诱；//预设分级：批量生成
拉凯提卡鳟,平钓【盗蟹丸|27587】》！=【拉凯提卡鳟|27489】；引诱；//预设分级：批量生成
黑根鳗,平钓【盗蟹丸|27587】》！！=【黑根鳗|27485】；引诱；//预设分级：批量生成
骑士鲈,平钓【盗蟹丸|27587】》！=【骑士鲈|27488】；引诱；//预设分级：批量生成
强盗蟹,平钓【大理石幼虫|27585】》！=【强盗蟹|27484】；引诱；//预设分级：批量生成
迦利克螃蟹,平钓【沙漠蛙|27584】》！=【迦利克螃蟹|27465】；引诱；//预设分级：批量生成
王冠脂鲤,平钓【盗蟹丸|27587】》！=【王冠脂鲤|27490】；引诱；//预设分级：批量生成
引螈,大鱼【盗蟹丸|27587】》！【王冠脂鲤|27490】》！！=【引螈|27491】；引诱、不撒饵；//预设分级：批量生成
钻石皮皮拉鱼,平钓【盗蟹丸|27587】@1202-2000》！！=【钻石皮皮拉鱼|27492】；引诱；//预设分级：批量生成
哲罗鱼,平钓【盗蟹丸|27587】》！！=【哲罗鱼|27441】；引诱；//预设分级：批量生成
拿巴示蝠鲼,大鱼【沙漠蛙|27584】》！【沙蹼壁虎|27461】》！！=【拿巴示蝠鲼|27466】；引诱、不撒饵；//预设分级：批量生成
银鲶,平钓【盗蟹丸|27587】》！=【银鲶|27493】；引诱；//预设分级：批量生成
黑色三连星,平钓【盗蟹丸|27587】》！=【黑色三连星|27483】；引诱；//预设分级：批量生成
黑风鱼,平钓【藻虾|27583】》！！=【黑风鱼|27497】；引诱；//预设分级：批量生成
西考拉克斯贝,平钓【短嘴诱饵鱼|27588】》！=【西考拉克斯贝|27496】；引诱、钓组；//预设分级：批量生成
斧鱼,平钓【盗蟹丸|27587】》！=【斧鱼|27442】；引诱；//预设分级：批量生成
琥珀鮟鱇,平钓【沙漠蛙|27584】》！！=【琥珀鮟鱇|26749】；引诱；//预设分级：批量生成
沙漠锯,平钓【力山羊肉干|27586】》！！！=【沙漠锯|27464】；引诱；//预设分级：批量生成
食人贝,平钓【短嘴诱饵鱼|27588】》！=【食人贝|27511】；引诱、钓组；//预设分级：批量生成
食用蚝,平钓【短嘴诱饵鱼|27588】》！=【食用蚝|27513】；引诱、钓组；//预设分级：批量生成
青色海蜘蛛,平钓【短嘴诱饵鱼|27588】》！=【青色海蜘蛛|27498】；引诱；//预设分级：批量生成
暗紫珊瑚,平钓【短嘴诱饵鱼|27588】》！=【暗紫珊瑚|27495】；引诱、钓组；//预设分级：批量生成
卡利班骨头鱼,平钓【藻虾|27583】》！！=【卡利班骨头鱼|27499】；引诱；//预设分级：批量生成
古代虾,平钓【短嘴诱饵鱼|27588】》！=【古代虾|27506】；引诱；//预设分级：批量生成
青色海恶魔,平钓【短嘴诱饵鱼|27588】》！！=【青色海恶魔|27509】；引诱；//预设分级：批量生成
斑点鳗,平钓【短嘴诱饵鱼|27588】》！=【斑点鳗|27504】；引诱；//预设分级：批量生成
白金虹鳉,平钓【虫箱|27589】@（碧空|1）》！=【白金虹鳉|27432】；引诱；//预设分级：批量生成
剑齿龙鳖,大鱼【短嘴诱饵鱼|27588】@1602-2400（阴云|3、薄雾|4）》！【尖枪乌贼|27457】》！！！=【剑齿龙鳖|27456】；引诱、不撒饵；//预设分级：批量生成
刺棘蜥蜴,大鱼【沙漠蛙|27584】@1002-1800（碧空|1、热浪|14、晴朗|2）》！【沙蹼壁虎|27461】》！！！=【刺棘蜥蜴|27467】；引诱、不撒饵；//预设分级：批量生成
水泡眼,平钓【虫箱|27589】@（碧空|1）》！=【水泡眼|27481】；引诱；//预设分级：批量生成
永暗鱼,平钓【虫箱|27589】@0002-0800（薄雾|4）》！=【永暗鱼|27494】；引诱；//预设分级：批量生成
骗子鱼,平钓【短嘴诱饵鱼|27588】@（晴朗|2）》！！=【骗子鱼|27500】；引诱；//预设分级：批量生成
巨型鮟鱇,平钓【短嘴诱饵鱼|27588】》！=【巨型鮟鱇|27501】；引诱；//预设分级：批量生成
绒毛女神虾,大鱼【短嘴诱饵鱼|27588】》！【古代虾|27506】》！=【绒毛女神虾|27507】；引诱、不撒饵；//预设分级：批量生成
彩虹虾,平钓【短嘴诱饵鱼|27588】》！=【彩虹虾|27514】；引诱；//预设分级：批量生成
鳍人族的宿敌,平钓【短嘴诱饵鱼|27588】》！！=【鳍人族的宿敌|27503】；引诱；//预设分级：批量生成
海洋陷阱,平钓【短嘴诱饵鱼|27588】》！=【海洋陷阱|27505】；引诱；//预设分级：批量生成
观星鱼,平钓【短嘴诱饵鱼|27588】》！=【观星鱼|27512】；引诱；//预设分级：批量生成
薄饼章鱼,平钓【短嘴诱饵鱼|27588】》！=【薄饼章鱼|27510】；引诱；//预设分级：批量生成
猎手鱼,平钓【短嘴诱饵鱼|27588】》！！=【猎手鱼|27515】；引诱；//预设分级：批量生成
鳍人族的渔叉,平钓【短嘴诱饵鱼|27588】》！！=【鳍人族的渔叉|27502】；引诱；//预设分级：批量生成
贻贝,平钓【乌贼丝|27590】》！=【贻贝|28719】；引诱、钓组；//预设分级：批量生成
拉克汕墨螺,平钓【金属亮片|28634】》！=【拉克汕墨螺|28189】；引诱；//预设分级：批量生成
白油刺鱼,平钓【金属亮片|28634】》！！=【白油刺鱼|28190】；引诱；//预设分级：批量生成
仙女贝,平钓【金属亮片|28634】》！=【仙女贝|28191】；引诱；//预设分级：批量生成
艾兰凶龟,平钓【金属亮片|28634】》！！=【艾兰凶龟|28192】；引诱；//预设分级：批量生成
珂露西亚帝王蟹,平钓【金属亮片|28634】》！！=【珂露西亚帝王蟹|28193】；引诱；//预设分级：批量生成
蓝蟹,平钓【乌贼丝|27590】》！=【蓝蟹|30487】；引诱；//预设分级：批量生成
倒挂金钟的花蕾,平钓【盗蟹丸|27587】》！=【倒挂金钟的花蕾|30593】；引诱；//预设分级：批量生成
重盾贝,平钓【金属亮片|28634】》！！=【重盾贝|30488】；引诱；//预设分级：批量生成
钓钩鱼,平钓【金属亮片|28634】》！！=【钓钩鱼|30489】；引诱；//预设分级：批量生成
云草,平钓【金属亮片|28634】》！=【云草|30490】；引诱；//预设分级：批量生成
巨鲱,平钓【金属亮片|28634】》！=【巨鲱|30491】；引诱；//预设分级：批量生成
墨贝,平钓【金属亮片|28634】》！=【墨贝|30492】；引诱；//预设分级：批量生成
龙堡扇贝,平钓【金属亮片|28634】》！=【龙堡扇贝|33219】；引诱；//预设分级：批量生成
云海海带,平钓【金属亮片|28634】》！=【云海海带|33220】；引诱；//预设分级：批量生成
猩红蛙,平钓【金属亮片|28634】》！=【猩红蛙|33221】；引诱；//预设分级：批量生成
白蜃蛤蜊,平钓【金属亮片|28634】》！=【白蜃蛤蜊|33222】；引诱；//预设分级：批量生成
熏香鱼,平钓【金属亮片|28634】》！=【熏香鱼|33223】；引诱；//预设分级：批量生成
海扇蛤,平钓【虾肉丸子|36592】》！=【海扇蛤|36385】；引诱、钓组；//预设分级：批量生成
北洋鲱,平钓【虾肉丸子|36592】》！=【北洋鲱|36386】；引诱；//预设分级：批量生成
狗脸鲀,平钓【虾肉丸子|36592】》！=【狗脸鲀|36387】；引诱；//预设分级：批量生成
钴铁光鳃鱼,平钓【虾肉丸子|36592】》！！=【钴铁光鳃鱼|36388】；引诱；//预设分级：批量生成
吉他鱼,平钓【虾肉丸子|36592】》！！=【吉他鱼|36389】；引诱；//预设分级：批量生成
螯虾,平钓【天空勺形鱼饵|36590】》！=【螯虾|36390】；引诱；//预设分级：批量生成
眼点丽鱼,平钓【天空勺形鱼饵|36590】》！！=【眼点丽鱼|36392】；引诱；//预设分级：批量生成
大学究,平钓【天空勺形鱼饵|36590】》！！=【大学究|36393】；引诱；//预设分级：批量生成
剑脊锯盖鱼,平钓【天空勺形鱼饵|36590】》！！=【剑脊锯盖鱼|36394】；引诱；//预设分级：批量生成
千虑鱼,平钓【天空勺形鱼饵|36590】》！=【千虑鱼|36395】；引诱；//预设分级：批量生成
涌潮大丽花,平钓【天空勺形鱼饵|36590】》！=【涌潮大丽花|36396】；引诱；//预设分级：批量生成
子代蝴蝶鱼,平钓【天空勺形鱼饵|36590】》！=【子代蝴蝶鱼|36397】；引诱；//预设分级：批量生成
鲴鱼,平钓【天空勺形鱼饵|36590】》！！=【鲴鱼|36398】；引诱；//预设分级：批量生成
水面鳉,平钓【天空勺形鱼饵|36590】》！=【水面鳉|36399】；引诱；//预设分级：批量生成
小方砖丽鱼,平钓【天空勺形鱼饵|36590】》！！=【小方砖丽鱼|36400】；引诱；//预设分级：批量生成
特级以太药虱,平钓【黄金鱼子|36588】》！=【特级以太药虱|35604】；引诱；//预设分级：批量生成
宽身锯盖鱼,平钓【天空勺形鱼饵|36590】》！！=【宽身锯盖鱼|36402】；引诱；//预设分级：批量生成
虹鳞鲮脂鲤,平钓【天空勺形鱼饵|36590】》！=【虹鳞鲮脂鲤|36403】；引诱；//预设分级：批量生成
中丽鱼,平钓【天空勺形鱼饵|36590】》！！=【中丽鱼|36404】；引诱；//预设分级：批量生成
绿鳃鲑,平钓【天空勺形鱼饵|36590】》！！=【绿鳃鲑|36405】；引诱；//预设分级：批量生成
长嘴鱲,平钓【天空勺形鱼饵|36590】》！！=【长嘴鱲|36407】；引诱；//预设分级：批量生成
红弓鳍鱼,平钓【天空勺形鱼饵|36590】》！！=【红弓鳍鱼|36408】；引诱；//预设分级：批量生成
贪食沼虾,平钓【天空勺形鱼饵|36590】》！=【贪食沼虾|36409】；引诱；//预设分级：批量生成
吹箭鱼,平钓【天空勺形鱼饵|36590】》！=【吹箭鱼|36410】；引诱；//预设分级：批量生成
玄铁刀背鱼,平钓【天空勺形鱼饵|36590】》！！=【玄铁刀背鱼|36411】；引诱；//预设分级：批量生成
以太螯虾,平钓【蜉蝣|36591】》！！=【以太螯虾|36412】；引诱；//预设分级：批量生成
迷津罗非鱼,大鱼【蜉蝣|36591】@0802-1600（晴朗|2）》！！【以太螯虾|36412】》！！=【迷津罗非鱼|36414】；引诱、不撒饵；//预设分级：批量生成
象魔鼻鱼,平钓【天空勺形鱼饵|36590】》！！=【象魔鼻鱼|36415】；引诱；//预设分级：批量生成
樱使鳟,平钓【天空勺形鱼饵|36590】》！！=【樱使鳟|36417】；引诱；//预设分级：批量生成
长耳太阳鱼,平钓【天空勺形鱼饵|36590】》！！=【长耳太阳鱼|36418】；引诱；//预设分级：批量生成
银脂鲤,平钓【天空勺形鱼饵|36590】》！！=【银脂鲤|36419】；引诱；//预设分级：批量生成
萨维奈虾虎,平钓【虾肉丸子|36592】》！=【萨维奈虾虎|36420】；引诱；//预设分级：批量生成
船鳎,平钓【虾肉丸子|36592】》！=【船鳎|36421】；引诱；//预设分级：批量生成
玫瑰蟹,平钓【虾肉丸子|36592】》！！=【玫瑰蟹|36422】；引诱；//预设分级：批量生成
豹纹石斑鱼,平钓【虾肉丸子|36592】》！！=【豹纹石斑鱼|36423】；引诱；//预设分级：批量生成
婚宴娟纱,平钓【虾肉丸子|36592】》！！=【婚宴娟纱|36425】；引诱；//预设分级：批量生成
暗影沙丁鱼,平钓【青花鱼块|36593】》！！=【暗影沙丁鱼|36426】；引诱；//预设分级：批量生成
帕克夏鱼,平钓【虾肉丸子|36592】》！！=【帕克夏鱼|36427】；引诱；//预设分级：批量生成
雷咏隆头鱼,平钓【虾肉丸子|36592】》！！=【雷咏隆头鱼|35605】；引诱；//预设分级：批量生成
黄金尖吻鲈,平钓【虾肉丸子|36592】》！！=【黄金尖吻鲈|36430】；引诱；//预设分级：批量生成
卡嘉雅落选者,平钓【天空勺形鱼饵|36590】》！=【卡嘉雅落选者|36431】；引诱；//预设分级：批量生成
魔象蛙,平钓【天空勺形鱼饵|36590】》！！=【魔象蛙|36432】；引诱；//预设分级：批量生成
蓝鳃太阳鱼,平钓【天空勺形鱼饵|36590】》！！=【蓝鳃太阳鱼|36434】；引诱；//预设分级：批量生成
青铜皮皮拉鱼,平钓【天空勺形鱼饵|36590】》！！=【青铜皮皮拉鱼|36435】；引诱；//预设分级：批量生成
绿剑尾鱼,平钓【天空勺形鱼饵|36590】》！=【绿剑尾鱼|36436】；引诱；//预设分级：批量生成
饮乳鱼,平钓【天空勺形鱼饵|36590】》！！=【饮乳鱼|36438】；引诱；//预设分级：批量生成
塔门守卫,平钓【天空勺形鱼饵|36590】》！！=【塔门守卫|36439】；引诱；//预设分级：批量生成
红鼓鱼,平钓【天空勺形鱼饵|36590】@1602-2400（晴朗|2）》！！=【红鼓鱼|36440】；引诱；//预设分级：批量生成
矿炉飞鱼,平钓【天空勺形鱼饵|36590】》！！=【矿炉飞鱼|36441】；引诱；//预设分级：批量生成
长吻脂鲤,平钓【天空勺形鱼饵|36590】》！！=【长吻脂鲤|36442】；引诱；//预设分级：批量生成
拉札巴里克鱼,平钓【天空勺形鱼饵|36590】》！！=【拉札巴里克鱼|36443】；引诱；//预设分级：批量生成
半月斗鱼,平钓【天空勺形鱼饵|36590】》！=【半月斗鱼|36444】；引诱；//预设分级：批量生成
香蕉鳗鱼,平钓【天空勺形鱼饵|36590】》！！=【香蕉鳗鱼|36446】；引诱；//预设分级：批量生成
小桓娑鱼,平钓【天空勺形鱼饵|36590】》！=【小桓娑鱼|36447】；引诱；//预设分级：批量生成
花角鱼,平钓【天空勺形鱼饵|36590】》！！=【花角鱼|36448】；引诱；//预设分级：批量生成
萨维奈鳄,平钓【蜉蝣|36591】》！！=【萨维奈鳄|36449】；引诱；//预设分级：批量生成
火纹虾虎,平钓【虾肉丸子|36592】》！=【火纹虾虎|36450】；引诱；//预设分级：批量生成
汃汃呀鱼,平钓【青花鱼块|36593】》！=【汃汃呀鱼|36451】；引诱；//预设分级：批量生成
纳茹奈章鱼,平钓【虾肉丸子|36592】》！！=【纳茹奈章鱼|36452】；引诱；//预设分级：批量生成
雄鸡鱼,平钓【青花鱼块|36593】》！！=【雄鸡鱼|36453】；引诱；//预设分级：批量生成
矛齿鲸,大鱼【青花鱼块|36593】@（晴朗|2）》！【汃汃呀鱼|36451】》！！！=【矛齿鲸|36454】；引诱、不撒饵；//预设分级：批量生成
加雷马蛤蜊,平钓【医蛭|36589】》！=【加雷马蛤蜊|35606】；引诱；//预设分级：批量生成
艾布拉纳鳟,平钓【天空勺形鱼饵|36590】》！！=【艾布拉纳鳟|36456】；引诱；//预设分级：批量生成
小魂灵,平钓【天空勺形鱼饵|36590】》！=【小魂灵|36457】；引诱；//预设分级：批量生成
青磷核,平钓【蜉蝣|36591】》！！=【青磷核|36458】；引诱；//预设分级：批量生成
冰原狗鱼,平钓【天空勺形鱼饵|36590】》！！=【冰原狗鱼|36459】；引诱；//预设分级：批量生成
漆黑帝冠,平钓【天空勺形鱼饵|36590】》！=【漆黑帝冠|36460】；引诱；//预设分级：批量生成
帝国琵琶鱼,平钓【天空勺形鱼饵|36590】》！！=【帝国琵琶鱼|36461】；引诱；//预设分级：批量生成
蓝尾鲶,平钓【天空勺形鱼饵|36590】》！！=【蓝尾鲶|36462】；引诱；//预设分级：批量生成
星蓝虹鳉,平钓【天空勺形鱼饵|36590】》！=【星蓝虹鳉|36463】；引诱；//预设分级：批量生成
月夜丽鱼,平钓【天空勺形鱼饵|36590】》！=【月夜丽鱼|36465】；引诱；//预设分级：批量生成
泪眼,平钓【天空勺形鱼饵|36590】》！=【泪眼|36466】；引诱；//预设分级：批量生成
复制巨骨舌鱼,平钓【天空勺形鱼饵|36590】》！！=【复制巨骨舌鱼|36467】；引诱；//预设分级：批量生成
魇鱼,平钓【灰蚯蚓|36594】》！！=【魇鱼|36468】；引诱；//预设分级：批量生成
紫鱼,平钓【灰蚯蚓|36594】》！=【紫鱼|36470】；引诱；//预设分级：批量生成
不完整菌类987,平钓【灰蚯蚓|36594】》！！=【不完整菌类987|36471】；引诱；//预设分级：批量生成
月壤龟,平钓【灰蚯蚓|36594】》！！=【月壤龟|36475】；引诱；//预设分级：批量生成
岛屿跳鱼,平钓【天空勺形鱼饵|36590】》！=【岛屿跳鱼|36476】；引诱；//预设分级：批量生成
登虹鱼,平钓【天空勺形鱼饵|36590】》！！=【登虹鱼|36477】；引诱；//预设分级：批量生成
白化鳅,平钓【天空勺形鱼饵|36590】》！=【白化鳅|36478】；引诱；//预设分级：批量生成
金光闪闪,平钓【天空勺形鱼饵|36590】》！！=【金光闪闪|36479】；引诱；//预设分级：批量生成
犬梭鲃,大鱼【蜉蝣|36591】@（阴云|3）》！【白化鳅|36478】》！！=【犬梭鲃|36480】；引诱、不撒饵；//预设分级：批量生成
皮颏鱵,平钓【天空勺形鱼饵|36590】》！=【皮颏鱵|36481】；引诱；//预设分级：批量生成
花冠鮨,平钓【天空勺形鱼饵|36590】》！=【花冠鮨|36484】；引诱；//预设分级：批量生成
巨脂鲤,平钓【天空勺形鱼饵|36590】》！！=【巨脂鲤|36485】；引诱；//预设分级：批量生成
助木剌,平钓【天空勺形鱼饵|36590】》！！=【助木剌|35607】；引诱；//预设分级：批量生成
超弦,平钓【灰蚯蚓|36594】》！=【超弦|36487】；引诱；//预设分级：批量生成
吞星鱼,平钓【灰蚯蚓|36594】》！！=【吞星鱼|36488】；引诱；//预设分级：批量生成
真空虾,平钓【灰蚯蚓|36594】》！！=【真空虾|36489】；引诱；//预设分级：批量生成
宇宙噪声,平钓【灰蚯蚓|36594】》！！=【宇宙噪声|36491】；引诱；//预设分级：批量生成
玻璃鱼,平钓【灰蚯蚓|36594】》！=【玻璃鱼|36492】；引诱；//预设分级：批量生成
佛恩·米克,平钓【灰蚯蚓|36594】》！！=【佛恩·米克|36494】；引诱；//预设分级：批量生成
龙鳞鱼,平钓【灰蚯蚓|36594】》！=【龙鳞鱼|36495】；引诱；//预设分级：批量生成
伊普皮亚拉,平钓【灰蚯蚓|36594】》！！=【伊普皮亚拉|36496】；引诱；//预设分级：批量生成
噬卵者,平钓【灰蚯蚓|36594】》！！=【噬卵者|36497】；引诱；//预设分级：批量生成
镜鱼,平钓【天空勺形鱼饵|36590】》！！=【镜鱼|36499】；引诱；//预设分级：批量生成
陨星尾,平钓【天空勺形鱼饵|36590】》！=【陨星尾|36501】；引诱；//预设分级：批量生成
阿俄伊德,平钓【天空勺形鱼饵|36590】》！！=【阿俄伊德|36502】；引诱；//预设分级：批量生成
原型肉身,平钓【天空勺形鱼饵|36590】》！=【原型肉身|36503】；引诱；//预设分级：批量生成
洄游星,平钓【天空勺形鱼饵|36590】》！！=【洄游星|36505】；引诱；//预设分级：批量生成
虫洞蠕虫,平钓【震撼板钩|36596】》！=【虫洞蠕虫|36506】；引诱；//预设分级：批量生成
不明飞行物II,平钓【震撼板钩|36596】》！=【不明飞行物II|36507】；引诱；//预设分级：批量生成
三叉神海兽,平钓【震撼板钩|36596】》！！=【三叉神海兽|36508】；引诱；//预设分级：批量生成
贤者癸辛,平钓【震撼板钩|36596】》！=【贤者癸辛|36509】；引诱；//预设分级：批量生成
二十四足文明人,平钓【震撼板钩|36596】》！！=【二十四足文明人|36510】；引诱；//预设分级：批量生成
恐惊威,平钓【震撼板钩|36596】》！！=【恐惊威|36511】；引诱；//预设分级：批量生成
梅德龙星人,平钓【震撼板钩|36596】》！！=【梅德龙星人|36512】；引诱；//预设分级：批量生成
胡萝卜怪兽,平钓【星尘|36597】》！！=【胡萝卜怪兽|36513】；引诱；//预设分级：批量生成
阿耳戈航员,平钓【震撼板钩|36596】》！=【阿耳戈航员|36514】；引诱；//预设分级：批量生成
碧鱼莲,平钓【震撼板钩|36596】》！！=【碧鱼莲|36515】；引诱；//预设分级：批量生成
宇宙象,平钓【震撼板钩|36596】》！！=【宇宙象|36516】；引诱；//预设分级：批量生成
阿勒刻托,平钓【星尘|36597】》！！=【阿勒刻托|36517】；引诱；//预设分级：批量生成
事件穹界的回归者,平钓【震撼板钩|36596】》！！=【事件穹界的回归者|36518】；引诱；//预设分级：批量生成
额外维度实体-9318,平钓【星尘|36597】》！！=【额外维度实体-9318|36519】；引诱；//预设分级：批量生成
未受生魂,大鱼【星尘|36597】》！！【事件穹界的回归者|36518】》！！=【未受生魂|36520】；引诱、不撒饵；//预设分级：批量生成
萨维奈卡拉墨鱼,平钓【青花鱼块|36593】》！！=【萨维奈卡拉墨鱼|36686】；引诱；//预设分级：批量生成
种子蛙,平钓【金属亮片|28634】》！=【种子蛙|36660】；引诱；//预设分级：批量生成
圣洁绒球,平钓【金属亮片|28634】》！！=【圣洁绒球|36662】；引诱；//预设分级：批量生成
灰白珊瑚,平钓【金属亮片|28634】》！=【灰白珊瑚|36663】；引诱；//预设分级：批量生成
摩耶灵龟,大鱼【蜉蝣|36591】@0302-0600》！【小桓娑鱼|36447】》！！=【摩耶灵龟|37697】；引诱、不撒饵；//预设分级：批量生成
鳍人海带,平钓【金属亮片|28634】》！=【鳍人海带|38810】；引诱；//预设分级：批量生成
尊紫鳕,平钓【金属亮片|28634】》！=【尊紫鳕|38812】；引诱；//预设分级：批量生成
虹花贝,平钓【金属亮片|28634】》！=【虹花贝|38814】；引诱；//预设分级：批量生成
叶草鱼,平钓【蜉蝣|36591】@0502-0800》！=【叶草鱼|39240】；引诱；//预设分级：批量生成
战女神之圣盾,平钓【医蛭|36589】@1602-1900》！！@拍水【鲴鱼|36398】=【战女神之圣盾|39912】；引诱；//预设分级：合格的
小骨鱼,平钓【金属亮片|28634】》！=【小骨鱼|41058】；引诱；//预设分级：批量生成
小猫鲱鱼,平钓【金属亮片|28634】》！=【小猫鲱鱼|41059】；引诱；//预设分级：批量生成
黄尾鱼,平钓【金属亮片|28634】》！！=【黄尾鱼|41061】；引诱；//预设分级：批量生成
金箔龙虾,平钓【灰蚯蚓|36594】@1902-2200》！！=【金箔龙虾|41419】；引诱；//预设分级：批量生成
金币鱼,平钓【卓越丸子|38808】》！=【金币鱼|41302】；引诱；//预设分级：批量生成
网纹鲨,耐心【幽灵钳|43859】@1802-2000》~8+12！@拍水【乌托姆提卡|43745】》~9.5+15！+！！》19~！！=收藏品、大尺寸、套娃、不撒饵、重随；//预设分级：合格的
特利平鲶,平钓【嘭嘭拟饵|43855】》15~27！！=引诱；//该鱼不适合作为紫票来源，请使用【灵岩之剑|36473】钓紫票//预设分级：合格的
宇宙探索,//预设分级：非预设
月面,//预设分级：非预设
stell451,平钓》全部//预设分级：有效的
stell452,大鱼》全部=不撒饵、收藏品、大尺寸、不收集；//预设分级：有效的
stell453,平钓》！！@拍水【？钴铁鳗|45701】@专一【钴铁鳗|45701】=引诱、不撒饵；//预设分级：有效的
stell454,大鱼》！！@拍水【？月鲶鱼|45704】=引诱、不撒饵、收藏品、大尺寸、不收集；//预设分级：有效的
stell455,平钓》全部@拍水【任何】=不撒饵；//预设分级：有效的
stell456,大鱼》！！@拍水【？小跳鱼|45710】=引诱、不撒饵、收藏品、大尺寸、不收集；//预设分级：有效的
stell457,大鱼》16~！！@拍水【月草鱼|45712】=引诱、不撒饵、收藏品、大尺寸、不收集；//预设分级：有效的
stell458,平钓》！@拍水全部【？泣眼|45717】=1【泣眼|45717】；引诱、不撒饵；@阶段=》平钓》！！@拍水【？月鳗|45718】=引诱、不撒饵；《=//预设分级：有效的
stell459,耐心》！@拍水！！【占位】=引诱、不撒饵、收藏品、大尺寸、不收集；//预设分级：有效的
stell460,平钓》！@拍水【任何】=2【任何】；引诱、不撒饵；@阶段=》平钓》！！@拍水【任何】=引诱、不撒饵；《=//预设分级：有效的
stell461,耐心》全部=收藏品、大尺寸、不收集；//预设分级：有效的
stell462,大鱼》！@拍水【？蓝胡椒月光鱼|45734】=引诱、不撒饵、收藏品、大尺寸；//预设分级：有效的
stell463,平钓【宇宙大蚊|45949】》！=1【忧地鱼|45735】；引诱、不撒饵；@阶段=》平钓【宇宙蚯蚓|45950】》！@拍水【忧地鱼|45735】=1【太阳核爆鱼|45738】；引诱、不撒饵；@阶段=》平钓》！！=1【小跳叶鱼|45736】；引诱、不撒饵；@阶段=》平钓【宇宙大蚊|45949】》！！@拍水【小跳叶鱼|45736】=引诱、不撒饵；《=《=《=//预设分级：有效的
stell464,平钓》15~！@拍水~15！【？棱光鱼|45743】@专一【棱光鱼|45743】双提=引诱、不撒饵；//预设分级：有效的
stell465,耐心》16~！！+！！！华丽@拍水全部【占位】=收藏品、大尺寸、不收集；//预设分级：有效的
stell466,平钓【宇宙狼蛛|45954】》全部强力@拍水【？月岩藻|45749】=1【月巨骨舌鱼|45753】；1【蛋白石鳗|45752】；引诱、不撒饵；@阶段=》平钓【淡水万能机械臂|45955】》全部强力=1【月太阳鱼|45750】；引诱、不撒饵；@阶段=》平钓》！@拍水【任何】=引诱、不撒饵；《=《=//预设分级：有效的
stell467,大鱼》18~！！！@拍水~18！！【？月多鳍鱼|45758】=引诱、收藏品、大尺寸、不收集、不撒饵；//预设分级：有效的
stell468,大鱼》！！@拍水【？月碧玺原石|45763】@专一【月碧玺原石|45763】华丽=引诱、不撒饵、收藏品、大尺寸；@拍水后=》大鱼》！！华丽=引诱、不撒饵、收藏品、大尺寸；//预设分级：有效的
stell469,平钓【宇宙幼虫|45952】》！@拍水全部【蓝月鳅|45764、小跳鳅|45765】=1【蓝月鳅|45764】；1【小跳鳅|45765】；引诱、不撒饵；@阶段=》平钓【月球幼虫|45953】》！@拍水全部【蓝月鳅|45764】=1【月青铜琵琶鱼|45766】；引诱、不撒饵；@阶段=》平钓》！！@拍水【月青铜琵琶鱼|45766】=引诱、不撒饵；《=《=//预设分级：有效的
stell470,平钓》！！！三提@拍水全部【占位】@专一【无结构陨铁|45772】三提=引诱、不撒饵、多提；//预设分级：有效的
stell471,耐心》！！@拍水全部【占位】=引诱、不撒饵、收藏品、大尺寸、不收集；//预设分级：有效的
stell472,平钓》！！！三提@拍水！！【？月狼鱼|45782】@专一【月狼鱼|45782】=引诱、不撒饵；@鱼识=》平钓》！！！@拍水【月狼鱼|45782】=引诱、不撒饵；//预设分级：有效的
stell473,大鱼》16.5~！！@拍水~16.5！！【月长嘴鱲|45785】@专一【蹦跳星|45788】=引诱、不撒饵、收藏品、大尺寸；//预设分级：有效的
stell474,平钓》14~！三提@拍水全部【占位】=多提；//预设分级：有效的
stell475,大鱼》19.5~！！华丽@拍水！！【砷海水螅|45796】=引诱、收藏品、大尺寸、不收集、不撒饵；//预设分级：无错误
stell476,大鱼》22~！华丽@拍水！【月岩藻|45799】=不撒饵、鱼影、收藏品、大尺寸；//预设分级：有效的
stell477,大鱼》全部=2【任何】；收藏品、大尺寸、不收集、不撒饵；@阶段=》平钓》！！@拍水【求星鱼|45827】=不撒饵；@拍水后=》大鱼》30~！！=大鱼知识、不撒饵、鱼影、收藏品、大尺寸、不收集；《=//预设分级：有效的
stell478,耐心》全部//预设分级：需改进
stell479,现在还没有该任务的预设//预设分级：需改进
stell480,平钓》！！！三提@拍水全部【占位】=18【任何】；多提；@阶段=》平钓》全部《=//预设分级：有效的
stell481,平钓》15+29~！！！@拍水！！【？球睛威|45870】=引诱；//预设分级：有效的
stell482,现在还没有该任务的预设//预设分级：需改进
stell483,平钓【星蚯蚓|45962】》！！@拍水17~！【任何】=1【叹息月壤龟|45808】；引诱、不撒饵；@阶段=》平钓【宇宙水蛭|45964】》！！！@拍水14.5~！【月蝎|45804、月鞭|45805、月风花|45806】=1【硫磺水螅|45809】；引诱、不撒饵；@阶段=》平钓》7.5+13.5~9+17！@拍水~17+25！【月蝎|45804、月鞭|45805】=1【月风花|45806】；@阶段=》平钓【星蚯蚓|45962】》10+19.5~！@拍水！【月蝎|45804、月鞭|45805】=1【砷海鲌鱼|45807】；不撒饵；@阶段=》平钓》~9.5+17！@拍水【任何】《=《=《=《=//预设分级：最优化
stell483-1,平钓【星蚯蚓|45962】》！！@拍水！【砷海鲌鱼|45807】=1【叹息月壤龟|45808】；引诱、不撒饵；@阶段=》平钓【宇宙水蛭|45964】》！！！@拍水14.5~！【月蝎|45804、月鞭|45805、月风花|45806】=1【硫磺水螅|45809】；引诱、不撒饵；@阶段=》平钓》7.5+13.5~9+17！@拍水~17+25！【月蝎|45804、月鞭|45805】=1【月风花|45806】；@阶段=》平钓【星蚯蚓|45962】》10+19.5~！@拍水！【月蝎|45804、月鞭|45805】=1【砷海鲌鱼|45807】；不撒饵、银星；@阶段=》平钓》~9.5+17！@拍水【任何】=银星；《=《=《=《=//预设分级：最优化
stell484,耐心》！@拍水【？月明鱼|45844】》11.5~！！》！！+！！！=引诱、不撒饵、套娃；//预设分级：有效的
stell485,大鱼》！！！@拍水！！【月长嘴鱲|45811】=引诱、收藏品、大尺寸、不收集、不撒饵；//预设分级：有效的
stell486,平钓【月虫箱|45959】》！！@拍水【泪滴刀背鱼|45848】=1【泪滴刀背鱼|45848】；1【银月罗非鱼|45850】；引诱、不撒饵；@阶段=》平钓【星鲑鱼籽|45960】》！《=//预设分级：无错误
stell487,耐心》（！！）21~！华丽@拍水~21！【占位】@专一【深月水盾草|45882】华丽=不撒饵、收藏品、大尺寸、不收集；//预设分级：无错误
stell488,平钓》！！+！！！@拍水16~！【？银河核爆鱼|45856】=1【？银河核爆鱼|45856】；不撒饵、引诱；@阶段=》大鱼》！！！华丽@拍水！！【？银河核爆鱼|45856】@专一【银河核爆鱼|45856】华丽=4【银河核爆鱼|45856】；收藏品、大尺寸、不收集、不撒饵、引诱；@阶段=》大鱼》16~！+！！！华丽@拍水21~！！【占位】@专一【钴铁鱼|45858、银河核爆鱼|45856】华丽=收藏品、大尺寸、不收集、不撒饵、引诱；《=《=//预设分级：有效的
stell489,现在还没有该任务的预设//预设分级：需改进
stell490,大鱼》！！！@拍水~15！！【砷海水螅|45817】=收藏品、大尺寸、不收集、不撒饵、引诱；//预设分级：无错误
stell491,现在还没有该任务的预设//预设分级：需改进
stell492,现在还没有该任务的预设//预设分级：需改进
stell493,平钓》14~！！！三提@拍水全部【占位】=18【任何】；多提；@阶段=》平钓》全部《=//预设分级：需改进
stell494,现在还没有该任务的预设//预设分级：需改进
stell495,现在还没有该任务的预设//预设分级：需改进
stell508,平钓》8+13~！！！三提=回收、多提；//预设分级：有效的
stell508-1,平钓》8+13~！！！三提=回收、多提、银星；//预设分级：有效的
stell509,平钓》~14.5！！@拍水【？小跳肺鱼|45922】=引诱、不撒饵；//预设分级：有效的
stell509-1,平钓》~14.5！！@拍水【？小跳肺鱼|45922】=引诱、不撒饵、银星；//该钓法只能银牌提交，原因是银牌效率高//预设分级：有效的
stell510,平钓》10+20~！！三提=7【明月碧玺原石|45928】；回收、多提；//金牌流程：关闭submit模块→启动ktj钓到7条→再启动ktj钓到7条共14条→使用恩宠&强心剂（如果可用）→制作2次→再启动ktj钓到7条→制作1次//预设分级：无错误
stell511,现在还没有该任务的预设//预设分级：需改进
stell542,平钓》！！@拍水【？月蓝尾鲶|45937】//预设分级：有效的
stell543,平钓》！！//预设分级：有效的
stell544,平钓》！！//预设分级：有效的
法恩娜星球,47//预设分级：非预设
stell965,平钓》全部三提//预设分级：有效的
stell966,大鱼》全部=收藏品、大尺寸；//预设分级：有效的
stell967,大鱼》15.5~！！双提@拍水！！【？33号作品|47430】@专一【33号作品|47430】=引诱；//预设分级：有效的
stell968,大鱼》！！@专一【退火蝾螈|47433】=收藏品、大尺寸、引诱；//预设分级：有效的
stell969,平钓》全部@拍水【任何】//预设分级：有效的
stell970,大鱼》全部=收藏品、大尺寸；//预设分级：有效的
stell971,大鱼》！！=收藏品、大尺寸、引诱；//预设分级：有效的
stell972,平钓》！@拍【？11号作品|47446】=1【11号作品|47446】；引诱；@阶段=》平钓》！！@拍【任何】=引诱；《=//预设分级：有效的
stell973,大鱼》16~！三提@专一【退火鲤|47451】=3【退火鲤|47451】；收藏品、大尺寸、引诱、不撒饵；@阶段=》平钓》全部@专一【退火鲤|47451】=引诱；《=//预设分级：有效的
stell974,平钓》！@拍【任何】=2【任何】；引诱；@阶段=》平钓》！！@拍【任何】=引诱；《=//预设分级：有效的
stell975,大鱼》17~！！三提@专一【任何】双提=3【退火鳐|47459】；收藏品、大尺寸、不撒饵、引诱；@阶段=》大鱼》！！=收藏品、大尺寸、引诱；《=//预设分级：有效的
stell976,大鱼》11.5~！华丽@拍水【？骨蕾丝|47462】@专一【骨蕾丝|47462】华丽=收藏品、大尺寸；//预设分级：有效的
stell977,平钓【宇宙蚯蚓|47684】》~11！=1【珠璃贝|47464】；引诱、不撒饵；@阶段=》平钓》！！@拍【珠璃贝|47464】=1【钴铁宝石|47465】；@阶段=》平钓【黏黏毛虫|47685】》（！！）11~！强力@拍【钴铁宝石|47465】=引诱、不撒饵；《=《=//预设分级：有效的
stell978,现在还没有该任务的预设//预设分级：需改进
stell979,现在还没有该任务的预设//预设分级：需改进
stell980,现在还没有该任务的预设//预设分级：需改进
stell981,现在还没有该任务的预设//预设分级：需改进
stell982,现在还没有该任务的预设//预设分级：需改进
stell983,现在还没有该任务的预设//预设分级：需改进
stell984,现在还没有该任务的预设//预设分级：需改进
stell985,现在还没有该任务的预设//预设分级：需改进
stell986,现在还没有该任务的预设//预设分级：需改进
stell987,现在还没有该任务的预设//预设分级：需改进
stell988,现在还没有该任务的预设//预设分级：需改进
stell989,大鱼》18~！！三提=3【沙坑风筝|47539】；不撒饵、收藏品、大尺寸、无强心剂；@阶段=》平钓全部=无强心剂《=//预设分级：无错误
stell990,现在还没有该任务的预设//预设分级：需改进
stell991,现在还没有该任务的预设//预设分级：需改进
stell992,现在还没有该任务的预设//预设分级：需改进
stell993,大鱼》15~！！华丽@拍！！【夜骨鱼|47610】@专一【胶囊琥珀|47613、胶囊废弃物|47612】华丽=大尺寸、收藏品、引诱、不撒饵；//预设分级：有效的
stell993-1,大鱼》15~！！华丽@拍！！【夜骨鱼|47610】@专一【胶囊琥珀|47613、胶囊废弃物|47612】华丽=大尺寸、收藏品、引诱、不撒饵、银星；//预设分级：有效的
stell994,大鱼》21~！！三提@专一【硝石玫瑰|47637】=引诱、不撒饵、收藏品、大尺寸；//预设分级：无错误
stell995,现在还没有该任务的预设//预设分级：需改进
stell996,大鱼》！！@拍【98号作品|47546】=收藏品、大尺寸、引诱；//预设分级：有效的
stell996-1,大鱼》！！@拍【98号作品|47546】=收藏品、大尺寸、引诱、银星、无强心剂；//预设分级：有效的
stell997,现在还没有该任务的预设//预设分级：需改进
stell998,大鱼》23~！！+！！！@拍！！【类水母|47552】=收藏品、大尺寸、鱼影；//预设分级：有效的
stell998-1,大鱼》23~！！+！！！@拍！！【类水母|47552】=收藏品、大尺寸、不撒饵、鱼影、引诱、银星、无强心剂；@拍水后=》大鱼》23~！！+！！！=收藏品、大尺寸、鱼影、引诱、银星、无强心剂；//预设分级：有效的
stell999,现在还没有该任务的预设//预设分级：需改进
stell1000,现在还没有该任务的预设//预设分级：需改进
stell1001,现在还没有该任务的预设//预设分级：需改进
stell1002,现在还没有该任务的预设//预设分级：需改进
stell1003,现在还没有该任务的预设//预设分级：需改进
stell1004,现在还没有该任务的预设//预设分级：需改进
stell1005,现在还没有该任务的预设//预设分级：需改进
stell1006,现在还没有该任务的预设//预设分级：需改进
stell1037,平钓》！！三提=无强心剂；//预设分级：有效的
stell1038,平钓》！！三提=无强心剂；//预设分级：有效的
stell1039,平钓》！！三提=无强心剂；//预设分级：有效的
空岛模式,//预设分级：非预设
dia1,平钓【云冠浮游虫|30281】》11~！三提=不撒饵、回收；//三提七条所需获得力 ≥ 3450//预设分级：有效的
dia2,平钓【云冠大蚊|30280】》（！！！）15~！三提=不撒饵、回收；//三提七条所需获得力 ≥ 3450//预设分级：有效的
dia3,空天姬预设 第四期重建用的特供雕塑家//预设分级：重定向
dia4,平钓【云冠气球虫|30278】》！！！@拍水~14！！【第四期重建用的不死鱼|32895】=不撒饵、引诱；@拍水后=》平钓》！！！=引诱；//预设分级：有效的
dia5,平钓【云冠红气球虫|30279】》！！！精准@拍水~10.5！【第四期重建用的清澈冰战神|32894】=不撒饵、引诱；@拍水后=》平钓》！！！精准=引诱；//预设分级：有效的
dia6,平钓【云冠大蚊|30280】》！！！精准@拍水~10.5！【第四期重建用的清澈冰战神|32894】=不撒饵、引诱；@拍水后=》平钓》！！！精准=引诱；//预设分级：有效的
dia7,平钓【云冠红气球虫|30279】》！！！@拍水~14！！【第四期重建用的不死鱼|32895】=不撒饵、引诱；@拍水后=》平钓》！！！=引诱；//预设分级：有效的
重定向,//预设分级：非预设
蛋,mf preset 惊喜蛋//预设分级：重定向
蝶,空天姬预设 镜中蝶//预设分级：重定向
水蛇,空天姬预设 隆卡的大水蛇？//预设分级：重定向
帆,空天姬预设 长吻帆蜥鱼//预设分级：重定向
老鼠,空天姬预设 沙里贝涅//预设分级：重定向
螺,空天姬预设 云海蝴蝶螺//预设分级：重定向
普海稀有,11//预设分级：非预设
醉鱼,平钓【磷虾|29715】@（碧空|1、晴朗|2、阴云|3、薄雾|4、微风|5、强风|6、小雨|7、暴雨|8、打雷|9、雷雨|10、扬沙|11、热浪|14、小雪|15、暴雪|16）》~11！@专一【加拉迪翁鳀鱼|28938】双重=不撒饵、重随；@鱼识=》平钓@（碧空|1、晴朗|2、阴云|3、薄雾|4、微风|5、强风|6、小雨|7、暴雨|8、打雷|9、雷雨|10、扬沙|11、热浪|14、小雪|15、暴雪|16）》！！！@拍水~9+16.5！！【猎豹鳗|29723、碧玉头|29719、暗淡鲨|28942】=【醉鱼|29744】；引诱；//预设分级：合格的
小利维亚桑,大鱼【磷虾|29715】@（碧空|1、晴朗|2、阴云|3、薄雾|4、小雨|7、暴雨|8、打雷|9、雷雨|10、扬沙|11、热浪|14、小雪|15、暴雪|16）》~9！！》~14！！=不撒饵、引诱；@鱼识=》平钓【刺螠|29716】@（碧空|1、晴朗|2、阴云|3、薄雾|4、小雨|7、暴雨|8、打雷|9、雷雨|10、扬沙|11、热浪|14、小雪|15、暴雪|16）》10+16.5~16+28.6！！！@拍水【莫莫拉·莫拉|29725】=【小利维亚桑|29745】；引诱；//预设分级：合格的
海流星,大鱼【石沙蚕|29714】@（碧空|1、晴朗|2、阴云|3、薄雾|4、微风|5、强风|6、小雨|7、暴雨|8、打雷|9、雷雨|10、扬沙|11、热浪|14）》~13.5！@拍水【浮冰鱼|29736】》~16.5！！=引诱、不撒饵；@鱼识=》平钓@（碧空|1、晴朗|2、阴云|3、薄雾|4、微风|5、强风|6、小雨|7、暴雨|8、打雷|9、雷雨|10、扬沙|11、热浪|14）》~16+28！！！精准@拍水~8+13.5！【海投刀|29718】=【海流星|29747】；引诱；//天气暴雪时前置不可钓//预设分级：合格的
海铠靴,平钓【刺螠|29716】@（碧空|1、晴朗|2、阴云|3、薄雾|4、微风|5、强风|6、小雨|7、暴雨|8、打雷|9、雷雨|10、扬沙|11、热浪|14、小雪|15、暴雪|16）》7.5~13.5！！@拍水【罗塔诺梭子鰆|29728】@专一【深红钓鮟鱇|29731】=引诱、不撒饵；@鱼识=》平钓【磷虾|29715】@（碧空|1、晴朗|2、阴云|3、薄雾|4、微风|5、强风|6、小雨|7、暴雨|8、打雷|9、雷雨|10、扬沙|11、热浪|14、小雪|15、暴雪|16）》7+12~10.5+19.5！！！@拍水6~11！！【罗塔诺梭子鰆|29728、深海平鱼|29730】=【海铠靴|29746】；引诱；//预设分级：合格的
谢尔达莱结晶,平钓【石沙蚕|29714】@（碧空|1、晴朗|2、阴云|3、薄雾|4、微风|5、强风|6、小雨|7、暴雨|8、打雷|9、雷雨|10、扬沙|11、热浪|14、小雪|15、暴雪|16）》5.5~10！@专一【金属箱|32057】双重=重随、不撒饵；@鱼识=》平钓【磷虾|29715】@（碧空|1、晴朗|2、阴云|3、薄雾|4、微风|5、强风|6、小雨|7、暴雨|8、打雷|9、雷雨|10、扬沙|11、热浪|14、小雪|15、暴雪|16）》8+15~13.5+25.5！！！@拍水~7+12！！【龟甲蟹|32055】=【谢尔达莱结晶|32064】；引诱；//预设分级：合格的
素面,平钓【石沙蚕|29714】@（碧空|1、晴朗|2、阴云|3、薄雾|4、微风|5、强风|6、小雨|7、暴雨|8、打雷|9、雷雨|10、扬沙|11、热浪|14、小雪|15、暴雪|16）》！！！@拍水6+10.5~！！【真鲹|32077】=引诱、不撒饵；@鱼识=》平钓【磷虾|29715】@（碧空|1、晴朗|2、阴云|3、薄雾|4、微风|5、强风|6、小雨|7、暴雨|8、打雷|9、雷雨|10、扬沙|11、热浪|14、小雪|15、暴雪|16）》9.5~14.5！！！@拍水6+10.5~！！【真鲹|32077】=【素面|32084】；不撒饵、引诱；//预设分级：合格的
银杏鱼,平钓【石沙蚕|29714】@（碧空|1、晴朗|2、阴云|3、薄雾|4、微风|5、强风|6、小雨|7、暴雨|8、打雷|9、雷雨|10、扬沙|11、热浪|14、小雪|15、暴雪|16）》6.2~10.5！双重@拍水~6.1！【暗鸦鲀|32095】=3【罗斯利特海带|32096】；不撒饵、多提；@鱼识=》平钓@（碧空|1、晴朗|2、阴云|3、薄雾|4、微风|5、强风|6、小雨|7、暴雨|8、打雷|9、雷雨|10、扬沙|11、热浪|14、小雪|15、暴雪|16）》6+11~10.5+18！！！精准@拍水！【罗斯利特海带|32096】=【银杏鱼|32104】；引诱；//预设分级：合格的
幽暗鲨,平钓【石沙蚕|29714】@（碧空|1、晴朗|2、阴云|3、薄雾|4、微风|5、强风|6、小雨|7、暴雨|8、打雷|9、雷雨|10）》9+17~15.5+29！@拍水~4+7！【妖歌贻贝|40522】@专一【诗人的笛子|40527】=引诱；@鱼识=》平钓【刺螠|29716】@（碧空|1、晴朗|2、阴云|3、薄雾|4、微风|5、强风|6、小雨|7、暴雨|8、打雷|9、雷雨|10）》7+12~13+23！！！@拍水6+10~10.5+18！！【箭头乌贼|40523】=【幽暗鲨|40530】；引诱；//预设分级：合格的
水引鱼,大鱼【石沙蚕|29714】@（碧空|1、晴朗|2、阴云|3、薄雾|4、微风|5、强风|6、小雨|7、暴雨|8、打雷|9、雷雨|10）》5~9！@拍水【漩涡螺|40542】》6.5~12！！！双提=2【鼠鲨|40548】；重随、多提、不撒饵；@鱼识=》平钓@（碧空|1、晴朗|2、阴云|3、薄雾|4、微风|5、强风|6、小雨|7、暴雨|8、打雷|9、雷雨|10）》8+15~14+26！！！精准@拍水！【漩涡螺|40542、斑纹虾|40543】=【水引鱼|40550】；引诱；//预设分级：合格的
天之虎,平钓【石沙蚕|29714】@（碧空|1、晴朗|2、阴云|3、薄雾|4、微风|5、强风|6、小雨|7、暴雨|8、打雷|9、雷雨|10）》4~7！@专一【深红巨藻|40561】双提=3【深红巨藻|40561】；不撒饵、引诱；@鱼识=》平钓【磷虾|29715】@（碧空|1、晴朗|2、阴云|3、薄雾|4、微风|5、强风|6、小雨|7、暴雨|8、打雷|9、雷雨|10）》9+16~！！！@拍水6+10~10+18！！【暗礁乌贼|40562】=【天之虎|40570】；引诱；//预设分级：合格的
茂鲨,平钓【石沙蚕|29714】@（碧空|1、晴朗|2、阴云|3、薄雾|4、微风|5、强风|6、小雨|7、暴雨|8、打雷|9、雷雨|10）》6~10！@专一【平铲鲫鱼|40581】双提=3【平铲鲫鱼|40581】；引诱、不撒饵；@鱼识=》平钓【刺螠|29716】@（碧空|1、晴朗|2、阴云|3、薄雾|4、微风|5、强风|6、小雨|7、暴雨|8、打雷|9、雷雨|10）》9.5+17~！！！@拍水~8+15！！【延夏鳖|40583、延夏蝶鲟|40588】=【茂鲨|40590】；引诱；//预设分级：合格的
冲分幻海,27//预设分级：合格的
ps0111,耐心【石沙蚕|29714】》全部@专一【灵敏舞者|29756】//预设分级：最优化
ps0112,平钓【石沙蚕|29714】》6.5~！三重//预设分级：最优化
ps0114,平钓【磷虾|29715】》7~！三重@专一【浮游碟鱼|29762】三重//预设分级：最优化
ps0215,平钓【刺螠|29716】》7.5~！！三重@专一【浮游翻车鱼|32073】三重//预设分级：最优化
ps0213,平钓【磷虾|29715】》5~！！三重//预设分级：最优化
ps0216,平钓【石沙蚕|29714】》5.5~！三重@专一【歼灭者|32090】三重//预设分级：最优化
ps0315,平钓【刺螠|29716】》7.5~！！三重@专一【浮游翻车鱼|32073】三重//预设分级：最优化
ps0314,平钓【磷虾|29715】》7~！三重//预设分级：最优化
ps0317,平钓【磷虾|29715】》5~！！三重@专一【珍珠爆弹|32109】三重//预设分级：最优化
ps0412,平钓【石沙蚕|29714】》6.5~！三重//预设分级：最优化
ps0411,平钓【磷虾|29715】》~2.9！！三重@专一【人鱼发|29766】三重//预设分级：最优化
ps0413,平钓【刺螠|29716】》！！！三重=引诱；//预设分级：最优化
ps0511,平钓【刺螠|29716】》！！！三重@专一【漏斗鲨|29782】三重=引诱；//预设分级：最优化
ps0512,耐心【石沙蚕|29714】》全部@拍水【太阳神面纱|29760】》全部//预设分级：最优化
ps0514,平钓【刺螠|29716】》！！！三重@专一【处刑者|29770】三重=引诱；//预设分级：最优化
ps0615,平钓【刺螠|29716】》~3.1！！！三重=引诱；//预设分级：最优化
ps0613,平钓【刺螠|29716】》！！！三重=引诱；//预设分级：最优化
ps0616,平钓【刺螠|29716】》7.5~！！！三重@专一【石英锤头鲨|32093】三重//预设分级：最优化
ps0715,平钓【刺螠|29716】》~3.1！！！三重=引诱；//预设分级：最优化
ps0714,平钓【刺螠|29716】》！！！三重@专一【处刑者|29770】三重=引诱；//预设分级：最优化
ps0717,平钓【磷虾|29715】》5.5~！！@专一【刀颚鱼|32113】三重//预设分级：最优化
ps0812,耐心【石沙蚕|29714】》全部@拍水【太阳神面纱|29760】》全部//预设分级：最优化
ps0811,耐心【石沙蚕|29714】》全部@专一【灵敏舞者|29756】//预设分级：最优化
ps0813,平钓【石沙蚕|29714】》6.5~！三重@专一【珊瑚海马|20786】三重//预设分级：最优化
ps0911,平钓【磷虾|29715】》~2.9！！三重@专一【人鱼发|29766】三重//预设分级：最优化
ps0912,耐心【石沙蚕|29714】》全部@拍水【太阳神面纱|29760】@专一【秘银君|29755】》全部//预设分级：最优化
ps0914,平钓【石沙蚕|29714】》3.6~4.5！三重//预设分级：最优化
ps1015,平钓【刺螠|29716】》~7.6！！！三重=引诱；//预设分级：最优化
ps1013,平钓【石沙蚕|29714】》6.5~！三重//预设分级：最优化
ps1016,平钓【刺螠|29716】》7.5~！！！三重@专一【石英锤头鲨|32093】三重//预设分级：最优化
ps1115,平钓【刺螠|29716】》~7.6！！！三重=引诱；//预设分级：最优化
ps1114,平钓【石沙蚕|29714】》3.6~4.5！三重//预设分级：最优化
ps1117,平钓【磷虾|29715】》5~！！三重@专一【珍珠爆弹|32109】三重//预设分级：最优化
ps1212,耐心【石沙蚕|29714】》全部@拍水【太阳神面纱|29760】@专一【秘银君|29755】》全部//预设分级：最优化
ps1211,平钓【刺螠|29716】》！！！三重@专一【漏斗鲨|29782】三重=引诱；//预设分级：最优化
ps1213,平钓【磷虾|29715】》5~！！三重@专一【幻纱披风|29773】三重//预设分级：最优化
ps0121,平钓【磷虾|29715】》！！三重@专一【妮美雅的纺车|40539】三重=引诱；//预设分级：最优化
ps0122,耐心【刺螠|29716】》！！+！！！《【小判鯙|40551】@鱼识=》耐心【磷虾|29715】》~4！！@拍水~5！！！【占位】》！！+！！！=套娃；//琉璃龙//预设分级：最优化
ps0123,平钓【刺螠|29716】》5~！！三重//预设分级：最优化
ps0221,耐心【磷虾|29715】》全部@专一【鲜艳粉红虾|40533、伪装章鱼|40537】//预设分级：最优化
ps0222,平钓【磷虾|29715】》6~！！三重@专一【毒平鲹|40553】三重//预设分级：最优化
ps0224,平钓【石沙蚕|29714】》3.1~！三重//预设分级：最优化
ps0321,耐心【磷虾|29715】》全部@专一【鲜艳粉红虾|40533、伪装章鱼|40537】//预设分级：最优化
ps0322,平钓【磷虾|29715】》6~！！三重@专一【毒平鲹|40553】三重//预设分级：最优化
ps0323,平钓【刺螠|29716】》5~！！三重//预设分级：最优化
ps0421,平钓【磷虾|29715】》~5！！三重//预设分级：最优化
ps0422,平钓【刺螠|29716】》4~6！！三重//预设分级：最优化
ps0424,平钓【石沙蚕|29714】》3.1~！三重//预设分级：最优化
ps0521,平钓【磷虾|29715】》~5！！三重//预设分级：最优化
ps0522,平钓【刺螠|29716】》4~6！！三重//预设分级：最优化
ps0523,平钓【刺螠|29716】》5~！！三重//预设分级：最优化
ps0621,平钓【磷虾|29715】》！！三重@专一【妮美雅的纺车|40539】三重=引诱；//预设分级：最优化
ps0622,耐心【刺螠|29716】》！！+！！！《【小判鯙|40551】@鱼识=》耐心【磷虾|29715】》~4！！@拍水~5！！！【占位】》！！+！！！=套娃；//琉璃龙//预设分级：最优化
ps0624,平钓【石沙蚕|29714】》3.1~！三重//预设分级：最优化
成就普海,5//预设分级：最优化
an011201,平钓【石沙蚕|29714】》~4.5！三重@拍水！！！精准【占位】=不撒饵、大尺寸；//预设分级：最优化
an021501,平钓【磷虾|29715】》~12.1！！=不撒饵、引诱；//预设分级：最优化
an021301,平钓【磷虾|29715】》~17.6！！@专一【蜘蛛蟹|29741】三重=引诱、不撒饵；//预设分级：最优化
an021601,平钓【石沙蚕|29714】》（！！！）14~！三重@拍水4.5~7.6！【占位】@专一【染血抛光蟹|32079】三重=不撒饵；//预设分级：最优化
an031501,平钓【石沙蚕|29714】》11~！！！精准@拍水~9！三重【占位】=不撒饵；//预设分级：最优化
an031502,平钓【刺螠|29716】》12~！！@拍水12.5~！！！精准【占位】=不撒饵、引诱；//预设分级：最优化
an031401,平钓【石沙蚕|29714】》11~15.5！三重@拍水21.5~！！！【占位】=不撒饵；//预设分级：最优化
an031701,平钓【石沙蚕|29714】》12~！三重@拍水~6！【占位】@专一【蜂巢鱼|32098】三重=不撒饵；//预设分级：最优化
an051101,平钓【刺螠|29716】》！！！=引诱、不撒饵；//预设分级：最优化
an051111,平钓【刺螠|29716】》！！！@拍水9+18~！！【青色章鱼|29734、碧玉头|29719】=引诱、不撒饵；//预设分级：最优化
an051401,平钓【刺螠|29716】》21.5~！！！@拍水~21！！！三重【占位】@专一【铬铁锤头鲨|29735】三重=引诱、不撒饵；//预设分级：最优化
an081201,平钓【石沙蚕|29714】》9~16！三重=不撒饵；//预设分级：最优化
an081211,平钓【磷虾|29715】》10+21.5~！！！精准=引诱、不撒饵；//预设分级：最优化
an101501,平钓【刺螠|29716】》12.1~！！三重@拍水12.5~！！！精准【占位】=不撒饵；//预设分级：最优化
an111501,平钓【石沙蚕|29714】》11~！！！精准@拍水~10.5！三重【占位】=不撒饵；//预设分级：最优化
an111401,平钓【石沙蚕|29714】》11~15.5！三重@拍水21.5~！！！【占位】=不撒饵；//预设分级：最优化
an111701,平钓【石沙蚕|29714】》12~！三重@拍水~6！【占位】@专一【蜂巢鱼|32098】三重=不撒饵；//预设分级：最优化
an121101,平钓【磷虾|29715】》（！！！）19.6~！！三重@拍水17~19.5！！【占位】=引诱、不撒饵；//预设分级：最优化
an012101,平钓【磷虾|29715】》9~18！！三重@拍水14~！！！【占位】=大尺寸、不撒饵；//预设分级：最优化
an012201,平钓【刺螠|29716】》13~！！三重@拍水17~！！！精准【占位】=不撒饵；//预设分级：最优化
an012301,平钓【磷虾|29715】》10~17.5！！三重@拍水15.5~！！！【占位】=大尺寸、不撒饵；//预设分级：最优化
an022101,平钓【石沙蚕|29714】》4.5~7！三重=大尺寸、不撒饵；//预设分级：最优化
an022201,平钓【石沙蚕|29714】》15~！三重@拍水17~！！！精准【占位】=引诱、大尺寸、不撒饵；//预设分级：最优化
an022102,平钓【磷虾|29715】》8.5~14.5！三重@拍水13.5~！！！【占位】=大尺寸、不撒饵；//预设分级：最优化
an022202,平钓【石沙蚕|29714】》5.5~9！三重=大尺寸、不撒饵；//预设分级：最优化
an022402,平钓【石沙蚕|29714】》14.5~23.5！三重@拍水17~！！！【占位】=引诱、大尺寸、不撒饵；//预设分级：最优化
an032101,平钓【磷虾|29715】》8.5~14.5！三重@拍水13.5~！！！【占位】=大尺寸、不撒饵；//预设分级：最优化
an032201,平钓【石沙蚕|29714】》5.5~9！三重=大尺寸、不撒饵；//预设分级：最优化
an032301,平钓【石沙蚕|29714】》10~17.5！三重@拍水15.5~！！！【占位】=大尺寸、不撒饵；//预设分级：最优化
an042101,平钓【石沙蚕|29714】》4.5~7！三重=大尺寸、不撒饵；//预设分级：最优化
an042201,平钓【石沙蚕|29714】》15~！三重@拍水17~！！！精准【占位】=引诱、大尺寸、不撒饵；//预设分级：最优化
an052101,平钓【磷虾|29715】》9~18！！三重@拍水14~！！！【占位】=大尺寸、不撒饵；//预设分级：最优化
an052201,平钓【刺螠|29716】》13~！！三重@拍水17~！！！精准【占位】=不撒饵；//预设分级：最优化
an052301,平钓【磷虾|29715】》10~17.5！！三重@拍水15.5~！！！【占位】=大尺寸、不撒饵；//预设分级：最优化
成就幻海,13//预设分级：最优化
as011201,平钓【石沙蚕|29714】》6.5~！三重=大尺寸；//预设分级：最优化
as011401,平钓【磷虾|29715】》7~！三重=大尺寸；//预设分级：最优化
as021501,平钓【磷虾|29715】》~3！！三重=大尺寸；//预设分级：最优化
as021301,平钓【石沙蚕|29714】》5~！@拍水【狂野海胆|29771】@专一【剪碎手巴塞洛缪|29777】三重@拍水后=》平钓》5~6！三重=大尺寸；//预设分级：最优化
as021601,平钓【石沙蚕|29714】》5.5~！三重@拍水~3！三重【占位】=大尺寸；//预设分级：最优化
as031501,平钓【石沙蚕|29714】》~3！三重=大尺寸；//预设分级：最优化
as031401,平钓【石沙蚕|29714】》3.6~4.5！三重=大尺寸；//预设分级：最优化
as031701,平钓【磷虾|29715】》5~7！！三重@拍水2~3！三重【占位】=大尺寸；//预设分级：最优化
as031502,平钓【刺螠|29716】》~3！！！三重=大尺寸；//预设分级：最优化
as031702,平钓【刺螠|29716】》5~！！三重@拍水4.3~5！！【占位】=大尺寸；//预设分级：最优化
as051101,平钓【刺螠|29716】》！！！三重@拍水！！【占位】//预设分级：最优化
as051401,平钓【刺螠|29716】》！！！三重@拍水5~7！！【占位】@专一【处刑者|29770】三提//预设分级：最优化
as081201,大鱼【石沙蚕|29714】》~5！》4~！！三重//预设分级：最优化
as081301,平钓【石沙蚕|29714】》6.5~！三重@专一【珊瑚海龙|29764】三重=大尺寸；//预设分级：最优化
as101501,平钓【刺螠|29716】》~3！！！三重=大尺寸；//预设分级：最优化
as101601,平钓【磷虾|29715】》5~！！三重@拍水4.3~5【占位】=大尺寸；//预设分级：最优化
as111501,平钓【石沙蚕|29714】》~3！三重=大尺寸；//预设分级：最优化
as111401,平钓【石沙蚕|29714】》3.6~4.5！三重=大尺寸；//预设分级：最优化
as111701,平钓【磷虾|29715】》5~7！！三重@拍水2~3！三重【占位】=大尺寸；//预设分级：最优化
as121101,平钓【磷虾|29715】》~3！！三重=大尺寸；//预设分级：最优化
as121301,平钓【磷虾|29715】》5~！！三重=大尺寸；//预设分级：最优化
as012101,平钓【磷虾|29715】》~5！！三重=大尺寸；//预设分级：最优化
as012201,平钓【刺螠|29716】》4~6！！三重=大尺寸；//预设分级：最优化
as012301,平钓【磷虾|29715】》3~！！三重=大尺寸；//预设分级：最优化
as022101,平钓【石沙蚕|29714】》~4.5！三重=大尺寸；//预设分级：最优化
as022201,平钓【石沙蚕|29714】》4.5~！三重=大尺寸；//预设分级：最优化
as022401,平钓【石沙蚕|29714】》4.6~！三重=大尺寸；//预设分级：最优化
as022102,平钓【磷虾|29715】》6~7.5！三重=大尺寸；//预设分级：最优化
as022202,平钓【石沙蚕|29714】》~3！三重=大尺寸；//预设分级：最优化
as022402,平钓【石沙蚕|29714】》3~4.5！三重=大尺寸；//预设分级：最优化
as032101,平钓【磷虾|29715】》6~7.5！三重=大尺寸；//预设分级：最优化
as032201,平钓【石沙蚕|29714】》~3！三重=大尺寸；//预设分级：最优化
as032301,平钓【石沙蚕|29714】》3~4.4！三重=大尺寸；//预设分级：最优化
as042101,平钓【石沙蚕|29714】》~4.5！三重=大尺寸；//预设分级：最优化
as042201,平钓【石沙蚕|29714】》4.5~7.5！三重=大尺寸；//预设分级：最优化
as042401,平钓【石沙蚕|29714】》4.6~！三重=大尺寸；//预设分级：最优化
as052101,平钓【磷虾|29715】》~5！！三重=大尺寸；//预设分级：最优化
as052201,平钓【刺螠|29716】》4~6！！三重=大尺寸；//预设分级：最优化
as052301,平钓【磷虾|29715】》3~！！三重=大尺寸；//预设分级：最优化
成就幻后,1//预设分级：最优化
aasn011201,平钓【石沙蚕|29714】》~4.5！三重=不撒饵、大尺寸；//预设分级：最优化
aasn021501,平钓【磷虾|29715】》~12.1！！=不撒饵、引诱；//预设分级：最优化
aasn021301,平钓【磷虾|29715】》~17.6！！@专一【蜘蛛蟹|29741】三重=引诱、不撒饵；//预设分级：最优化
aasn021601,平钓【石沙蚕|29714】》14~！三重@拍水4.5~7.6！【占位】@专一【染血抛光蟹|32079】三重=不撒饵；//预设分级：最优化
aasn031501,平钓【石沙蚕|29714】》~9！三重@拍水9~10.6！【占位】=不撒饵；//预设分级：最优化
aasn031502,平钓【刺螠|29716】》12~！！=不撒饵、引诱；//预设分级：最优化
aasn031401,平钓【石沙蚕|29714】》11~15.5！三重=不撒饵；//预设分级：最优化
aasn031701,平钓【石沙蚕|29714】》12~！三重@拍水~6！【占位】@专一【蜂巢鱼|32098】三重=不撒饵；//预设分级：最优化
aasn051101,平钓【刺螠|29716】》！！！三重=引诱、不撒饵；//预设分级：最优化
aasn051401,平钓【刺螠|29716】》！！！三重@专一【铬铁锤头鲨|29735】三重=引诱、不撒饵；//预设分级：最优化
aasn081201,平钓【石沙蚕|29714】》9~16！三重=不撒饵；//预设分级：最优化
aasn101501,平钓【刺螠|29716】》12.1~！！三重=不撒饵；//预设分级：最优化
aasn111501,平钓【石沙蚕|29714】》~9！三重@拍水9~10.6！【占位】=不撒饵；//预设分级：最优化
aasn111401,平钓【石沙蚕|29714】》11~15.5！三重=不撒饵；//预设分级：最优化
aasn111701,平钓【石沙蚕|29714】》12~！三重@拍水~6！【占位】@专一【蜂巢鱼|32098】三重=不撒饵；//预设分级：最优化
aasn121101,平钓【磷虾|29715】》19.5~！！三重@拍水17~19.5！！【占位】=引诱、不撒饵；//预设分级：最优化
aasn012101,平钓【磷虾|29715】》9~18！！三重=大尺寸、不撒饵；//预设分级：最优化
aasn012201,平钓【刺螠|29716】》13~！！三重=不撒饵；//预设分级：最优化
aasn012301,平钓【磷虾|29715】》10~17.5！！三重=大尺寸、不撒饵；//预设分级：最优化
aasn022101,平钓【石沙蚕|29714】》4.5~7！三重=大尺寸、不撒饵；//预设分级：最优化
aasn022201,平钓【石沙蚕|29714】》15~！三重=引诱、大尺寸、不撒饵；//预设分级：最优化
aasn022102,平钓【磷虾|29715】》8.5~14.5！三重=大尺寸、不撒饵；//预设分级：最优化
aasn022202,平钓【石沙蚕|29714】》5.5~9！三重=大尺寸、不撒饵；//预设分级：最优化
aasn022402,平钓【石沙蚕|29714】》14.5~23.5！三重=引诱、大尺寸、不撒饵；//预设分级：最优化
aasn032101,平钓【磷虾|29715】》8.5~14.5！三重=大尺寸、不撒饵；//预设分级：最优化
aasn032201,平钓【石沙蚕|29714】》5.5~9！三重=大尺寸、不撒饵；//预设分级：最优化
aasn032301,平钓【石沙蚕|29714】》10~17.5！三重=大尺寸、不撒饵；//预设分级：最优化
aasn042101,平钓【石沙蚕|29714】》4.5~7！三重=大尺寸、不撒饵；//预设分级：最优化
aasn042201,平钓【石沙蚕|29714】》15~！三重=引诱、大尺寸、不撒饵；//预设分级：最优化
aasn052101,平钓【磷虾|29715】》9~18！！三重=大尺寸、不撒饵；//预设分级：最优化
aasn052201,平钓【刺螠|29716】》13~！！三重=不撒饵；//预设分级：最优化
aasn052301,平钓【磷虾|29715】》10~17.5！！三重=大尺寸、不撒饵；//预设分级：最优化
蓝鱼幻海,23//预设分级：非预设
ls0216,平钓【潮虫|2587】》~3！！双重@专一【幸福愿景|32089】双重=2【幸福愿景|32089】；@阶段=》平钓》~3！！《=@鱼识=》平钓》6~！！！精准@拍水！！【锯齿蛤蜊|32088、幸福愿景|32089】=引诱；//横路不通/海洋蟾蜍//预设分级：最优化
ls0411,平钓【磷虾|29715】》~2.9！双重@拍水3~4.6！【海神印|29752】=2【天堂之钥|29749】；@阶段=》平钓》3~4.6！@拍水~2.9！【天堂之钥|29749】《=@鱼识=》平钓【火萤|2603】》5~！！+！！！@拍水【巨食鮟鱇|29754、海神印|29752、天堂之钥|29749】=引诱；//索蒂斯/依拉丝莫龙//预设分级：最优化
ls0413,平钓【刺螠|29716】》~8！！！双重@专一【守领鳍龙|29781】双重=2【守领鳍龙|29781】；@阶段=》平钓【刺螠|29716】》~8！！！《=@鱼识=》平钓【重铁板钩|2619】》8.5~！！！@拍水~8.5！！！【守领鳍龙|29781】=引诱；//索蒂斯/依拉丝莫龙//预设分级：最优化
ls0512,大鱼【石沙蚕|29714】》~4.5！@拍水【寄生幸存者|29779】》~3.5！！双重=多提；@鱼识=》平钓【小虾肉笼|2613】》！！！@拍水~3.5！！【海难船帆|29759】=引诱；//捕鲨人/冲分/珊瑚蝠鲼//预设分级：最优化
ls0615,平钓【刺螠|29716】》~3.5！！！双重@拍水3~4.5！！【雾须酒杯|32067】@专一【喷射蝠鲼|32070】=2【喷射蝠鲼|32070】；@阶段=》平钓【乌贼丝|27590】》3~4.5！！@拍水~3.5！！！【喷射蝠鲼|32070】《=@鱼识=》平钓【乌贼丝|27590】》8.5~！！！@拍水~3.5！！！【雾须酒杯|32067、喷射蝠鲼|32070】=引诱；//哈弗古法/依拉丝莫龙//预设分级：最优化
ls0613,平钓【刺螠|29716】》~8！！！双重@专一【守领鳍龙|29781】双重=2【守领鳍龙|29781】；@阶段=》平钓【刺螠|29716】》~8！！！《=@鱼识=》平钓【重铁板钩|2619】》8.5~！！！@拍水~8.5！！！【守领鳍龙|29781】=引诱；//哈弗古法/依拉丝莫龙//预设分级：最优化
ls0715,平钓【刺螠|29716】》~3.5！！！双重@拍水3~4.5！！【雾须酒杯|32067】@专一【喷射蝠鲼|32070】=2【喷射蝠鲼|32070】；@阶段=》平钓【乌贼丝|27590】》3~4.5！！@拍水~3.5！！！【喷射蝠鲼|32070】《=@鱼识=》平钓【乌贼丝|27590】》8.5~！！！@拍水~3.5！！！【雾须酒杯|32067、喷射蝠鲼|32070】=引诱；//哈弗古法/盾齿龙//预设分级：最优化
ls0717,大鱼【石沙蚕|29714】》~5！@拍水！【金鞋底|32112】@专一【罗斯利特贝|32107】《【罗斯利特贝|32107】=2【罗斯利特贝|32107】；引诱；@阶段=》大鱼》~5！@拍水！【金鞋底|32112】》~6！=引诱；《=@鱼识=》大鱼【石沙蚕|29714】》！@拍水【金鞋底|32112】》！+！！！=引诱；//哈弗古法/盾齿龙//预设分级：最优化
ls0812,大鱼【石沙蚕|29714】》~4.5！@拍水【寄生幸存者|29779】》~3.5！！双重=多提；@鱼识=》平钓【小虾肉笼|2613】》！！！@拍水~3.5！！【海难船帆|29759】=引诱；//捕鲨人/冲分/珊瑚蝠鲼//预设分级：最优化
ls0911,平钓【磷虾|29715】》~2.9！双重@拍水3~4.6！【海神印|29752】=2【天堂之钥|29749】；@阶段=》平钓》3~4.6！@拍水~2.9！【天堂之钥|29749】《=@鱼识=》平钓【火萤|2603】》5~！！+！！！@拍水【巨食鮟鱇|29754、海神印|29752、天堂之钥|29749】=引诱；//索蒂斯/石骨鱼//预设分级：最优化
ls0914,平钓【石沙蚕|29714】》3~5！@拍水5~9！！【深海鳗|29769】=1【沉寂者|29768】；@阶段=》平钓【沟鼠尾巴|2591】》5~9！！《=@鱼识=》平钓【沟鼠尾巴|2591】》9.5~！！！@拍水【沉寂者|29768、深海鳗|29769】=引诱；//索蒂斯/石骨鱼//预设分级：最优化
ls1114,平钓【石沙蚕|29714】》3~5！@拍水5~9！！【深海鳗|29769】=1【沉寂者|29768】；@阶段=》平钓【沟鼠尾巴|2591】》5~9！！《=@鱼识=》平钓【沟鼠尾巴|2591】》9.5~！！！@拍水【沉寂者|29768、深海鳗|29769】=引诱；//气鲀四海/石骨鱼//预设分级：最优化
ls0122,大鱼【刺螠|29716】》~5！！！双重@拍水~3.1！！《【小判鯙|40551】=1【捷疾鬼|40558】；@阶段=》大鱼》~5！！！@拍水~3.1！！《【小判鯙|40551】《=@鱼识=》大鱼【磷虾|29715】》~4！！@拍水~5！！！【占位】》！！+！！！=套娃；//琉璃龙//预设分级：最优化
ls0323,平钓【刺螠|29716】》4.5~！！@拍水3~4.5！！双重【芭蕉乌贼|40571】=1【巨型真鱿|40579】；@阶段=》平钓【磷虾|29715】》3~4.5！！双重@专一【芭蕉乌贼|40571】《=@鱼识=》平钓【乌贼丝|27590】》！！！@拍水【芭蕉乌贼|40571、巨型真鱿|40579】=引诱；//狱之蟹//预设分级：最优化
ls0421,平钓【刺螠|29716】》！！！三提@专一【潜底腔棘鱼|40534】双重=2【潜底腔棘鱼|40534】；@阶段=》平钓》！！！@专一【潜底腔棘鱼|40534】《=@鱼识=》平钓【青花鱼块|36593】》7~！！！@拍水！！！【潜底腔棘鱼|40534】=引诱；//塔尼瓦//预设分级：最优化
ls0521,平钓【刺螠|29716】》！！！三提@专一【潜底腔棘鱼|40534】双重=2【潜底腔棘鱼|40534】；@阶段=》平钓》！！！@专一【潜底腔棘鱼|40534】《=@鱼识=》平钓【青花鱼块|36593】》7~！！！@拍水！！！【潜底腔棘鱼|40534】=引诱；//塔尼瓦//预设分级：最优化
ls0622,大鱼【刺螠|29716】》~5！！！双重@拍水~3.1！！《【小判鯙|40551】=1【捷疾鬼|40558】；@阶段=》大鱼》~5！！！@拍水~3.1！！《【小判鯙|40551】《=@鱼识=》大鱼【磷虾|29715】》~4！！@拍水~5！！！【占位】》！！+！！！=套娃；//琉璃龙//预设分级：最优化
ls0624,平钓【石蝇幼虫|12704】》~3.1！双重@拍水3~4.5！【玄水虾|40591】@专一【无二虾虎|40595】=2【无二虾虎|40595】；@阶段=》平钓》3~4.5！《=@鱼识=》平钓》！！！@拍水！【玄水虾|40591、无二虾虎|40595】=引诱；//梅泉宝龟//预设分级：最优化
海钓通用,1//预设分级：非预设
不触幻,平钓【石沙蚕|29714】》！+！！》全部//预设分级：最优化